Request ID,Style,Brand,Sample Line,Sample Type,Priority,Quantity,Requested Date,Required Date,Completed Date,Request Status,Rework,Assigned Merchandiser
SR-24-00001,ST-4502,Velora,Line 5,Fit,Normal,6,2024-10-01,2024-10-08,2024-10-04,Completed,No,Dulani Jayasuriya
SR-24-00002,ST-4507,Aurelle,Line 3,Proto,Normal,1,2024-10-01,2024-10-05,2024-10-07,Completed,No,Sachini Silva
SR-24-00003,ST-4499,Lunaria,Line 1,Pre-Production,Normal,18,2024-10-01,2024-10-09,2024-10-09,Completed,Yes,Dulani Jayasuriya
SR-24-00004,ST-4462,Kindred,Line 4,Salesman Sample (SMS),Normal,36,2024-10-01,2024-10-12,2024-10-08,Completed,No,Hiruni Gunasekara
SR-24-00005,ST-4494,Velora,Line 1,Proto,High,1,2024-10-02,2024-10-07,2024-10-04,Completed,No,Dulani Jayasuriya
SR-24-00006,ST-4404,Lunaria,Line 3,Fit,Normal,2,2024-10-02,2024-10-09,2024-10-06,Completed,No,Nethmi Perera
SR-24-00007,ST-4469,Northline,Line 2,Proto,Normal,2,2024-10-03,2024-10-09,2024-10-05,Completed,No,Ashen Rathnayake
SR-24-00008,ST-4421,Kindred,Line 2,Proto,Normal,1,2024-10-03,2024-10-09,2024-10-07,Completed,No,Dulani Jayasuriya
SR-24-00009,ST-4500,Kindred,Line 4,Proto,High,2,2024-10-04,2024-10-10,2024-10-09,Completed,No,Ashen Rathnayake
SR-24-00010,ST-4468,Lunaria,Line 4,Size Set,Urgent,7,2024-10-04,2024-10-11,2024-10-07,Completed,No,Dulani Jayasuriya
SR-24-00011,ST-4513,Aurelle,Line 1,Fit,High,3,2024-10-04,2024-10-11,2024-10-05,Completed,No,Ashen Rathnayake
SR-24-00012,ST-4426,Kindred,Line 6,Proto,High,2,2024-10-04,2024-10-09,2024-10-07,Completed,No,Nethmi Perera
SR-24-00013,ST-4431,Kindred,Line 3,Proto,Normal,1,2024-10-04,2024-10-08,2024-10-07,Completed,No,Sachini Silva
SR-24-00014,ST-4491,Kindred,Line 5,Size Set,Normal,20,2024-10-04,2024-10-12,2024-10-10,Completed,No,Ashen Rathnayake
SR-24-00015,ST-4409,Northline,Line 2,Salesman Sample (SMS),High,54,2024-10-04,2024-10-15,2024-10-11,Completed,No,Kavindu Fernando
SR-24-00016,ST-4464,Aurelle,Line 5,Salesman Sample (SMS),Urgent,40,2024-10-07,2024-10-15,2024-10-13,Completed,No,Dulani Jayasuriya
SR-24-00017,ST-4414,Aurelle,Line 4,Fit,High,2,2024-10-07,2024-10-12,2024-10-12,Completed,No,Nethmi Perera
SR-24-00018,ST-4424,Kindred,Line 6,Size Set,Normal,6,2024-10-08,2024-10-16,2024-10-13,Completed,No,Ashen Rathnayake
SR-24-00019,ST-4471,Northline,Line 1,Fit,Normal,6,2024-10-08,2024-10-15,2024-10-12,Completed,No,Hiruni Gunasekara
SR-24-00020,ST-4516,Velora,Line 6,Salesman Sample (SMS),Normal,29,2024-10-09,2024-10-18,2024-10-17,Completed,No,Nethmi Perera
SR-24-00021,ST-4426,Kindred,Line 4,Fit,High,6,2024-10-09,2024-10-15,2024-10-14,Completed,No,Dulani Jayasuriya
SR-24-00022,ST-4459,Lunaria,Line 2,Fit,Normal,5,2024-10-09,2024-10-14,2024-10-13,Completed,No,Ashen Rathnayake
SR-24-00023,ST-4429,Aurelle,Line 3,Proto,Normal,3,2024-10-10,2024-10-15,2024-10-13,Completed,No,Kavindu Fernando
SR-24-00024,ST-4474,Kindred,Line 3,Fit,High,3,2024-10-10,2024-10-16,2024-10-13,Completed,No,Kavindu Fernando
SR-24-00025,ST-4479,Aurelle,Line 2,Fit,Normal,3,2024-10-10,2024-10-17,2024-10-14,Completed,No,Sachini Silva
SR-24-00026,ST-4462,Kindred,Line 1,Fit,Normal,4,2024-10-10,2024-10-17,2024-10-12,Completed,No,Sachini Silva
SR-24-00027,ST-4404,Lunaria,Line 6,Size Set,Normal,7,2024-10-11,2024-10-19,2024-10-16,Completed,No,Sachini Silva
SR-24-00028,ST-4417,Lunaria,Line 3,Fit,Normal,2,2024-10-12,2024-10-17,2024-10-14,Completed,No,Sachini Silva
SR-24-00029,ST-4439,Aurelle,Line 2,Size Set,Normal,16,2024-10-12,2024-10-19,2024-10-18,Completed,No,Nethmi Perera
SR-24-00030,ST-4423,Aurelle,Line 1,Pre-Production,Normal,22,2024-10-14,2024-10-23,2024-10-23,Completed,No,Kavindu Fernando
SR-24-00031,ST-4516,Velora,Line 6,Proto,Normal,1,2024-10-14,2024-10-19,2024-10-18,Completed,No,Nethmi Perera
SR-24-00032,ST-4451,Aurelle,Line 6,Fit,Normal,6,2024-10-14,2024-10-19,2024-10-19,Completed,No,Kavindu Fernando
SR-24-00033,ST-4468,Lunaria,Line 6,Size Set,Normal,10,2024-10-14,2024-10-21,2024-10-22,Completed,No,Nethmi Perera
SR-24-00034,ST-4498,Velora,Line 2,Salesman Sample (SMS),Normal,55,2024-10-14,2024-10-23,2024-10-27,Completed,Yes,Nethmi Perera
SR-24-00035,ST-4414,Aurelle,Line 5,Proto,Normal,3,2024-10-15,2024-10-19,2024-10-17,Completed,No,Kavindu Fernando
SR-24-00036,ST-4483,Aurelle,Line 4,Size Set,Normal,17,2024-10-15,2024-10-22,2024-10-21,Completed,No,Kavindu Fernando
SR-24-00037,ST-4488,Lunaria,Line 2,Proto,Normal,1,2024-10-16,2024-10-21,2024-10-17,Completed,No,Nethmi Perera
SR-24-00038,ST-4497,Kindred,Line 4,Proto,Normal,1,2024-10-16,2024-10-20,2024-10-20,Completed,No,Hiruni Gunasekara
SR-24-00039,ST-4477,Velora,Line 6,Proto,High,1,2024-10-16,2024-10-20,2024-10-19,Completed,No,Sachini Silva
SR-24-00040,ST-4440,Northline,Line 4,Proto,Normal,2,2024-10-17,2024-10-21,2024-10-19,Completed,No,Hiruni Gunasekara
SR-24-00041,ST-4509,Kindred,Line 1,Size Set,Normal,14,2024-10-18,2024-10-27,2024-10-24,Completed,No,Nethmi Perera
SR-24-00042,ST-4468,Lunaria,Line 2,Proto,Normal,3,2024-10-18,2024-10-23,2024-10-20,Completed,No,Dulani Jayasuriya
SR-24-00043,ST-4448,Kindred,Line 5,Size Set,High,16,2024-10-18,2024-10-25,2024-10-24,Completed,No,Ashen Rathnayake
SR-24-00044,ST-4433,Aurelle,Line 5,Proto,Normal,3,2024-10-19,2024-10-24,2024-10-21,Completed,No,Dulani Jayasuriya
SR-24-00045,ST-4511,Velora,Line 1,Size Set,High,18,2024-10-19,2024-10-28,2024-10-25,Completed,No,Hiruni Gunasekara
SR-24-00046,ST-4467,Lunaria,Line 5,Fit,Normal,5,2024-10-19,2024-10-25,2024-10-24,Completed,No,Ashen Rathnayake
SR-24-00047,ST-4476,Northline,Line 4,Fit,High,2,2024-10-21,2024-10-26,2024-10-24,Completed,No,Dulani Jayasuriya
SR-24-00048,ST-4413,Lunaria,Line 5,Proto,Normal,2,2024-10-21,2024-10-27,2024-10-24,Completed,No,Ashen Rathnayake
SR-24-00049,ST-4463,Velora,Line 2,Size Set,Urgent,7,2024-10-21,2024-10-27,2024-10-26,Completed,No,Kavindu Fernando
SR-24-00050,ST-4447,Lunaria,Line 4,Salesman Sample (SMS),Normal,35,2024-10-21,2024-10-31,2024-10-30,Completed,No,Sachini Silva
SR-24-00051,ST-4501,Aurelle,Line 6,Size Set,Normal,17,2024-10-22,2024-10-30,2024-10-28,Completed,No,Kavindu Fernando
SR-24-00052,ST-4427,Aurelle,Line 1,Pre-Production,Normal,22,2024-10-22,2024-11-01,2024-10-28,Completed,No,Dulani Jayasuriya
SR-24-00053,ST-4507,Aurelle,Line 3,Pre-Production,High,19,2024-10-22,2024-10-31,2024-10-27,Completed,No,Ashen Rathnayake
SR-24-00054,ST-4510,Lunaria,Line 2,Fit,Normal,5,2024-10-23,2024-10-30,2024-10-26,Completed,No,Dulani Jayasuriya
SR-24-00055,ST-4503,Aurelle,Line 3,Size Set,Normal,9,2024-10-23,2024-11-01,2024-10-29,Completed,No,Ashen Rathnayake
SR-24-00056,ST-4453,Lunaria,Line 1,Fit,Normal,5,2024-10-23,2024-10-30,2024-10-25,Completed,No,Sachini Silva
SR-24-00057,ST-4417,Lunaria,Line 5,Fit,Normal,6,2024-10-24,2024-10-30,2024-10-29,Completed,No,Nethmi Perera
SR-24-00058,ST-4504,Aurelle,Line 4,Pre-Production,Normal,15,2024-10-25,2024-11-03,2024-11-02,Completed,No,Sachini Silva
SR-24-00059,ST-4426,Kindred,Line 1,Size Set,High,17,2024-10-25,2024-11-03,2024-10-31,Completed,No,Kavindu Fernando
SR-24-00060,ST-4454,Aurelle,Line 5,Size Set,High,11,2024-10-25,2024-11-03,2024-10-30,Completed,No,Hiruni Gunasekara
SR-24-00061,ST-4415,Aurelle,Line 3,Proto,Normal,2,2024-10-26,2024-10-30,2024-10-29,Completed,No,Sachini Silva
SR-24-00062,ST-4423,Aurelle,Line 5,Pre-Production,Normal,24,2024-10-26,2024-11-05,2024-11-03,Completed,No,Dulani Jayasuriya
SR-24-00063,ST-4452,Aurelle,Line 2,Pre-Production,Normal,15,2024-10-26,2024-11-05,2024-10-31,Completed,No,Nethmi Perera
SR-24-00064,ST-4454,Aurelle,Line 1,Size Set,Normal,15,2024-10-26,2024-11-02,2024-10-31,Completed,No,Nethmi Perera
SR-24-00065,ST-4510,Lunaria,Line 2,Fit,Normal,2,2024-10-26,2024-10-31,2024-10-28,Completed,No,Sachini Silva
SR-24-00066,ST-4415,Aurelle,Line 5,Size Set,Normal,16,2024-10-28,2024-11-06,2024-11-03,Completed,No,Nethmi Perera
SR-24-00067,ST-4432,Kindred,Line 5,Salesman Sample (SMS),High,22,2024-10-28,2024-11-07,2024-11-05,Completed,No,Nethmi Perera
SR-24-00068,ST-4436,Aurelle,Line 3,Proto,Normal,1,2024-10-28,2024-11-03,2024-11-01,Completed,No,Ashen Rathnayake
SR-24-00069,ST-4408,Velora,Line 5,Salesman Sample (SMS),Normal,20,2024-10-28,2024-11-07,2024-11-03,Completed,No,Ashen Rathnayake
SR-24-00070,ST-4414,Aurelle,Line 3,Proto,Normal,2,2024-10-28,2024-11-01,2024-10-30,Completed,No,Sachini Silva
SR-24-00071,ST-4493,Kindred,Line 6,Pre-Production,Normal,25,2024-10-29,2024-11-06,2024-11-07,Completed,No,Sachini Silva
SR-24-00072,ST-4411,Aurelle,Line 4,Proto,Normal,1,2024-10-29,2024-11-02,2024-11-03,Completed,No,Ashen Rathnayake
SR-24-00073,ST-4467,Lunaria,Line 6,Size Set,Normal,6,2024-10-30,2024-11-06,2024-11-11,Completed,Yes,Dulani Jayasuriya
SR-24-00074,ST-4474,Kindred,Line 6,Fit,Normal,2,2024-10-30,2024-11-06,2024-11-04,Completed,No,Hiruni Gunasekara
SR-24-00075,ST-4487,Northline,Line 1,Pre-Production,Normal,21,2024-10-30,2024-11-07,2024-11-06,Completed,Yes,Kavindu Fernando
SR-24-00076,ST-4483,Aurelle,Line 5,Size Set,Normal,14,2024-10-30,2024-11-07,2024-11-06,Completed,No,Hiruni Gunasekara
SR-24-00077,ST-4464,Aurelle,Line 5,Pre-Production,Urgent,23,2024-10-30,2024-11-08,2024-11-06,Completed,No,Nethmi Perera
SR-24-00078,ST-4400,Velora,Line 2,Proto,Normal,3,2024-10-30,2024-11-03,2024-11-03,Completed,No,Ashen Rathnayake
SR-24-00079,ST-4517,Aurelle,Line 4,Proto,High,2,2024-10-31,2024-11-04,2024-11-03,Completed,No,Nethmi Perera
SR-24-00080,ST-4439,Aurelle,Line 4,Fit,High,5,2024-10-31,2024-11-07,2024-11-06,Completed,No,Ashen Rathnayake
SR-24-00081,ST-4517,Aurelle,Line 5,Proto,Normal,2,2024-10-31,2024-11-05,2024-11-02,Completed,No,Nethmi Perera
SR-24-00082,ST-4462,Kindred,Line 4,Proto,Normal,1,2024-11-01,2024-11-05,2024-11-05,Completed,No,Kavindu Fernando
SR-24-00083,ST-4486,Velora,Line 2,Pre-Production,Normal,29,2024-11-01,2024-11-11,2024-11-06,Completed,No,Hiruni Gunasekara
SR-24-00084,ST-4466,Lunaria,Line 2,Fit,High,4,2024-11-01,2024-11-08,2024-11-05,Completed,No,Dulani Jayasuriya
SR-24-00085,ST-4449,Lunaria,Line 2,Fit,Normal,6,2024-11-02,2024-11-07,2024-11-03,Completed,No,Sachini Silva
SR-24-00086,ST-4467,Lunaria,Line 1,Proto,Normal,3,2024-11-02,2024-11-06,2024-11-03,Completed,No,Kavindu Fernando
SR-24-00087,ST-4407,Velora,Line 2,Proto,High,3,2024-11-02,2024-11-07,2024-11-04,Completed,No,Sachini Silva
SR-24-00088,ST-4471,Northline,Line 5,Size Set,High,12,2024-11-02,2024-11-11,2024-11-07,Completed,No,Dulani Jayasuriya
SR-24-00089,ST-4417,Lunaria,Line 2,Proto,Normal,1,2024-11-02,2024-11-07,2024-11-05,Completed,No,Nethmi Perera
SR-24-00090,ST-4422,Velora,Line 1,Size Set,Normal,12,2024-11-04,2024-11-12,2024-11-08,Completed,No,Kavindu Fernando
SR-24-00091,ST-4474,Kindred,Line 5,Size Set,Normal,13,2024-11-04,2024-11-11,2024-11-12,Completed,No,Hiruni Gunasekara
SR-24-00092,ST-4459,Lunaria,Line 1,Fit,Urgent,6,2024-11-04,2024-11-08,2024-11-05,Completed,No,Hiruni Gunasekara
SR-24-00093,ST-4410,Aurelle,Line 5,Proto,Normal,1,2024-11-04,2024-11-08,2024-11-09,Completed,No,Nethmi Perera
SR-24-00094,ST-4512,Aurelle,Line 4,Pre-Production,Normal,14,2024-11-04,2024-11-13,2024-11-12,Completed,No,Ashen Rathnayake
SR-24-00095,ST-4504,Aurelle,Line 1,Proto,Normal,1,2024-11-05,2024-11-09,2024-11-07,Completed,No,Nethmi Perera
SR-24-00096,ST-4496,Velora,Line 2,Size Set,Normal,14,2024-11-05,2024-11-14,2024-11-12,Completed,No,Sachini Silva
SR-24-00097,ST-4408,Velora,Line 6,Fit,Normal,3,2024-11-05,2024-11-10,2024-11-12,Completed,No,Kavindu Fernando
SR-24-00098,ST-4462,Kindred,Line 5,Pre-Production,Normal,17,2024-11-05,2024-11-13,2024-11-14,Completed,No,Nethmi Perera
SR-24-00099,ST-4423,Aurelle,Line 1,Fit,Normal,5,2024-11-06,2024-11-13,2024-11-10,Completed,No,Sachini Silva
SR-24-00100,ST-4447,Lunaria,Line 4,Proto,Normal,1,2024-11-06,2024-11-10,2024-11-10,Completed,No,Kavindu Fernando
SR-24-00101,ST-4467,Lunaria,Line 4,Fit,Normal,5,2024-11-07,2024-11-12,2024-11-13,Completed,No,Sachini Silva
SR-24-00102,ST-4470,Aurelle,Line 1,Size Set,Normal,11,2024-11-07,2024-11-14,2024-11-11,Completed,No,Nethmi Perera
SR-24-00103,ST-4444,Lunaria,Line 3,Pre-Production,Normal,27,2024-11-07,2024-11-17,2024-11-14,Completed,No,Ashen Rathnayake
SR-24-00104,ST-4450,Lunaria,Line 4,Proto,Normal,1,2024-11-07,2024-11-13,2024-11-11,Completed,No,Hiruni Gunasekara
SR-24-00105,ST-4457,Kindred,Line 6,Size Set,Normal,16,2024-11-08,2024-11-16,2024-11-14,Completed,No,Dulani Jayasuriya
SR-24-00106,ST-4452,Aurelle,Line 6,Fit,Normal,5,2024-11-09,2024-11-14,2024-11-17,Completed,Yes,Hiruni Gunasekara
SR-24-00107,ST-4511,Velora,Line 5,Proto,Normal,2,2024-11-09,2024-11-13,2024-11-12,Completed,No,Hiruni Gunasekara
SR-24-00108,ST-4452,Aurelle,Line 4,Pre-Production,High,27,2024-11-09,2024-11-19,2024-11-16,Completed,No,Hiruni Gunasekara
SR-24-00109,ST-4460,Velora,Line 5,Proto,Normal,1,2024-11-11,2024-11-16,2024-11-17,Completed,Yes,Dulani Jayasuriya
SR-24-00110,ST-4427,Aurelle,Line 1,Size Set,Normal,13,2024-11-11,2024-11-20,2024-11-18,Completed,No,Kavindu Fernando
SR-24-00111,ST-4432,Kindred,Line 4,Fit,Normal,4,2024-11-11,2024-11-17,2024-11-14,Completed,No,Ashen Rathnayake
SR-24-00112,ST-4510,Lunaria,Line 5,Salesman Sample (SMS),Normal,50,2024-11-11,2024-11-21,2024-11-16,Completed,No,Nethmi Perera
SR-24-00113,ST-4418,Velora,Line 4,Fit,Normal,2,2024-11-11,2024-11-17,2024-11-12,Completed,No,Ashen Rathnayake
SR-24-00114,ST-4422,Velora,Line 6,Proto,High,3,2024-11-11,2024-11-16,2024-11-14,Completed,No,Ashen Rathnayake
SR-24-00115,ST-4431,Kindred,Line 2,Salesman Sample (SMS),Normal,26,2024-11-12,2024-11-23,2024-11-22,Completed,Yes,Hiruni Gunasekara
SR-24-00116,ST-4476,Northline,Line 5,Pre-Production,Urgent,10,2024-11-12,2024-11-19,2024-11-19,Completed,No,Kavindu Fernando
SR-24-00117,ST-4494,Velora,Line 3,Proto,High,2,2024-11-12,2024-11-16,2024-11-14,Completed,No,Sachini Silva
SR-24-00118,ST-4457,Kindred,Line 2,Pre-Production,Normal,19,2024-11-12,2024-11-21,2024-11-19,Completed,No,Kavindu Fernando
SR-24-00119,ST-4466,Lunaria,Line 5,Fit,Urgent,3,2024-11-12,2024-11-18,2024-11-16,Completed,No,Kavindu Fernando
SR-24-00120,ST-4440,Northline,Line 5,Salesman Sample (SMS),Normal,48,2024-11-12,2024-11-22,2024-11-22,Completed,No,Dulani Jayasuriya
SR-24-00121,ST-4459,Lunaria,Line 6,Size Set,High,14,2024-11-12,2024-11-19,2024-11-16,Completed,No,Ashen Rathnayake
SR-24-00122,ST-4427,Aurelle,Line 5,Salesman Sample (SMS),Normal,55,2024-11-12,2024-11-22,2024-11-20,Completed,No,Kavindu Fernando
SR-24-00123,ST-4400,Velora,Line 6,Size Set,Normal,15,2024-11-13,2024-11-22,2024-11-23,Completed,No,Ashen Rathnayake
SR-24-00124,ST-4455,Velora,Line 2,Pre-Production,High,30,2024-11-13,2024-11-21,2024-11-21,Completed,No,Hiruni Gunasekara
SR-24-00125,ST-4490,Northline,Line 6,Size Set,Normal,15,2024-11-13,2024-11-20,2024-11-20,Completed,No,Hiruni Gunasekara
SR-24-00126,ST-4501,Aurelle,Line 1,Fit,Normal,4,2024-11-13,2024-11-20,2024-11-17,Completed,No,Kavindu Fernando
SR-24-00127,ST-4500,Kindred,Line 3,Fit,Normal,5,2024-11-13,2024-11-18,2024-11-14,Completed,No,Ashen Rathnayake
SR-24-00128,ST-4435,Aurelle,Line 5,Proto,Normal,1,2024-11-14,2024-11-20,2024-11-16,Completed,No,Ashen Rathnayake
SR-24-00129,ST-4465,Aurelle,Line 3,Pre-Production,Normal,30,2024-11-14,2024-11-22,2024-11-19,Completed,No,Hiruni Gunasekara
SR-24-00130,ST-4419,Kindred,Line 1,Salesman Sample (SMS),High,42,2024-11-15,2024-11-25,2024-11-20,Completed,No,Sachini Silva
SR-24-00131,ST-4435,Aurelle,Line 6,Salesman Sample (SMS),Urgent,41,2024-11-15,2024-11-24,2024-11-20,Completed,No,Ashen Rathnayake
SR-24-00132,ST-4472,Northline,Line 4,Pre-Production,Normal,30,2024-11-15,2024-11-23,2024-11-24,Completed,No,Nethmi Perera
SR-24-00133,ST-4457,Kindred,Line 2,Salesman Sample (SMS),High,56,2024-11-15,2024-11-24,2024-11-22,Completed,No,Kavindu Fernando
SR-24-00134,ST-4433,Aurelle,Line 2,Fit,High,3,2024-11-16,2024-11-22,2024-11-20,Completed,No,Nethmi Perera
SR-24-00135,ST-4491,Kindred,Line 4,Salesman Sample (SMS),High,60,2024-11-16,2024-11-26,2024-11-25,Completed,No,Kavindu Fernando
SR-24-00136,ST-4413,Lunaria,Line 3,Salesman Sample (SMS),Normal,52,2024-11-18,2024-11-28,2024-11-24,Completed,No,Kavindu Fernando
SR-24-00137,ST-4410,Aurelle,Line 3,Proto,High,1,2024-11-18,2024-11-24,2024-11-20,Completed,No,Kavindu Fernando
SR-24-00138,ST-4481,Aurelle,Line 2,Proto,Normal,2,2024-11-18,2024-11-24,2024-11-21,Completed,Yes,Nethmi Perera
SR-24-00139,ST-4429,Aurelle,Line 2,Proto,Normal,2,2024-11-19,2024-11-24,2024-11-20,Completed,No,Nethmi Perera
SR-24-00140,ST-4506,Aurelle,Line 4,Size Set,Normal,10,2024-11-19,2024-11-28,2024-11-25,Completed,No,Hiruni Gunasekara
SR-24-00141,ST-4460,Velora,Line 4,Fit,Normal,6,2024-11-19,2024-11-24,2024-11-23,Completed,No,Ashen Rathnayake
SR-24-00142,ST-4506,Aurelle,Line 6,Size Set,Normal,13,2024-11-20,2024-11-28,2024-11-29,Completed,No,Dulani Jayasuriya
SR-24-00143,ST-4492,Aurelle,Line 3,Size Set,Normal,18,2024-11-20,2024-11-28,2024-11-23,Completed,No,Dulani Jayasuriya
SR-24-00144,ST-4464,Aurelle,Line 5,Fit,High,5,2024-11-20,2024-11-25,2024-11-27,Completed,Yes,Sachini Silva
SR-24-00145,ST-4442,Velora,Line 2,Fit,High,6,2024-11-20,2024-11-25,2024-11-24,Completed,No,Sachini Silva
SR-24-00146,ST-4464,Aurelle,Line 2,Fit,Normal,2,2024-11-21,2024-11-27,2024-11-24,Completed,No,Sachini Silva
SR-24-00147,ST-4425,Velora,Line 3,Pre-Production,Normal,17,2024-11-22,2024-12-02,2024-11-27,Completed,No,Sachini Silva
SR-24-00148,ST-4440,Northline,Line 1,Fit,Normal,3,2024-11-22,2024-11-29,2024-11-24,Completed,No,Nethmi Perera
SR-24-00149,ST-4441,Northline,Line 5,Salesman Sample (SMS),Normal,55,2024-11-23,2024-12-04,2024-12-03,Completed,No,Nethmi Perera
SR-24-00150,ST-4407,Velora,Line 5,Proto,Normal,2,2024-11-25,2024-12-01,2024-11-30,Completed,No,Dulani Jayasuriya
SR-24-00151,ST-4441,Northline,Line 4,Pre-Production,Normal,23,2024-11-25,2024-12-04,2024-12-03,Completed,No,Nethmi Perera
SR-24-00152,ST-4494,Velora,Line 4,Salesman Sample (SMS),Normal,21,2024-11-25,2024-12-04,2024-12-04,Completed,Yes,Kavindu Fernando
SR-24-00153,ST-4489,Northline,Line 6,Fit,Normal,5,2024-11-26,2024-12-03,2024-11-30,Completed,No,Dulani Jayasuriya
SR-24-00154,ST-4439,Aurelle,Line 5,Size Set,High,20,2024-11-26,2024-12-04,2024-12-03,Completed,No,Hiruni Gunasekara
SR-24-00155,ST-4469,Northline,Line 5,Salesman Sample (SMS),High,49,2024-11-26,2024-12-06,2024-12-05,Completed,No,Dulani Jayasuriya
SR-24-00156,ST-4457,Kindred,Line 4,Size Set,High,17,2024-11-26,2024-12-04,2024-12-02,Completed,No,Ashen Rathnayake
SR-24-00157,ST-4502,Velora,Line 6,Fit,High,5,2024-11-26,2024-12-01,2024-11-30,Completed,No,Kavindu Fernando
SR-24-00158,ST-4468,Lunaria,Line 6,Size Set,Urgent,20,2024-11-26,2024-12-02,2024-12-02,Completed,No,Ashen Rathnayake
SR-24-00159,ST-4495,Aurelle,Line 3,Proto,Normal,3,2024-11-26,2024-11-30,2024-11-28,Completed,No,Nethmi Perera
SR-24-00160,ST-4486,Velora,Line 6,Fit,Normal,5,2024-11-27,2024-12-04,2024-12-01,Completed,No,Dulani Jayasuriya
SR-24-00161,ST-4490,Northline,Line 3,Salesman Sample (SMS),Normal,34,2024-11-27,2024-12-07,2024-12-05,Completed,No,Nethmi Perera
SR-24-00162,ST-4511,Velora,Line 1,Proto,Normal,3,2024-11-27,2024-12-03,2024-12-01,Completed,No,Nethmi Perera
SR-24-00163,ST-4451,Aurelle,Line 5,Fit,Normal,5,2024-11-28,2024-12-03,2024-12-02,Completed,No,Kavindu Fernando
SR-24-00164,ST-4515,Kindred,Line 4,Size Set,High,15,2024-11-28,2024-12-07,2024-12-07,Completed,No,Nethmi Perera
SR-24-00165,ST-4497,Kindred,Line 5,Pre-Production,Normal,27,2024-11-28,2024-12-07,2024-12-04,Completed,No,Kavindu Fernando
SR-24-00166,ST-4462,Kindred,Line 2,Pre-Production,Normal,10,2024-11-29,2024-12-09,2024-12-04,Completed,No,Sachini Silva
SR-24-00167,ST-4482,Aurelle,Line 2,Proto,Normal,2,2024-11-29,2024-12-03,2024-12-01,Completed,No,Kavindu Fernando
SR-24-00168,ST-4493,Kindred,Line 1,Fit,Normal,4,2024-11-29,2024-12-04,2024-12-01,Completed,No,Sachini Silva
SR-24-00169,ST-4432,Kindred,Line 1,Proto,Normal,2,2024-11-29,2024-12-05,2024-12-02,Completed,No,Hiruni Gunasekara
SR-24-00170,ST-4468,Lunaria,Line 6,Proto,Normal,3,2024-11-29,2024-12-04,2024-12-03,Completed,No,Kavindu Fernando
SR-24-00171,ST-4409,Northline,Line 2,Size Set,High,17,2024-11-29,2024-12-07,2024-12-04,Completed,No,Dulani Jayasuriya
SR-24-00172,ST-4403,Aurelle,Line 3,Salesman Sample (SMS),Normal,46,2024-11-29,2024-12-09,2024-12-04,Completed,No,Dulani Jayasuriya
SR-24-00173,ST-4473,Lunaria,Line 3,Size Set,Normal,13,2024-12-02,2024-12-10,2024-12-09,Completed,No,Ashen Rathnayake
SR-24-00174,ST-4482,Aurelle,Line 5,Proto,Normal,2,2024-12-02,2024-12-08,2024-12-06,Completed,No,Dulani Jayasuriya
SR-24-00175,ST-4408,Velora,Line 4,Pre-Production,Normal,25,2024-12-03,2024-12-12,2024-12-10,Completed,No,Nethmi Perera
SR-24-00176,ST-4433,Aurelle,Line 4,Fit,Normal,3,2024-12-05,2024-12-10,2024-12-09,Completed,No,Sachini Silva
SR-24-00177,ST-4445,Kindred,Line 5,Fit,High,6,2024-12-06,2024-12-12,2024-12-10,Completed,Yes,Ashen Rathnayake
SR-24-00178,ST-4400,Velora,Line 3,Pre-Production,Normal,21,2024-12-06,2024-12-14,2024-12-12,Completed,No,Ashen Rathnayake
SR-24-00179,ST-4456,Lunaria,Line 6,Fit,Normal,5,2024-12-07,2024-12-12,2024-12-14,Completed,No,Kavindu Fernando
SR-24-00180,ST-4424,Kindred,Line 1,Pre-Production,Normal,18,2024-12-07,2024-12-17,2024-12-15,Completed,No,Kavindu Fernando
SR-24-00181,ST-4485,Velora,Line 2,Fit,Normal,6,2024-12-07,2024-12-14,2024-12-08,Completed,No,Hiruni Gunasekara
SR-24-00182,ST-4450,Lunaria,Line 2,Proto,Normal,2,2024-12-10,2024-12-15,2024-12-13,Completed,No,Hiruni Gunasekara
SR-24-00183,ST-4474,Kindred,Line 1,Fit,Normal,5,2024-12-10,2024-12-16,2024-12-13,Completed,No,Ashen Rathnayake
SR-24-00184,ST-4491,Kindred,Line 5,Fit,Normal,5,2024-12-10,2024-12-16,2024-12-13,Completed,No,Dulani Jayasuriya
SR-24-00185,ST-4465,Aurelle,Line 1,Salesman Sample (SMS),Normal,42,2024-12-11,2024-12-21,2024-12-19,Completed,No,Kavindu Fernando
SR-24-00186,ST-4421,Kindred,Line 2,Fit,Normal,5,2024-12-12,2024-12-18,2024-12-15,Completed,No,Hiruni Gunasekara
SR-24-00187,ST-4504,Aurelle,Line 2,Fit,Normal,5,2024-12-14,2024-12-21,2024-12-19,Completed,No,Ashen Rathnayake
SR-24-00188,ST-4411,Aurelle,Line 1,Pre-Production,Normal,22,2024-12-16,2024-12-26,2024-12-25,Completed,Yes,Kavindu Fernando
SR-24-00189,ST-4408,Velora,Line 2,Fit,Normal,4,2024-12-16,2024-12-22,2024-12-20,Completed,No,Hiruni Gunasekara
SR-24-00190,ST-4422,Velora,Line 2,Proto,Normal,3,2024-12-16,2024-12-21,2024-12-18,Completed,No,Nethmi Perera
SR-24-00191,ST-4504,Aurelle,Line 6,Fit,Normal,6,2024-12-17,2024-12-23,2024-12-23,Completed,No,Nethmi Perera
SR-24-00192,ST-4408,Velora,Line 2,Size Set,Urgent,11,2024-12-18,2024-12-26,2024-12-24,Completed,No,Sachini Silva
SR-24-00193,ST-4463,Velora,Line 1,Size Set,Normal,11,2024-12-19,2024-12-28,2024-12-22,Completed,No,Dulani Jayasuriya
SR-24-00194,ST-4418,Velora,Line 1,Fit,Urgent,5,2024-12-19,2024-12-23,2024-12-21,Completed,No,Sachini Silva
SR-24-00195,ST-4469,Northline,Line 1,Proto,Normal,1,2024-12-20,2024-12-25,2024-12-21,Completed,No,Kavindu Fernando
SR-24-00196,ST-4410,Aurelle,Line 1,Fit,Normal,4,2024-12-20,2024-12-26,2024-12-21,Completed,No,Sachini Silva
SR-24-00197,ST-4416,Lunaria,Line 3,Pre-Production,Urgent,30,2024-12-21,2024-12-30,2024-12-27,Completed,No,Hiruni Gunasekara
SR-24-00198,ST-4438,Kindred,Line 2,Proto,Normal,1,2024-12-21,2024-12-25,2024-12-26,Completed,No,Sachini Silva
SR-24-00199,ST-4477,Velora,Line 5,Fit,High,3,2024-12-21,2024-12-27,2024-12-25,Completed,No,Nethmi Perera
SR-24-00200,ST-4459,Lunaria,Line 3,Proto,Normal,1,2024-12-21,2024-12-25,2024-12-24,Completed,No,Hiruni Gunasekara
SR-24-00201,ST-4466,Lunaria,Line 1,Size Set,Normal,9,2024-12-23,2024-12-31,2024-12-29,Completed,No,Sachini Silva
SR-24-00202,ST-4486,Velora,Line 6,Proto,Normal,1,2024-12-23,2024-12-27,2024-12-28,Completed,No,Hiruni Gunasekara
SR-24-00203,ST-4452,Aurelle,Line 4,Size Set,Normal,19,2024-12-23,2024-12-31,2024-12-29,Completed,No,Ashen Rathnayake
SR-24-00204,ST-4476,Northline,Line 5,Size Set,Normal,13,2024-12-23,2024-12-30,2024-12-30,Completed,No,Kavindu Fernando
SR-24-00205,ST-4405,Velora,Line 5,Fit,High,2,2024-12-24,2024-12-31,2024-12-27,Completed,No,Dulani Jayasuriya
SR-24-00206,ST-4431,Kindred,Line 3,Fit,Normal,2,2024-12-25,2024-12-30,2024-12-26,Completed,No,Ashen Rathnayake
SR-24-00207,ST-4421,Kindred,Line 4,Fit,High,6,2024-12-25,2024-12-30,2024-12-30,Completed,No,Nethmi Perera
SR-24-00208,ST-4447,Lunaria,Line 3,Salesman Sample (SMS),High,28,2024-12-26,2025-01-06,2025-01-02,Completed,No,Nethmi Perera
SR-24-00209,ST-4416,Lunaria,Line 5,Fit,Normal,6,2024-12-26,2025-01-02,2024-12-31,Completed,No,Kavindu Fernando
SR-24-00210,ST-4477,Velora,Line 6,Fit,Normal,4,2024-12-26,2024-12-31,2024-12-30,Completed,No,Dulani Jayasuriya
SR-24-00211,ST-4407,Velora,Line 1,Fit,Normal,3,2024-12-27,2025-01-02,2024-12-31,Completed,No,Kavindu Fernando
SR-24-00212,ST-4464,Aurelle,Line 2,Pre-Production,Normal,20,2024-12-27,2025-01-05,2025-01-03,Completed,No,Nethmi Perera
SR-24-00213,ST-4489,Northline,Line 5,Salesman Sample (SMS),Normal,28,2024-12-27,2025-01-05,2025-01-05,Completed,No,Nethmi Perera
SR-24-00214,ST-4474,Kindred,Line 4,Size Set,Normal,13,2024-12-27,2025-01-05,2025-01-02,Completed,No,Sachini Silva
SR-24-00215,ST-4437,Lunaria,Line 6,Proto,High,3,2024-12-28,2025-01-01,2025-01-01,Completed,No,Sachini Silva
SR-24-00216,ST-4438,Kindred,Line 6,Salesman Sample (SMS),Normal,55,2024-12-28,2025-01-08,2025-01-06,Completed,No,Dulani Jayasuriya
SR-24-00217,ST-4442,Velora,Line 6,Fit,Normal,6,2024-12-28,2025-01-04,2025-01-02,Completed,No,Kavindu Fernando
SR-24-00218,ST-4446,Velora,Line 4,Pre-Production,Normal,20,2024-12-28,2025-01-05,2025-01-05,Completed,No,Hiruni Gunasekara
SR-24-00219,ST-4476,Northline,Line 5,Size Set,Normal,7,2024-12-28,2025-01-04,2025-01-06,Completed,Yes,Dulani Jayasuriya
SR-24-00220,ST-4409,Northline,Line 6,Size Set,High,6,2024-12-30,2025-01-07,2025-01-08,Completed,Yes,Kavindu Fernando
SR-24-00221,ST-4461,Kindred,Line 3,Fit,Normal,5,2024-12-30,2025-01-04,2025-01-03,Completed,No,Hiruni Gunasekara
SR-24-00222,ST-4429,Aurelle,Line 2,Fit,Normal,6,2024-12-31,2025-01-06,2025-01-07,Completed,Yes,Nethmi Perera
SR-24-00223,ST-4408,Velora,Line 2,Fit,Normal,3,2024-12-31,2025-01-05,2025-01-04,Completed,No,Kavindu Fernando
SR-24-00224,ST-4419,Kindred,Line 4,Fit,Normal,4,2024-12-31,2025-01-07,2025-01-04,Completed,No,Hiruni Gunasekara
SR-24-00225,ST-4515,Kindred,Line 2,Size Set,Normal,11,2024-12-31,2025-01-09,2025-01-05,Completed,No,Dulani Jayasuriya
SR-25-00226,ST-4466,Lunaria,Line 6,Size Set,High,16,2025-01-01,2025-01-08,2025-01-08,Completed,No,Kavindu Fernando
SR-25-00227,ST-4458,Aurelle,Line 6,Pre-Production,Normal,29,2025-01-01,2025-01-11,2025-01-09,Completed,No,Kavindu Fernando
SR-25-00228,ST-4428,Aurelle,Line 1,Salesman Sample (SMS),Normal,54,2025-01-01,2025-01-11,2025-01-08,Completed,No,Hiruni Gunasekara
SR-25-00229,ST-4414,Aurelle,Line 5,Pre-Production,Normal,27,2025-01-02,2025-01-10,2025-01-09,Completed,No,Nethmi Perera
SR-25-00230,ST-4411,Aurelle,Line 4,Salesman Sample (SMS),High,27,2025-01-02,2025-01-11,2025-01-11,Completed,No,Ashen Rathnayake
SR-25-00231,ST-4424,Kindred,Line 2,Size Set,Normal,7,2025-01-03,2025-01-11,2025-01-09,Completed,No,Sachini Silva
SR-25-00232,ST-4409,Northline,Line 5,Proto,Urgent,3,2025-01-03,2025-01-06,2025-01-10,Completed,Yes,Kavindu Fernando
SR-25-00233,ST-4459,Lunaria,Line 1,Proto,High,2,2025-01-03,2025-01-09,2025-01-04,Completed,No,Kavindu Fernando
SR-25-00234,ST-4430,Lunaria,Line 5,Pre-Production,High,21,2025-01-03,2025-01-11,2025-01-10,Completed,No,Sachini Silva
SR-25-00235,ST-4458,Aurelle,Line 3,Pre-Production,Normal,23,2025-01-03,2025-01-12,2025-01-09,Completed,No,Nethmi Perera
SR-25-00236,ST-4457,Kindred,Line 4,Fit,Normal,2,2025-01-03,2025-01-10,2025-01-09,Completed,Yes,Dulani Jayasuriya
SR-25-00237,ST-4496,Velora,Line 2,Fit,Normal,5,2025-01-04,2025-01-09,2025-01-08,Completed,No,Nethmi Perera
SR-25-00238,ST-4501,Aurelle,Line 1,Fit,Urgent,3,2025-01-04,2025-01-10,2025-01-05,Completed,No,Kavindu Fernando
SR-25-00239,ST-4433,Aurelle,Line 6,Salesman Sample (SMS),Normal,42,2025-01-06,2025-01-17,2025-01-15,Completed,No,Ashen Rathnayake
SR-25-00240,ST-4403,Aurelle,Line 5,Pre-Production,Normal,26,2025-01-06,2025-01-14,2025-01-12,Completed,No,Hiruni Gunasekara
SR-25-00241,ST-4405,Velora,Line 6,Fit,Normal,3,2025-01-06,2025-01-13,2025-01-16,Completed,Yes,Nethmi Perera
SR-25-00242,ST-4473,Lunaria,Line 1,Proto,Normal,2,2025-01-07,2025-01-13,2025-01-08,Completed,No,Hiruni Gunasekara
SR-25-00243,ST-4508,Aurelle,Line 4,Proto,Normal,1,2025-01-07,2025-01-11,2025-01-12,Completed,No,Kavindu Fernando
SR-25-00244,ST-4448,Kindred,Line 2,Fit,Normal,3,2025-01-07,2025-01-13,2025-01-09,Completed,No,Ashen Rathnayake
SR-25-00245,ST-4422,Velora,Line 6,Fit,Normal,2,2025-01-08,2025-01-13,2025-01-14,Completed,No,Ashen Rathnayake
SR-25-00246,ST-4512,Aurelle,Line 1,Size Set,High,10,2025-01-08,2025-01-16,2025-01-13,Completed,No,Nethmi Perera
SR-25-00247,ST-4453,Lunaria,Line 4,Pre-Production,High,27,2025-01-08,2025-01-16,2025-01-14,Completed,No,Hiruni Gunasekara
SR-25-00248,ST-4466,Lunaria,Line 5,Size Set,Normal,6,2025-01-09,2025-01-16,2025-01-16,Completed,No,Ashen Rathnayake
SR-25-00249,ST-4445,Kindred,Line 6,Pre-Production,Normal,29,2025-01-09,2025-01-18,2025-01-15,Completed,No,Nethmi Perera
SR-25-00250,ST-4500,Kindred,Line 2,Proto,Normal,3,2025-01-09,2025-01-13,2025-01-11,Completed,No,Nethmi Perera
SR-25-00251,ST-4402,Northline,Line 1,Size Set,Normal,16,2025-01-10,2025-01-18,2025-01-14,Completed,No,Kavindu Fernando
SR-25-00252,ST-4505,Aurelle,Line 3,Fit,Normal,4,2025-01-10,2025-01-17,2025-01-15,Completed,No,Nethmi Perera
SR-25-00253,ST-4459,Lunaria,Line 6,Size Set,Urgent,10,2025-01-10,2025-01-17,2025-01-13,Completed,No,Ashen Rathnayake
SR-25-00254,ST-4429,Aurelle,Line 6,Size Set,Urgent,17,2025-01-10,2025-01-17,2025-01-15,Completed,No,Dulani Jayasuriya
SR-25-00255,ST-4452,Aurelle,Line 1,Fit,Normal,2,2025-01-11,2025-01-18,2025-01-14,Completed,No,Hiruni Gunasekara
SR-25-00256,ST-4470,Aurelle,Line 3,Proto,Normal,2,2025-01-11,2025-01-17,2025-01-17,Completed,Yes,Ashen Rathnayake
SR-25-00257,ST-4438,Kindred,Line 2,Proto,High,2,2025-01-11,2025-01-16,2025-01-14,Completed,No,Nethmi Perera
SR-25-00258,ST-4498,Velora,Line 5,Size Set,Normal,17,2025-01-11,2025-01-18,2025-01-18,Completed,No,Nethmi Perera
SR-25-00259,ST-4443,Aurelle,Line 4,Fit,High,5,2025-01-11,2025-01-16,2025-01-15,Completed,No,Ashen Rathnayake
SR-25-00260,ST-4493,Kindred,Line 5,Proto,Normal,2,2025-01-13,2025-01-19,2025-01-15,Completed,No,Kavindu Fernando
SR-25-00261,ST-4445,Kindred,Line 5,Pre-Production,Normal,14,2025-01-13,2025-01-21,2025-01-21,Completed,No,Nethmi Perera
SR-25-00262,ST-4475,Velora,Line 2,Salesman Sample (SMS),Normal,20,2025-01-13,2025-01-24,2025-01-20,Completed,No,Sachini Silva
SR-25-00263,ST-4436,Aurelle,Line 4,Proto,Normal,2,2025-01-15,2025-01-20,2025-01-17,Completed,No,Sachini Silva
SR-25-00264,ST-4468,Lunaria,Line 1,Proto,Normal,1,2025-01-15,2025-01-21,2025-01-17,Completed,No,Nethmi Perera
SR-25-00265,ST-4444,Lunaria,Line 1,Size Set,High,11,2025-01-16,2025-01-24,2025-01-22,Completed,No,Sachini Silva
SR-25-00266,ST-4454,Aurelle,Line 1,Fit,High,6,2025-01-16,2025-01-23,2025-01-17,Completed,No,Ashen Rathnayake
SR-25-00267,ST-4445,Kindred,Line 2,Fit,Normal,5,2025-01-16,2025-01-22,2025-01-18,Completed,No,Dulani Jayasuriya
SR-25-00268,ST-4507,Aurelle,Line 4,Fit,Normal,5,2025-01-16,2025-01-23,2025-01-20,Completed,Yes,Ashen Rathnayake
SR-25-00269,ST-4487,Northline,Line 3,Fit,Normal,6,2025-01-16,2025-01-21,2025-01-20,Completed,No,Dulani Jayasuriya
SR-25-00270,ST-4419,Kindred,Line 6,Size Set,Normal,6,2025-01-17,2025-01-26,2025-01-24,Completed,No,Dulani Jayasuriya
SR-25-00271,ST-4409,Northline,Line 1,Fit,Normal,4,2025-01-17,2025-01-23,2025-01-22,Completed,No,Kavindu Fernando
SR-25-00272,ST-4516,Velora,Line 6,Fit,High,5,2025-01-18,2025-01-24,2025-01-21,Completed,No,Sachini Silva
SR-25-00273,ST-4439,Aurelle,Line 5,Proto,Normal,2,2025-01-18,2025-01-24,2025-01-21,Completed,No,Sachini Silva
SR-25-00274,ST-4519,Velora,Line 1,Proto,Normal,1,2025-01-18,2025-01-22,2025-01-19,Completed,No,Hiruni Gunasekara
SR-25-00275,ST-4410,Aurelle,Line 5,Proto,Normal,2,2025-01-18,2025-01-24,2025-01-19,Completed,No,Kavindu Fernando
SR-25-00276,ST-4447,Lunaria,Line 6,Fit,High,5,2025-01-18,2025-01-23,2025-01-24,Completed,No,Dulani Jayasuriya
SR-25-00277,ST-4503,Aurelle,Line 6,Proto,Normal,1,2025-01-18,2025-01-22,2025-01-23,Completed,No,Dulani Jayasuriya
SR-25-00278,ST-4491,Kindred,Line 5,Fit,Normal,4,2025-01-20,2025-01-25,2025-01-25,Completed,No,Ashen Rathnayake
SR-25-00279,ST-4403,Aurelle,Line 4,Salesman Sample (SMS),Normal,29,2025-01-20,2025-01-31,2025-01-29,Completed,No,Dulani Jayasuriya
SR-25-00280,ST-4438,Kindred,Line 6,Size Set,Normal,12,2025-01-20,2025-01-28,2025-01-25,Completed,No,Hiruni Gunasekara
SR-25-00281,ST-4484,Kindred,Line 1,Fit,Normal,2,2025-01-20,2025-01-25,2025-01-24,Completed,No,Nethmi Perera
SR-25-00282,ST-4442,Velora,Line 5,Fit,Normal,3,2025-01-20,2025-01-27,2025-01-23,Completed,No,Nethmi Perera
SR-25-00283,ST-4457,Kindred,Line 5,Proto,Normal,1,2025-01-21,2025-01-26,2025-01-23,Completed,No,Dulani Jayasuriya
SR-25-00284,ST-4486,Velora,Line 3,Proto,Urgent,3,2025-01-21,2025-01-26,2025-01-22,Completed,No,Ashen Rathnayake
SR-25-00285,ST-4411,Aurelle,Line 1,Size Set,High,6,2025-01-22,2025-01-29,2025-01-26,Completed,No,Dulani Jayasuriya
SR-25-00286,ST-4436,Aurelle,Line 5,Pre-Production,Normal,16,2025-01-22,2025-01-30,2025-01-28,Completed,No,Ashen Rathnayake
SR-25-00287,ST-4510,Lunaria,Line 1,Fit,Normal,5,2025-01-23,2025-01-30,2025-01-26,Completed,No,Ashen Rathnayake
SR-25-00288,ST-4517,Aurelle,Line 4,Size Set,Normal,8,2025-01-23,2025-02-01,2025-01-29,Completed,No,Hiruni Gunasekara
SR-25-00289,ST-4502,Velora,Line 2,Fit,High,3,2025-01-23,2025-01-28,2025-01-26,Completed,No,Hiruni Gunasekara
SR-25-00290,ST-4452,Aurelle,Line 6,Proto,Normal,2,2025-01-23,2025-01-27,2025-01-25,Completed,No,Hiruni Gunasekara
SR-25-00291,ST-4444,Lunaria,Line 4,Size Set,Normal,18,2025-01-23,2025-02-01,2025-01-27,Completed,No,Nethmi Perera
SR-25-00292,ST-4516,Velora,Line 3,Pre-Production,Normal,21,2025-01-24,2025-02-01,2025-01-29,Completed,No,Sachini Silva
SR-25-00293,ST-4469,Northline,Line 1,Size Set,Normal,13,2025-01-24,2025-02-01,2025-01-30,Completed,No,Ashen Rathnayake
SR-25-00294,ST-4476,Northline,Line 4,Pre-Production,Normal,20,2025-01-24,2025-02-01,2025-02-01,Completed,No,Sachini Silva
SR-25-00295,ST-4421,Kindred,Line 2,Fit,Normal,3,2025-01-24,2025-01-30,2025-01-27,Completed,No,Hiruni Gunasekara
SR-25-00296,ST-4406,Aurelle,Line 1,Fit,Normal,2,2025-01-25,2025-02-01,2025-01-30,Completed,No,Nethmi Perera
SR-25-00297,ST-4401,Kindred,Line 3,Proto,Normal,3,2025-01-25,2025-01-30,2025-01-28,Completed,No,Ashen Rathnayake
SR-25-00298,ST-4437,Lunaria,Line 2,Fit,High,5,2025-01-25,2025-02-01,2025-01-28,Completed,No,Kavindu Fernando
SR-25-00299,ST-4494,Velora,Line 6,Pre-Production,Normal,22,2025-01-25,2025-02-04,2025-02-01,Completed,No,Ashen Rathnayake
SR-25-00300,ST-4509,Kindred,Line 1,Fit,Normal,6,2025-01-25,2025-01-30,2025-01-28,Completed,No,Kavindu Fernando
SR-25-00301,ST-4447,Lunaria,Line 6,Fit,Normal,3,2025-01-27,2025-02-02,2025-02-01,Completed,No,Nethmi Perera
SR-25-00302,ST-4479,Aurelle,Line 1,Proto,Normal,3,2025-01-27,2025-01-31,2025-01-30,Completed,No,Hiruni Gunasekara
SR-25-00303,ST-4512,Aurelle,Line 1,Salesman Sample (SMS),High,60,2025-01-28,2025-02-08,2025-02-02,Completed,No,Sachini Silva
SR-25-00304,ST-4454,Aurelle,Line 5,Salesman Sample (SMS),Normal,52,2025-01-28,2025-02-08,2025-02-02,Completed,No,Hiruni Gunasekara
SR-25-00305,ST-4451,Aurelle,Line 3,Size Set,Normal,13,2025-01-29,2025-02-05,2025-02-03,Completed,No,Kavindu Fernando
SR-25-00306,ST-4517,Aurelle,Line 5,Fit,Normal,6,2025-01-29,2025-02-04,2025-02-02,Completed,No,Nethmi Perera
SR-25-00307,ST-4460,Velora,Line 3,Proto,Normal,3,2025-01-29,2025-02-03,2025-02-01,Completed,No,Kavindu Fernando
SR-25-00308,ST-4508,Aurelle,Line 1,Size Set,Normal,11,2025-01-29,2025-02-05,2025-02-04,Completed,No,Nethmi Perera
SR-25-00309,ST-4450,Lunaria,Line 3,Size Set,Normal,15,2025-01-29,2025-02-07,2025-02-05,Completed,No,Ashen Rathnayake
SR-25-00310,ST-4496,Velora,Line 1,Fit,Normal,2,2025-01-30,2025-02-05,2025-02-01,Completed,No,Kavindu Fernando
SR-25-00311,ST-4476,Northline,Line 2,Pre-Production,High,24,2025-01-30,2025-02-09,2025-02-04,Completed,No,Sachini Silva
SR-25-00312,ST-4476,Northline,Line 1,Proto,High,1,2025-01-30,2025-02-03,2025-01-31,Completed,No,Nethmi Perera
SR-25-00313,ST-4463,Velora,Line 3,Size Set,High,7,2025-01-31,2025-02-09,2025-02-04,Completed,No,Nethmi Perera
SR-25-00314,ST-4443,Aurelle,Line 5,Fit,Normal,4,2025-01-31,2025-02-07,2025-02-03,Completed,No,Nethmi Perera
SR-25-00315,ST-4509,Kindred,Line 6,Fit,Normal,6,2025-01-31,2025-02-06,2025-02-05,Completed,No,Ashen Rathnayake
SR-25-00316,ST-4432,Kindred,Line 1,Size Set,Normal,9,2025-02-01,2025-02-09,2025-02-06,Completed,No,Kavindu Fernando
SR-25-00317,ST-4477,Velora,Line 1,Fit,Normal,2,2025-02-01,2025-02-08,2025-02-03,Completed,No,Ashen Rathnayake
SR-25-00318,ST-4433,Aurelle,Line 4,Size Set,Urgent,11,2025-02-01,2025-02-07,2025-02-07,Completed,No,Hiruni Gunasekara
SR-25-00319,ST-4514,Lunaria,Line 6,Fit,High,2,2025-02-01,2025-02-07,2025-02-05,Completed,No,Ashen Rathnayake
SR-25-00320,ST-4402,Northline,Line 6,Fit,Normal,4,2025-02-03,2025-02-10,2025-02-09,Completed,No,Kavindu Fernando
SR-25-00321,ST-4481,Aurelle,Line 6,Salesman Sample (SMS),Normal,28,2025-02-03,2025-02-12,2025-02-11,Completed,No,Kavindu Fernando
SR-25-00322,ST-4497,Kindred,Line 1,Salesman Sample (SMS),Normal,27,2025-02-04,2025-02-14,2025-02-12,Completed,No,Dulani Jayasuriya
SR-25-00323,ST-4424,Kindred,Line 5,Fit,Urgent,4,2025-02-04,2025-02-09,2025-02-07,Completed,No,Ashen Rathnayake
SR-25-00324,ST-4460,Velora,Line 6,Size Set,High,11,2025-02-04,2025-02-12,2025-02-11,Completed,No,Ashen Rathnayake
SR-25-00325,ST-4517,Aurelle,Line 3,Fit,Normal,4,2025-02-04,2025-02-11,2025-02-08,Completed,No,Sachini Silva
SR-25-00326,ST-4471,Northline,Line 1,Fit,High,6,2025-02-04,2025-02-11,2025-02-08,Completed,No,Nethmi Perera
SR-25-00327,ST-4448,Kindred,Line 1,Proto,Normal,3,2025-02-04,2025-02-08,2025-02-05,Completed,No,Ashen Rathnayake
SR-25-00328,ST-4451,Aurelle,Line 1,Fit,Normal,5,2025-02-04,2025-02-09,2025-02-06,Completed,No,Ashen Rathnayake
SR-25-00329,ST-4404,Lunaria,Line 2,Salesman Sample (SMS),High,25,2025-02-05,2025-02-14,2025-02-11,Completed,No,Dulani Jayasuriya
SR-25-00330,ST-4455,Velora,Line 4,Size Set,Normal,10,2025-02-05,2025-02-12,2025-02-11,Completed,No,Sachini Silva
SR-25-00331,ST-4512,Aurelle,Line 5,Size Set,Normal,10,2025-02-05,2025-02-13,2025-02-09,Completed,No,Hiruni Gunasekara
SR-25-00332,ST-4476,Northline,Line 4,Fit,Normal,3,2025-02-05,2025-02-10,2025-02-08,Completed,No,Dulani Jayasuriya
SR-25-00333,ST-4495,Aurelle,Line 2,Size Set,Normal,11,2025-02-06,2025-02-15,2025-02-12,Completed,No,Ashen Rathnayake
SR-25-00334,ST-4472,Northline,Line 5,Fit,High,6,2025-02-06,2025-02-13,2025-02-08,Completed,No,Kavindu Fernando
SR-25-00335,ST-4476,Northline,Line 6,Proto,Normal,2,2025-02-07,2025-02-12,2025-02-10,Completed,No,Sachini Silva
SR-25-00336,ST-4457,Kindred,Line 6,Proto,High,2,2025-02-07,2025-02-12,2025-02-10,Completed,No,Sachini Silva
SR-25-00337,ST-4506,Aurelle,Line 2,Pre-Production,High,22,2025-02-07,2025-02-17,2025-02-13,Completed,No,Sachini Silva
SR-25-00338,ST-4481,Aurelle,Line 5,Proto,Normal,3,2025-02-08,2025-02-12,2025-02-11,Completed,No,Sachini Silva
SR-25-00339,ST-4407,Velora,Line 5,Salesman Sample (SMS),Normal,57,2025-02-08,2025-02-18,2025-02-16,Completed,No,Dulani Jayasuriya
SR-25-00340,ST-4419,Kindred,Line 4,Fit,Normal,5,2025-02-08,2025-02-15,2025-02-11,Completed,No,Kavindu Fernando
SR-25-00341,ST-4438,Kindred,Line 5,Fit,High,5,2025-02-08,2025-02-15,2025-02-12,Completed,No,Kavindu Fernando
SR-25-00342,ST-4475,Velora,Line 5,Proto,High,2,2025-02-10,2025-02-15,2025-02-13,Completed,No,Hiruni Gunasekara
SR-25-00343,ST-4445,Kindred,Line 1,Size Set,Urgent,13,2025-02-10,2025-02-18,2025-02-15,Completed,No,Kavindu Fernando
SR-25-00344,ST-4493,Kindred,Line 4,Size Set,Normal,19,2025-02-11,2025-02-20,2025-02-15,Completed,No,Hiruni Gunasekara
SR-25-00345,ST-4475,Velora,Line 2,Proto,High,1,2025-02-11,2025-02-16,2025-02-12,Completed,No,Sachini Silva
SR-25-00346,ST-4419,Kindred,Line 1,Proto,Normal,2,2025-02-11,2025-02-16,2025-02-14,Completed,Yes,Nethmi Perera
SR-25-00347,ST-4438,Kindred,Line 4,Proto,Normal,3,2025-02-12,2025-02-17,2025-02-14,Completed,No,Hiruni Gunasekara
SR-25-00348,ST-4510,Lunaria,Line 4,Fit,Normal,3,2025-02-12,2025-02-18,2025-02-15,Completed,No,Nethmi Perera
SR-25-00349,ST-4509,Kindred,Line 4,Proto,Normal,2,2025-02-13,2025-02-17,2025-02-17,Completed,No,Dulani Jayasuriya
SR-25-00350,ST-4466,Lunaria,Line 2,Pre-Production,Normal,10,2025-02-13,2025-02-22,2025-02-18,Completed,No,Kavindu Fernando
SR-25-00351,ST-4442,Velora,Line 2,Size Set,Normal,14,2025-02-14,2025-02-21,2025-02-20,Completed,No,Dulani Jayasuriya
SR-25-00352,ST-4440,Northline,Line 2,Size Set,High,8,2025-02-14,2025-02-22,2025-02-19,Completed,No,Dulani Jayasuriya
SR-25-00353,ST-4492,Aurelle,Line 6,Size Set,Normal,7,2025-02-14,2025-02-23,2025-02-22,Completed,No,Sachini Silva
SR-25-00354,ST-4516,Velora,Line 5,Proto,Normal,2,2025-02-14,2025-02-20,2025-02-18,Completed,No,Hiruni Gunasekara
SR-25-00355,ST-4452,Aurelle,Line 3,Pre-Production,High,16,2025-02-14,2025-02-24,2025-02-21,Completed,No,Dulani Jayasuriya
SR-25-00356,ST-4494,Velora,Line 3,Fit,Normal,2,2025-02-14,2025-02-20,2025-02-17,Completed,No,Nethmi Perera
SR-25-00357,ST-4405,Velora,Line 2,Fit,Normal,4,2025-02-14,2025-02-20,2025-02-17,Completed,No,Hiruni Gunasekara
SR-25-00358,ST-4514,Lunaria,Line 5,Fit,Normal,3,2025-02-14,2025-02-19,2025-02-18,Completed,No,Nethmi Perera
SR-25-00359,ST-4519,Velora,Line 5,Proto,Normal,3,2025-02-15,2025-02-21,2025-02-20,Completed,No,Kavindu Fernando
SR-25-00360,ST-4458,Aurelle,Line 4,Proto,High,1,2025-02-15,2025-02-20,2025-02-17,Completed,No,Hiruni Gunasekara
SR-25-00361,ST-4472,Northline,Line 4,Proto,Normal,1,2025-02-17,2025-02-21,2025-02-19,Completed,No,Hiruni Gunasekara
SR-25-00362,ST-4434,Aurelle,Line 4,Size Set,Normal,10,2025-02-17,2025-02-25,2025-02-23,Completed,No,Kavindu Fernando
SR-25-00363,ST-4441,Northline,Line 6,Fit,Urgent,4,2025-02-17,2025-02-22,2025-02-22,Completed,No,Nethmi Perera
SR-25-00364,ST-4412,Velora,Line 3,Size Set,Normal,14,2025-02-17,2025-02-25,2025-02-23,Completed,No,Hiruni Gunasekara
SR-25-00365,ST-4511,Velora,Line 4,Fit,Normal,6,2025-02-17,2025-02-24,2025-02-19,Completed,No,Kavindu Fernando
SR-25-00366,ST-4402,Northline,Line 5,Fit,Normal,6,2025-02-17,2025-02-22,2025-02-21,Completed,No,Hiruni Gunasekara
SR-25-00367,ST-4477,Velora,Line 6,Salesman Sample (SMS),Normal,45,2025-02-17,2025-02-28,2025-03-02,Completed,Yes,Ashen Rathnayake
SR-25-00368,ST-4499,Lunaria,Line 6,Fit,Normal,3,2025-02-17,2025-02-22,2025-02-22,Completed,No,Sachini Silva
SR-25-00369,ST-4450,Lunaria,Line 4,Salesman Sample (SMS),Urgent,24,2025-02-18,2025-02-26,2025-02-25,Completed,No,Ashen Rathnayake
SR-25-00370,ST-4492,Aurelle,Line 3,Proto,Normal,1,2025-02-18,2025-02-23,2025-02-20,Completed,No,Dulani Jayasuriya
SR-25-00371,ST-4495,Aurelle,Line 4,Proto,Normal,1,2025-02-18,2025-02-22,2025-02-21,Completed,No,Sachini Silva
SR-25-00372,ST-4435,Aurelle,Line 4,Proto,Normal,1,2025-02-18,2025-02-22,2025-02-23,Completed,No,Nethmi Perera
SR-25-00373,ST-4502,Velora,Line 2,Salesman Sample (SMS),Normal,43,2025-02-19,2025-02-28,2025-02-25,Completed,No,Sachini Silva
SR-25-00374,ST-4439,Aurelle,Line 1,Salesman Sample (SMS),Normal,22,2025-02-19,2025-03-02,2025-02-26,Completed,No,Dulani Jayasuriya
SR-25-00375,ST-4417,Lunaria,Line 1,Fit,Normal,2,2025-02-19,2025-02-24,2025-02-22,Completed,No,Dulani Jayasuriya
SR-25-00376,ST-4470,Aurelle,Line 1,Fit,Urgent,6,2025-02-19,2025-02-23,2025-02-20,Completed,No,Kavindu Fernando
SR-25-00377,ST-4473,Lunaria,Line 4,Salesman Sample (SMS),Normal,50,2025-02-20,2025-03-01,2025-03-01,Completed,No,Hiruni Gunasekara
SR-25-00378,ST-4475,Velora,Line 6,Salesman Sample (SMS),Normal,44,2025-02-20,2025-03-01,2025-03-02,Completed,No,Nethmi Perera
SR-25-00379,ST-4402,Northline,Line 4,Fit,Normal,3,2025-02-22,2025-02-28,2025-02-26,Completed,No,Kavindu Fernando
SR-25-00380,ST-4406,Aurelle,Line 2,Pre-Production,Normal,25,2025-02-22,2025-03-02,2025-03-01,Completed,No,Dulani Jayasuriya
SR-25-00381,ST-4424,Kindred,Line 5,Proto,Normal,3,2025-02-22,2025-02-26,2025-02-28,Completed,No,Sachini Silva
SR-25-00382,ST-4441,Northline,Line 2,Salesman Sample (SMS),Normal,32,2025-02-24,2025-03-06,2025-03-04,Completed,No,Kavindu Fernando
SR-25-00383,ST-4444,Lunaria,Line 2,Proto,Normal,3,2025-02-24,2025-03-01,2025-02-28,Completed,No,Hiruni Gunasekara
SR-25-00384,ST-4454,Aurelle,Line 1,Fit,Urgent,3,2025-02-25,2025-03-03,2025-02-27,Completed,No,Kavindu Fernando
SR-25-00385,ST-4473,Lunaria,Line 1,Fit,Normal,2,2025-02-25,2025-03-03,2025-02-27,Completed,No,Kavindu Fernando
SR-25-00386,ST-4412,Velora,Line 5,Fit,Normal,2,2025-02-25,2025-03-03,2025-03-01,Completed,No,Sachini Silva
SR-25-00387,ST-4516,Velora,Line 5,Pre-Production,Normal,18,2025-02-25,2025-03-05,2025-03-04,Completed,No,Ashen Rathnayake
SR-25-00388,ST-4422,Velora,Line 5,Proto,Normal,1,2025-02-25,2025-03-02,2025-02-28,Completed,No,Sachini Silva
SR-25-00389,ST-4508,Aurelle,Line 2,Fit,Normal,4,2025-02-26,2025-03-03,2025-02-28,Completed,No,Ashen Rathnayake
SR-25-00390,ST-4498,Velora,Line 4,Fit,Normal,4,2025-02-26,2025-03-03,2025-03-01,Completed,No,Hiruni Gunasekara
SR-25-00391,ST-4519,Velora,Line 4,Fit,Normal,2,2025-02-27,2025-03-05,2025-03-03,Completed,No,Kavindu Fernando
SR-25-00392,ST-4418,Velora,Line 6,Pre-Production,Normal,12,2025-02-27,2025-03-08,2025-03-08,Completed,No,Hiruni Gunasekara
SR-25-00393,ST-4416,Lunaria,Line 3,Pre-Production,High,27,2025-02-27,2025-03-08,2025-03-08,Completed,No,Hiruni Gunasekara
SR-25-00394,ST-4490,Northline,Line 6,Size Set,Normal,10,2025-02-27,2025-03-08,2025-03-05,Completed,No,Sachini Silva
SR-25-00395,ST-4516,Velora,Line 6,Fit,Normal,2,2025-02-27,2025-03-06,2025-03-04,Completed,No,Hiruni Gunasekara
SR-25-00396,ST-4436,Aurelle,Line 5,Size Set,Normal,20,2025-02-27,2025-03-06,2025-03-08,Completed,No,Ashen Rathnayake
SR-25-00397,ST-4518,Northline,Line 4,Pre-Production,Normal,15,2025-02-28,2025-03-08,2025-03-10,Completed,No,Nethmi Perera
SR-25-00398,ST-4473,Lunaria,Line 4,Salesman Sample (SMS),Normal,44,2025-02-28,2025-03-10,2025-03-08,Completed,No,Sachini Silva
SR-25-00399,ST-4515,Kindred,Line 2,Fit,Normal,3,2025-03-01,2025-03-08,2025-03-06,Completed,No,Ashen Rathnayake
SR-25-00400,ST-4441,Northline,Line 4,Fit,Urgent,4,2025-03-01,2025-03-05,2025-03-06,Completed,No,Nethmi Perera
SR-25-00401,ST-4495,Aurelle,Line 4,Pre-Production,Normal,13,2025-03-01,2025-03-10,2025-03-09,Completed,No,Sachini Silva
SR-25-00402,ST-4510,Lunaria,Line 1,Fit,High,4,2025-03-01,2025-03-07,2025-03-03,Completed,No,Nethmi Perera
SR-25-00403,ST-4448,Kindred,Line 3,Salesman Sample (SMS),Normal,47,2025-03-03,2025-03-14,2025-03-11,Completed,No,Hiruni Gunasekara
SR-25-00404,ST-4440,Northline,Line 4,Proto,Normal,3,2025-03-03,2025-03-09,2025-03-08,Completed,No,Ashen Rathnayake
SR-25-00405,ST-4490,Northline,Line 5,Size Set,Normal,19,2025-03-03,2025-03-11,2025-03-10,Completed,No,Dulani Jayasuriya
SR-25-00406,ST-4478,Aurelle,Line 2,Pre-Production,Normal,16,2025-03-03,2025-03-13,2025-03-09,Completed,No,Ashen Rathnayake
SR-25-00407,ST-4449,Lunaria,Line 4,Proto,Normal,3,2025-03-03,2025-03-09,2025-03-07,Completed,No,Sachini Silva
SR-25-00408,ST-4451,Aurelle,Line 1,Salesman Sample (SMS),Normal,53,2025-03-04,2025-03-15,2025-03-12,Completed,No,Nethmi Perera
SR-25-00409,ST-4471,Northline,Line 4,Size Set,Normal,9,2025-03-04,2025-03-11,2025-03-13,Completed,No,Dulani Jayasuriya
SR-25-00410,ST-4499,Lunaria,Line 5,Proto,High,1,2025-03-04,2025-03-10,2025-03-06,Completed,No,Ashen Rathnayake
SR-25-00411,ST-4479,Aurelle,Line 1,Proto,Normal,3,2025-03-04,2025-03-08,2025-03-06,Completed,No,Ashen Rathnayake
SR-25-00412,ST-4517,Aurelle,Line 1,Fit,Normal,3,2025-03-04,2025-03-10,2025-03-09,Completed,No,Ashen Rathnayake
SR-25-00413,ST-4411,Aurelle,Line 1,Size Set,Normal,11,2025-03-05,2025-03-13,2025-03-10,Completed,No,Kavindu Fernando
SR-25-00414,ST-4487,Northline,Line 1,Fit,Normal,2,2025-03-05,2025-03-10,2025-03-10,Completed,No,Ashen Rathnayake
SR-25-00415,ST-4482,Aurelle,Line 2,Proto,High,2,2025-03-05,2025-03-09,2025-03-09,Completed,No,Kavindu Fernando
SR-25-00416,ST-4417,Lunaria,Line 6,Fit,Normal,6,2025-03-05,2025-03-11,2025-03-14,Completed,Yes,Nethmi Perera
SR-25-00417,ST-4477,Velora,Line 2,Pre-Production,Urgent,10,2025-03-05,2025-03-14,2025-03-13,Completed,No,Kavindu Fernando
SR-25-00418,ST-4497,Kindred,Line 4,Fit,High,2,2025-03-06,2025-03-11,2025-03-10,Completed,No,Nethmi Perera
SR-25-00419,ST-4513,Aurelle,Line 1,Proto,High,1,2025-03-06,2025-03-10,2025-03-10,Completed,No,Hiruni Gunasekara
SR-25-00420,ST-4457,Kindred,Line 2,Salesman Sample (SMS),Normal,21,2025-03-06,2025-03-17,2025-03-16,Completed,Yes,Dulani Jayasuriya
SR-25-00421,ST-4461,Kindred,Line 5,Proto,Urgent,2,2025-03-06,2025-03-10,2025-03-10,Completed,No,Kavindu Fernando
SR-25-00422,ST-4423,Aurelle,Line 4,Proto,Normal,1,2025-03-06,2025-03-12,2025-03-11,Completed,No,Nethmi Perera
SR-25-00423,ST-4438,Kindred,Line 5,Salesman Sample (SMS),Normal,41,2025-03-06,2025-03-17,2025-03-12,Completed,No,Dulani Jayasuriya
SR-25-00424,ST-4407,Velora,Line 5,Pre-Production,Normal,12,2025-03-06,2025-03-14,2025-03-14,Completed,No,Kavindu Fernando
SR-25-00425,ST-4463,Velora,Line 4,Pre-Production,Normal,10,2025-03-06,2025-03-14,2025-03-15,Completed,No,Nethmi Perera
SR-25-00426,ST-4506,Aurelle,Line 5,Pre-Production,Normal,20,2025-03-07,2025-03-17,2025-03-15,Completed,No,Sachini Silva
SR-25-00427,ST-4509,Kindred,Line 4,Proto,Normal,3,2025-03-07,2025-03-12,2025-03-11,Completed,No,Sachini Silva
SR-25-00428,ST-4436,Aurelle,Line 4,Proto,Normal,2,2025-03-07,2025-03-11,2025-03-11,Completed,No,Dulani Jayasuriya
SR-25-00429,ST-4440,Northline,Line 6,Fit,Normal,4,2025-03-07,2025-03-13,2025-03-14,Completed,No,Kavindu Fernando
SR-25-00430,ST-4412,Velora,Line 1,Fit,Normal,5,2025-03-08,2025-03-14,2025-03-13,Completed,No,Sachini Silva
SR-25-00431,ST-4457,Kindred,Line 2,Proto,Normal,2,2025-03-08,2025-03-13,2025-03-09,Completed,No,Nethmi Perera
SR-25-00432,ST-4433,Aurelle,Line 6,Pre-Production,Normal,25,2025-03-08,2025-03-16,2025-03-17,Completed,No,Kavindu Fernando
SR-25-00433,ST-4457,Kindred,Line 6,Fit,Normal,6,2025-03-08,2025-03-14,2025-03-14,Completed,No,Sachini Silva
SR-25-00434,ST-4472,Northline,Line 5,Fit,Urgent,4,2025-03-10,2025-03-14,2025-03-15,Completed,No,Dulani Jayasuriya
SR-25-00435,ST-4404,Lunaria,Line 4,Fit,Urgent,5,2025-03-10,2025-03-16,2025-03-15,Completed,No,Hiruni Gunasekara
SR-25-00436,ST-4434,Aurelle,Line 2,Proto,Normal,3,2025-03-11,2025-03-16,2025-03-14,Completed,No,Sachini Silva
SR-25-00437,ST-4467,Lunaria,Line 2,Size Set,Normal,19,2025-03-11,2025-03-18,2025-03-20,Completed,No,Sachini Silva
SR-25-00438,ST-4420,Aurelle,Line 5,Pre-Production,Normal,21,2025-03-11,2025-03-19,2025-03-18,Completed,No,Hiruni Gunasekara
SR-25-00439,ST-4407,Velora,Line 1,Proto,Normal,3,2025-03-12,2025-03-17,2025-03-16,Completed,No,Nethmi Perera
SR-25-00440,ST-4517,Aurelle,Line 2,Size Set,High,14,2025-03-12,2025-03-21,2025-03-20,Completed,No,Sachini Silva
SR-25-00441,ST-4514,Lunaria,Line 5,Size Set,Urgent,14,2025-03-12,2025-03-18,2025-03-19,Completed,No,Hiruni Gunasekara
SR-25-00442,ST-4473,Lunaria,Line 4,Fit,Normal,3,2025-03-12,2025-03-19,2025-03-17,Completed,No,Dulani Jayasuriya
SR-25-00443,ST-4481,Aurelle,Line 6,Fit,Normal,3,2025-03-12,2025-03-18,2025-03-21,Completed,Yes,Hiruni Gunasekara
SR-25-00444,ST-4454,Aurelle,Line 6,Size Set,Normal,6,2025-03-13,2025-03-20,2025-03-19,Completed,No,Sachini Silva
SR-25-00445,ST-4485,Velora,Line 3,Proto,Normal,3,2025-03-13,2025-03-19,2025-03-16,Completed,No,Sachini Silva
SR-25-00446,ST-4418,Velora,Line 3,Salesman Sample (SMS),Normal,22,2025-03-13,2025-03-24,2025-03-20,Completed,No,Dulani Jayasuriya
SR-25-00447,ST-4476,Northline,Line 6,Size Set,Normal,7,2025-03-13,2025-03-20,2025-03-22,Completed,No,Nethmi Perera
SR-25-00448,ST-4477,Velora,Line 2,Fit,Normal,4,2025-03-13,2025-03-20,2025-03-14,Completed,No,Kavindu Fernando
SR-25-00449,ST-4480,Velora,Line 1,Fit,Normal,2,2025-03-13,2025-03-20,2025-03-15,Completed,No,Ashen Rathnayake
SR-25-00450,ST-4475,Velora,Line 5,Fit,Normal,3,2025-03-13,2025-03-20,2025-03-16,Completed,No,Hiruni Gunasekara
SR-25-00451,ST-4452,Aurelle,Line 6,Proto,Normal,2,2025-03-13,2025-03-19,2025-03-19,Completed,No,Sachini Silva
SR-25-00452,ST-4515,Kindred,Line 2,Pre-Production,High,12,2025-03-13,2025-03-21,2025-03-18,Completed,No,Dulani Jayasuriya
SR-25-00453,ST-4401,Kindred,Line 1,Fit,Normal,4,2025-03-14,2025-03-19,2025-03-19,Completed,No,Hiruni Gunasekara
SR-25-00454,ST-4442,Velora,Line 4,Salesman Sample (SMS),Normal,55,2025-03-14,2025-03-24,2025-03-24,Completed,No,Sachini Silva
SR-25-00455,ST-4461,Kindred,Line 4,Pre-Production,Normal,27,2025-03-15,2025-03-23,2025-03-23,Completed,No,Hiruni Gunasekara
SR-25-00456,ST-4462,Kindred,Line 3,Proto,Normal,2,2025-03-15,2025-03-21,2025-03-18,Completed,No,Dulani Jayasuriya
SR-25-00457,ST-4423,Aurelle,Line 1,Salesman Sample (SMS),Normal,42,2025-03-15,2025-03-26,2025-03-23,Completed,No,Hiruni Gunasekara
SR-25-00458,ST-4419,Kindred,Line 5,Fit,Normal,3,2025-03-15,2025-03-21,2025-03-22,Completed,Yes,Ashen Rathnayake
SR-25-00459,ST-4405,Velora,Line 1,Proto,High,2,2025-03-15,2025-03-20,2025-03-19,Completed,No,Kavindu Fernando
SR-25-00460,ST-4500,Kindred,Line 4,Proto,High,3,2025-03-15,2025-03-20,2025-03-19,Completed,No,Ashen Rathnayake
SR-25-00461,ST-4476,Northline,Line 1,Proto,High,3,2025-03-15,2025-03-19,2025-03-16,Completed,No,Ashen Rathnayake
SR-25-00462,ST-4491,Kindred,Line 2,Proto,High,3,2025-03-17,2025-03-21,2025-03-19,Completed,No,Dulani Jayasuriya
SR-25-00463,ST-4519,Velora,Line 2,Pre-Production,Normal,15,2025-03-17,2025-03-25,2025-03-24,Completed,No,Ashen Rathnayake
SR-25-00464,ST-4507,Aurelle,Line 3,Proto,Normal,1,2025-03-17,2025-03-23,2025-03-21,Completed,No,Kavindu Fernando
SR-25-00465,ST-4428,Aurelle,Line 5,Size Set,High,19,2025-03-17,2025-03-24,2025-03-25,Completed,No,Nethmi Perera
SR-25-00466,ST-4421,Kindred,Line 3,Pre-Production,Urgent,16,2025-03-17,2025-03-26,2025-03-23,Completed,No,Ashen Rathnayake
SR-25-00467,ST-4439,Aurelle,Line 5,Proto,Normal,1,2025-03-18,2025-03-22,2025-03-23,Completed,No,Nethmi Perera
SR-25-00468,ST-4406,Aurelle,Line 2,Proto,High,3,2025-03-18,2025-03-24,2025-03-22,Completed,No,Kavindu Fernando
SR-25-00469,ST-4513,Aurelle,Line 3,Size Set,Normal,17,2025-03-18,2025-03-27,2025-03-26,Completed,No,Hiruni Gunasekara
SR-25-00470,ST-4429,Aurelle,Line 2,Fit,Normal,3,2025-03-18,2025-03-23,2025-03-23,Completed,No,Ashen Rathnayake
SR-25-00471,ST-4504,Aurelle,Line 1,Pre-Production,Urgent,19,2025-03-18,2025-03-25,2025-03-22,Completed,No,Nethmi Perera
SR-25-00472,ST-4488,Lunaria,Line 6,Pre-Production,High,12,2025-03-19,2025-03-29,2025-03-29,Completed,No,Ashen Rathnayake
SR-25-00473,ST-4440,Northline,Line 1,Proto,High,2,2025-03-19,2025-03-23,2025-03-22,Completed,No,Dulani Jayasuriya
SR-25-00474,ST-4479,Aurelle,Line 6,Fit,Normal,5,2025-03-19,2025-03-25,2025-03-24,Completed,No,Dulani Jayasuriya
SR-25-00475,ST-4440,Northline,Line 5,Size Set,High,6,2025-03-19,2025-03-27,2025-03-26,Completed,No,Ashen Rathnayake
SR-25-00476,ST-4408,Velora,Line 4,Size Set,Normal,12,2025-03-19,2025-03-28,2025-03-26,Completed,No,Sachini Silva
SR-25-00477,ST-4440,Northline,Line 3,Fit,Normal,6,2025-03-19,2025-03-24,2025-03-21,Completed,No,Kavindu Fernando
SR-25-00478,ST-4443,Aurelle,Line 3,Proto,Normal,2,2025-03-19,2025-03-25,2025-03-22,Completed,No,Ashen Rathnayake
SR-25-00479,ST-4506,Aurelle,Line 2,Fit,Normal,4,2025-03-20,2025-03-26,2025-03-23,Completed,No,Hiruni Gunasekara
SR-25-00480,ST-4461,Kindred,Line 1,Fit,Normal,5,2025-03-20,2025-03-25,2025-03-23,Completed,No,Dulani Jayasuriya
SR-25-00481,ST-4418,Velora,Line 3,Pre-Production,Urgent,14,2025-03-20,2025-03-29,2025-03-22,Completed,No,Ashen Rathnayake
SR-25-00482,ST-4519,Velora,Line 1,Pre-Production,Normal,27,2025-03-20,2025-03-28,2025-03-26,Completed,No,Dulani Jayasuriya
SR-25-00483,ST-4479,Aurelle,Line 4,Size Set,Normal,15,2025-03-20,2025-03-28,2025-03-27,Completed,No,Ashen Rathnayake
SR-25-00484,ST-4488,Lunaria,Line 4,Size Set,High,9,2025-03-20,2025-03-27,2025-03-24,Completed,No,Sachini Silva
SR-25-00485,ST-4472,Northline,Line 4,Fit,Normal,2,2025-03-21,2025-03-27,2025-03-27,Completed,No,Dulani Jayasuriya
SR-25-00486,ST-4472,Northline,Line 1,Proto,Normal,2,2025-03-21,2025-03-27,2025-03-25,Completed,No,Ashen Rathnayake
SR-25-00487,ST-4485,Velora,Line 6,Fit,Normal,3,2025-03-21,2025-03-27,2025-03-27,Completed,No,Hiruni Gunasekara
SR-25-00488,ST-4410,Aurelle,Line 6,Pre-Production,Normal,26,2025-03-21,2025-03-30,2025-04-02,Completed,Yes,Sachini Silva
SR-25-00489,ST-4413,Lunaria,Line 3,Salesman Sample (SMS),Normal,25,2025-03-21,2025-03-31,2025-04-05,Completed,Yes,Ashen Rathnayake
SR-25-00490,ST-4495,Aurelle,Line 2,Fit,Normal,5,2025-03-21,2025-03-28,2025-03-27,Completed,No,Nethmi Perera
SR-25-00491,ST-4486,Velora,Line 6,Proto,Normal,1,2025-03-21,2025-03-26,2025-03-26,Completed,No,Dulani Jayasuriya
SR-25-00492,ST-4495,Aurelle,Line 5,Salesman Sample (SMS),Normal,50,2025-03-21,2025-04-01,2025-03-31,Completed,Yes,Ashen Rathnayake
SR-25-00493,ST-4436,Aurelle,Line 3,Size Set,High,9,2025-03-22,2025-03-29,2025-03-30,Completed,No,Nethmi Perera
SR-25-00494,ST-4413,Lunaria,Line 6,Fit,Normal,3,2025-03-22,2025-03-28,2025-03-27,Completed,No,Nethmi Perera
SR-25-00495,ST-4428,Aurelle,Line 4,Fit,High,5,2025-03-22,2025-03-28,2025-03-28,Completed,No,Nethmi Perera
SR-25-00496,ST-4445,Kindred,Line 5,Proto,Normal,1,2025-03-22,2025-03-26,2025-03-25,Completed,No,Ashen Rathnayake
SR-25-00497,ST-4478,Aurelle,Line 2,Fit,Normal,3,2025-03-24,2025-03-30,2025-03-28,Completed,No,Dulani Jayasuriya
SR-25-00498,ST-4496,Velora,Line 4,Proto,Normal,1,2025-03-24,2025-03-28,2025-03-28,Completed,No,Hiruni Gunasekara
SR-25-00499,ST-4459,Lunaria,Line 6,Fit,Normal,3,2025-03-24,2025-03-31,2025-03-29,Completed,No,Dulani Jayasuriya
SR-25-00500,ST-4472,Northline,Line 5,Fit,Normal,4,2025-03-24,2025-03-31,2025-03-27,Completed,No,Ashen Rathnayake
SR-25-00501,ST-4426,Kindred,Line 3,Salesman Sample (SMS),Normal,25,2025-03-25,2025-04-04,2025-04-02,Completed,No,Dulani Jayasuriya
SR-25-00502,ST-4430,Lunaria,Line 5,Fit,Normal,3,2025-03-25,2025-04-01,2025-03-31,Completed,No,Dulani Jayasuriya
SR-25-00503,ST-4514,Lunaria,Line 4,Fit,Normal,6,2025-03-25,2025-03-30,2025-03-29,Completed,No,Dulani Jayasuriya
SR-25-00504,ST-4410,Aurelle,Line 3,Size Set,High,18,2025-03-25,2025-04-01,2025-04-02,Completed,No,Nethmi Perera
SR-25-00505,ST-4414,Aurelle,Line 4,Size Set,Normal,20,2025-03-25,2025-04-01,2025-03-30,Completed,No,Hiruni Gunasekara
SR-25-00506,ST-4445,Kindred,Line 5,Salesman Sample (SMS),High,48,2025-03-26,2025-04-06,2025-04-04,Completed,No,Dulani Jayasuriya
SR-25-00507,ST-4414,Aurelle,Line 6,Proto,High,2,2025-03-26,2025-03-30,2025-04-01,Completed,No,Hiruni Gunasekara
SR-25-00508,ST-4462,Kindred,Line 6,Proto,High,3,2025-03-26,2025-03-30,2025-04-02,Completed,No,Ashen Rathnayake
SR-25-00509,ST-4414,Aurelle,Line 2,Pre-Production,Normal,15,2025-03-26,2025-04-03,2025-04-04,Completed,No,Nethmi Perera
SR-25-00510,ST-4509,Kindred,Line 6,Pre-Production,Urgent,15,2025-03-27,2025-04-03,2025-04-06,Completed,No,Kavindu Fernando
SR-25-00511,ST-4454,Aurelle,Line 5,Proto,Urgent,3,2025-03-27,2025-04-01,2025-03-29,Completed,No,Kavindu Fernando
SR-25-00512,ST-4468,Lunaria,Line 1,Fit,Normal,4,2025-03-27,2025-04-03,2025-04-01,Completed,No,Ashen Rathnayake
SR-25-00513,ST-4427,Aurelle,Line 3,Proto,Normal,1,2025-03-27,2025-03-31,2025-03-31,Completed,No,Hiruni Gunasekara
SR-25-00514,ST-4488,Lunaria,Line 4,Fit,Normal,4,2025-03-28,2025-04-04,2025-04-04,Completed,No,Sachini Silva
SR-25-00515,ST-4458,Aurelle,Line 1,Proto,Normal,2,2025-03-28,2025-04-01,2025-04-01,Completed,No,Nethmi Perera
SR-25-00516,ST-4403,Aurelle,Line 2,Salesman Sample (SMS),Normal,45,2025-03-28,2025-04-08,2025-04-03,Completed,No,Nethmi Perera
SR-25-00517,ST-4502,Velora,Line 2,Proto,Normal,3,2025-03-28,2025-04-01,2025-03-29,Completed,No,Ashen Rathnayake
SR-25-00518,ST-4462,Kindred,Line 3,Fit,Normal,5,2025-03-28,2025-04-02,2025-03-31,Completed,No,Nethmi Perera
SR-25-00519,ST-4473,Lunaria,Line 2,Size Set,Normal,6,2025-03-28,2025-04-06,2025-04-02,Completed,No,Dulani Jayasuriya
SR-25-00520,ST-4445,Kindred,Line 1,Size Set,Normal,18,2025-03-28,2025-04-05,2025-04-04,Completed,No,Hiruni Gunasekara
SR-25-00521,ST-4516,Velora,Line 1,Pre-Production,Normal,20,2025-03-28,2025-04-05,2025-04-05,Completed,No,Kavindu Fernando
SR-25-00522,ST-4457,Kindred,Line 2,Pre-Production,Normal,26,2025-03-29,2025-04-06,2025-04-05,Completed,No,Dulani Jayasuriya
SR-25-00523,ST-4503,Aurelle,Line 2,Proto,Normal,3,2025-03-29,2025-04-02,2025-03-31,Completed,No,Nethmi Perera
SR-25-00524,ST-4429,Aurelle,Line 2,Fit,Normal,4,2025-03-29,2025-04-05,2025-03-30,Completed,No,Sachini Silva
SR-25-00525,ST-4476,Northline,Line 2,Salesman Sample (SMS),Normal,46,2025-03-29,2025-04-07,2025-04-03,Completed,No,Sachini Silva
SR-25-00526,ST-4504,Aurelle,Line 2,Fit,Normal,2,2025-03-29,2025-04-05,2025-04-04,Completed,No,Sachini Silva
SR-25-00527,ST-4473,Lunaria,Line 3,Size Set,Normal,17,2025-03-31,2025-04-09,2025-04-07,Completed,No,Ashen Rathnayake
SR-25-00528,ST-4434,Aurelle,Line 5,Fit,Normal,4,2025-03-31,2025-04-07,2025-04-03,Completed,No,Dulani Jayasuriya
SR-25-00529,ST-4405,Velora,Line 2,Proto,Normal,1,2025-03-31,2025-04-06,2025-04-04,Completed,No,Dulani Jayasuriya
SR-25-00530,ST-4433,Aurelle,Line 6,Size Set,Normal,12,2025-03-31,2025-04-09,2025-04-06,Completed,No,Dulani Jayasuriya
SR-25-00531,ST-4517,Aurelle,Line 4,Fit,Normal,4,2025-04-01,2025-04-07,2025-04-07,Completed,No,Ashen Rathnayake
SR-25-00532,ST-4470,Aurelle,Line 3,Fit,Normal,2,2025-04-01,2025-04-06,2025-04-05,Completed,No,Dulani Jayasuriya
SR-25-00533,ST-4479,Aurelle,Line 1,Proto,High,3,2025-04-01,2025-04-07,2025-04-04,Completed,No,Dulani Jayasuriya
SR-25-00534,ST-4405,Velora,Line 6,Proto,Normal,2,2025-04-02,2025-04-07,2025-04-08,Completed,No,Kavindu Fernando
SR-25-00535,ST-4494,Velora,Line 6,Proto,Urgent,1,2025-04-02,2025-04-06,2025-04-05,Completed,No,Dulani Jayasuriya
SR-25-00536,ST-4459,Lunaria,Line 2,Proto,Normal,1,2025-04-02,2025-04-07,2025-04-10,Completed,Yes,Hiruni Gunasekara
SR-25-00537,ST-4462,Kindred,Line 1,Salesman Sample (SMS),Normal,44,2025-04-03,2025-04-13,2025-04-13,Completed,No,Dulani Jayasuriya
SR-25-00538,ST-4464,Aurelle,Line 3,Size Set,Normal,10,2025-04-03,2025-04-10,2025-04-08,Completed,No,Dulani Jayasuriya
SR-25-00539,ST-4405,Velora,Line 1,Fit,Normal,4,2025-04-03,2025-04-10,2025-04-06,Completed,No,Kavindu Fernando
SR-25-00540,ST-4452,Aurelle,Line 6,Pre-Production,High,12,2025-04-03,2025-04-12,2025-04-10,Completed,No,Nethmi Perera
SR-25-00541,ST-4474,Kindred,Line 3,Size Set,High,14,2025-04-03,2025-04-11,2025-04-10,Completed,No,Kavindu Fernando
SR-25-00542,ST-4404,Lunaria,Line 1,Salesman Sample (SMS),Normal,34,2025-04-03,2025-04-12,2025-04-12,Completed,No,Dulani Jayasuriya
SR-25-00543,ST-4428,Aurelle,Line 3,Salesman Sample (SMS),Normal,37,2025-04-04,2025-04-14,2025-04-15,Completed,No,Dulani Jayasuriya
SR-25-00544,ST-4510,Lunaria,Line 5,Size Set,Normal,12,2025-04-04,2025-04-11,2025-04-10,Completed,No,Nethmi Perera
SR-25-00545,ST-4479,Aurelle,Line 1,Size Set,Normal,18,2025-04-04,2025-04-12,2025-04-08,Completed,No,Kavindu Fernando
SR-25-00546,ST-4404,Lunaria,Line 5,Proto,Normal,1,2025-04-04,2025-04-09,2025-04-11,Completed,Yes,Kavindu Fernando
SR-25-00547,ST-4487,Northline,Line 4,Proto,High,3,2025-04-05,2025-04-10,2025-04-09,Completed,No,Sachini Silva
SR-25-00548,ST-4490,Northline,Line 3,Proto,High,2,2025-04-05,2025-04-09,2025-04-08,Completed,No,Sachini Silva
SR-25-00549,ST-4440,Northline,Line 4,Pre-Production,Urgent,23,2025-04-05,2025-04-14,2025-04-12,Completed,No,Nethmi Perera
SR-25-00550,ST-4413,Lunaria,Line 5,Salesman Sample (SMS),Normal,31,2025-04-07,2025-04-18,2025-04-13,Completed,No,Hiruni Gunasekara
SR-25-00551,ST-4459,Lunaria,Line 4,Fit,High,4,2025-04-07,2025-04-12,2025-04-10,Completed,No,Hiruni Gunasekara
SR-25-00552,ST-4408,Velora,Line 3,Size Set,Normal,18,2025-04-07,2025-04-14,2025-04-15,Completed,No,Nethmi Perera
SR-25-00553,ST-4483,Aurelle,Line 1,Fit,High,6,2025-04-08,2025-04-14,2025-04-13,Completed,No,Sachini Silva
SR-25-00554,ST-4428,Aurelle,Line 3,Pre-Production,Normal,22,2025-04-08,2025-04-17,2025-04-15,Completed,No,Ashen Rathnayake
SR-25-00555,ST-4469,Northline,Line 1,Fit,Normal,4,2025-04-08,2025-04-13,2025-04-11,Completed,No,Kavindu Fernando
SR-25-00556,ST-4501,Aurelle,Line 5,Fit,Normal,3,2025-04-08,2025-04-14,2025-04-13,Completed,No,Dulani Jayasuriya
SR-25-00557,ST-4504,Aurelle,Line 1,Pre-Production,Normal,30,2025-04-09,2025-04-19,2025-04-16,Completed,No,Hiruni Gunasekara
SR-25-00558,ST-4450,Lunaria,Line 5,Fit,Normal,5,2025-04-09,2025-04-16,2025-04-13,Completed,No,Kavindu Fernando
SR-25-00559,ST-4451,Aurelle,Line 6,Fit,Normal,6,2025-04-09,2025-04-15,2025-04-14,Completed,No,Kavindu Fernando
SR-25-00560,ST-4467,Lunaria,Line 3,Size Set,Normal,7,2025-04-09,2025-04-17,2025-04-13,Completed,No,Dulani Jayasuriya
SR-25-00561,ST-4451,Aurelle,Line 3,Proto,High,1,2025-04-09,2025-04-14,2025-04-12,Completed,No,Hiruni Gunasekara
SR-25-00562,ST-4438,Kindred,Line 5,Fit,Normal,3,2025-04-09,2025-04-15,2025-04-14,Completed,No,Ashen Rathnayake
SR-25-00563,ST-4455,Velora,Line 1,Size Set,Normal,8,2025-04-10,2025-04-19,2025-04-16,Completed,No,Hiruni Gunasekara
SR-25-00564,ST-4462,Kindred,Line 2,Proto,Urgent,1,2025-04-10,2025-04-14,2025-04-12,Completed,No,Hiruni Gunasekara
SR-25-00565,ST-4438,Kindred,Line 3,Proto,High,1,2025-04-10,2025-04-15,2025-04-13,Completed,No,Dulani Jayasuriya
SR-25-00566,ST-4464,Aurelle,Line 5,Proto,Normal,1,2025-04-10,2025-04-14,2025-04-13,Completed,No,Nethmi Perera
SR-25-00567,ST-4486,Velora,Line 1,Pre-Production,Normal,25,2025-04-10,2025-04-18,2025-04-22,Completed,Yes,Dulani Jayasuriya
SR-25-00568,ST-4452,Aurelle,Line 4,Pre-Production,Normal,12,2025-04-11,2025-04-20,2025-04-20,Completed,No,Hiruni Gunasekara
SR-25-00569,ST-4473,Lunaria,Line 5,Fit,Normal,5,2025-04-11,2025-04-18,2025-04-16,Completed,No,Hiruni Gunasekara
SR-25-00570,ST-4402,Northline,Line 2,Proto,Normal,2,2025-04-11,2025-04-16,2025-04-14,Completed,No,Kavindu Fernando
SR-25-00571,ST-4437,Lunaria,Line 1,Pre-Production,Normal,18,2025-04-11,2025-04-20,2025-04-18,Completed,No,Hiruni Gunasekara
SR-25-00572,ST-4502,Velora,Line 5,Size Set,Urgent,18,2025-04-12,2025-04-19,2025-04-21,Completed,No,Sachini Silva
SR-25-00573,ST-4402,Northline,Line 1,Size Set,Normal,16,2025-04-12,2025-04-19,2025-04-18,Completed,No,Nethmi Perera
SR-25-00574,ST-4434,Aurelle,Line 3,Fit,Normal,2,2025-04-12,2025-04-17,2025-04-15,Completed,No,Ashen Rathnayake
SR-25-00575,ST-4497,Kindred,Line 4,Size Set,Normal,17,2025-04-12,2025-04-19,2025-04-18,Completed,No,Nethmi Perera
SR-25-00576,ST-4466,Lunaria,Line 3,Salesman Sample (SMS),High,52,2025-04-12,2025-04-21,2025-04-23,Completed,No,Kavindu Fernando
SR-25-00577,ST-4407,Velora,Line 4,Pre-Production,Normal,12,2025-04-12,2025-04-21,2025-04-20,Completed,No,Kavindu Fernando
SR-25-00578,ST-4429,Aurelle,Line 5,Fit,Normal,2,2025-04-12,2025-04-19,2025-04-16,Completed,No,Hiruni Gunasekara
SR-25-00579,ST-4488,Lunaria,Line 6,Fit,Normal,2,2025-04-12,2025-04-18,2025-04-21,Completed,No,Dulani Jayasuriya
SR-25-00580,ST-4479,Aurelle,Line 4,Salesman Sample (SMS),High,30,2025-04-12,2025-04-21,2025-04-21,Completed,No,Kavindu Fernando
SR-25-00581,ST-4422,Velora,Line 3,Size Set,Urgent,10,2025-04-14,2025-04-20,2025-04-21,Completed,No,Hiruni Gunasekara
SR-25-00582,ST-4492,Aurelle,Line 6,Proto,Normal,3,2025-04-14,2025-04-20,2025-04-17,Completed,No,Ashen Rathnayake
SR-25-00583,ST-4401,Kindred,Line 1,Proto,High,1,2025-04-14,2025-04-18,2025-04-16,Completed,No,Hiruni Gunasekara
SR-25-00584,ST-4478,Aurelle,Line 3,Proto,Urgent,3,2025-04-15,2025-04-18,2025-04-18,Completed,No,Sachini Silva
SR-25-00585,ST-4412,Velora,Line 3,Pre-Production,Normal,10,2025-04-15,2025-04-23,2025-04-22,Completed,No,Sachini Silva
SR-25-00586,ST-4432,Kindred,Line 2,Pre-Production,Normal,19,2025-04-15,2025-04-25,2025-04-24,Completed,No,Nethmi Perera
SR-25-00587,ST-4513,Aurelle,Line 4,Fit,High,6,2025-04-15,2025-04-20,2025-04-18,Completed,No,Ashen Rathnayake
SR-25-00588,ST-4462,Kindred,Line 1,Fit,Normal,6,2025-04-15,2025-04-22,2025-04-20,Completed,No,Sachini Silva
SR-25-00589,ST-4435,Aurelle,Line 6,Fit,High,2,2025-04-15,2025-04-22,2025-04-21,Completed,No,Kavindu Fernando
SR-25-00590,ST-4502,Velora,Line 4,Proto,Normal,1,2025-04-15,2025-04-21,2025-04-18,Completed,No,Nethmi Perera
SR-25-00591,ST-4463,Velora,Line 6,Fit,Normal,4,2025-04-15,2025-04-22,2025-04-21,Completed,No,Ashen Rathnayake
SR-25-00592,ST-4507,Aurelle,Line 1,Size Set,Normal,9,2025-04-16,2025-04-24,2025-04-20,Completed,No,Dulani Jayasuriya
SR-25-00593,ST-4423,Aurelle,Line 3,Salesman Sample (SMS),Urgent,59,2025-04-16,2025-04-24,2025-04-21,Completed,No,Dulani Jayasuriya
SR-25-00594,ST-4489,Northline,Line 3,Proto,Normal,3,2025-04-16,2025-04-21,2025-04-19,Completed,No,Hiruni Gunasekara
SR-25-00595,ST-4439,Aurelle,Line 4,Fit,Normal,4,2025-04-16,2025-04-22,2025-04-19,Completed,No,Ashen Rathnayake
SR-25-00596,ST-4441,Northline,Line 6,Fit,Normal,2,2025-04-17,2025-04-22,2025-04-27,Completed,Yes,Hiruni Gunasekara
SR-25-00597,ST-4432,Kindred,Line 5,Proto,Normal,2,2025-04-17,2025-04-23,2025-04-22,Completed,No,Nethmi Perera
SR-25-00598,ST-4436,Aurelle,Line 1,Size Set,Normal,13,2025-04-17,2025-04-25,2025-04-25,Completed,No,Ashen Rathnayake
SR-25-00599,ST-4415,Aurelle,Line 2,Fit,Normal,3,2025-04-18,2025-04-25,2025-04-23,Completed,No,Sachini Silva
SR-25-00600,ST-4429,Aurelle,Line 1,Fit,Normal,6,2025-04-18,2025-04-23,2025-04-21,Completed,No,Kavindu Fernando
SR-25-00601,ST-4424,Kindred,Line 4,Size Set,Normal,9,2025-04-19,2025-04-28,2025-04-26,Completed,No,Ashen Rathnayake
SR-25-00602,ST-4454,Aurelle,Line 2,Proto,High,3,2025-04-19,2025-04-23,2025-04-26,Completed,Yes,Ashen Rathnayake
SR-25-00603,ST-4471,Northline,Line 2,Fit,Normal,6,2025-04-19,2025-04-24,2025-04-24,Completed,Yes,Hiruni Gunasekara
SR-25-00604,ST-4420,Aurelle,Line 2,Size Set,Urgent,16,2025-04-19,2025-04-26,2025-04-23,Completed,No,Hiruni Gunasekara
SR-25-00605,ST-4445,Kindred,Line 5,Size Set,High,16,2025-04-19,2025-04-28,2025-04-26,Completed,No,Hiruni Gunasekara
SR-25-00606,ST-4439,Aurelle,Line 1,Salesman Sample (SMS),Normal,49,2025-04-19,2025-04-30,2025-04-27,Completed,No,Nethmi Perera
SR-25-00607,ST-4423,Aurelle,Line 1,Salesman Sample (SMS),Normal,46,2025-04-19,2025-04-29,2025-04-27,Completed,No,Ashen Rathnayake
SR-25-00608,ST-4405,Velora,Line 1,Fit,High,2,2025-04-21,2025-04-27,2025-04-24,Completed,No,Nethmi Perera
SR-25-00609,ST-4506,Aurelle,Line 1,Size Set,Normal,18,2025-04-21,2025-04-30,2025-04-26,Completed,No,Hiruni Gunasekara
SR-25-00610,ST-4442,Velora,Line 4,Fit,Normal,2,2025-04-21,2025-04-28,2025-04-26,Completed,No,Kavindu Fernando
SR-25-00611,ST-4454,Aurelle,Line 5,Fit,Normal,6,2025-04-21,2025-04-27,2025-04-26,Completed,No,Sachini Silva
SR-25-00612,ST-4435,Aurelle,Line 4,Pre-Production,Normal,19,2025-04-21,2025-04-30,2025-04-27,Completed,No,Kavindu Fernando
SR-25-00613,ST-4463,Velora,Line 3,Size Set,Normal,7,2025-04-22,2025-04-29,2025-04-30,Completed,No,Dulani Jayasuriya
SR-25-00614,ST-4404,Lunaria,Line 4,Salesman Sample (SMS),High,54,2025-04-22,2025-05-02,2025-05-01,Completed,No,Hiruni Gunasekara
SR-25-00615,ST-4447,Lunaria,Line 3,Fit,Normal,3,2025-04-22,2025-04-28,2025-04-27,Completed,No,Nethmi Perera
SR-25-00616,ST-4430,Lunaria,Line 2,Salesman Sample (SMS),Normal,53,2025-04-22,2025-05-02,2025-04-30,Completed,No,Sachini Silva
SR-25-00617,ST-4495,Aurelle,Line 4,Proto,Normal,2,2025-04-22,2025-04-28,2025-04-24,Completed,No,Sachini Silva
SR-25-00618,ST-4434,Aurelle,Line 4,Fit,Normal,2,2025-04-22,2025-04-29,2025-04-28,Completed,No,Kavindu Fernando
SR-25-00619,ST-4473,Lunaria,Line 5,Fit,Normal,2,2025-04-22,2025-04-28,2025-04-27,Completed,No,Ashen Rathnayake
SR-25-00620,ST-4471,Northline,Line 6,Fit,Normal,5,2025-04-22,2025-04-28,2025-04-28,Completed,No,Hiruni Gunasekara
SR-25-00621,ST-4429,Aurelle,Line 2,Proto,Urgent,3,2025-04-23,2025-04-27,2025-04-24,Completed,No,Dulani Jayasuriya
SR-25-00622,ST-4402,Northline,Line 5,Fit,High,3,2025-04-23,2025-04-28,2025-04-29,Completed,No,Hiruni Gunasekara
SR-25-00623,ST-4455,Velora,Line 1,Pre-Production,Normal,14,2025-04-23,2025-05-02,2025-05-01,Completed,No,Kavindu Fernando
SR-25-00624,ST-4460,Velora,Line 5,Fit,Normal,5,2025-04-23,2025-04-29,2025-04-29,Completed,No,Nethmi Perera
SR-25-00625,ST-4460,Velora,Line 4,Fit,High,5,2025-04-24,2025-05-01,2025-04-27,Completed,No,Sachini Silva
SR-25-00626,ST-4408,Velora,Line 5,Size Set,Normal,14,2025-04-24,2025-05-01,2025-05-01,Completed,No,Nethmi Perera
SR-25-00627,ST-4466,Lunaria,Line 3,Proto,Normal,1,2025-04-24,2025-04-29,2025-04-26,Completed,No,Hiruni Gunasekara
SR-25-00628,ST-4432,Kindred,Line 5,Fit,Urgent,4,2025-04-25,2025-05-01,2025-04-30,Completed,No,Dulani Jayasuriya
SR-25-00629,ST-4434,Aurelle,Line 1,Fit,Normal,4,2025-04-25,2025-04-30,2025-04-28,Completed,No,Sachini Silva
SR-25-00630,ST-4414,Aurelle,Line 1,Pre-Production,Normal,26,2025-04-25,2025-05-05,2025-05-04,Completed,Yes,Dulani Jayasuriya
SR-25-00631,ST-4444,Lunaria,Line 4,Proto,High,2,2025-04-25,2025-05-01,2025-05-01,Completed,No,Dulani Jayasuriya
SR-25-00632,ST-4474,Kindred,Line 5,Fit,Normal,5,2025-04-25,2025-05-02,2025-05-02,Completed,Yes,Kavindu Fernando
SR-25-00633,ST-4518,Northline,Line 5,Pre-Production,Urgent,15,2025-04-25,2025-05-04,2025-04-30,Completed,No,Dulani Jayasuriya
SR-25-00634,ST-4494,Velora,Line 1,Proto,Normal,1,2025-04-26,2025-05-01,2025-05-01,Completed,No,Hiruni Gunasekara
SR-25-00635,ST-4444,Lunaria,Line 3,Size Set,Normal,8,2025-04-26,2025-05-04,2025-04-30,Completed,No,Sachini Silva
SR-25-00636,ST-4471,Northline,Line 2,Proto,Normal,3,2025-04-26,2025-05-02,2025-04-27,Completed,No,Kavindu Fernando
SR-25-00637,ST-4463,Velora,Line 2,Fit,Normal,4,2025-04-26,2025-05-02,2025-04-30,Completed,No,Ashen Rathnayake
SR-25-00638,ST-4445,Kindred,Line 4,Fit,Normal,6,2025-04-26,2025-05-01,2025-05-03,Completed,Yes,Sachini Silva
SR-25-00639,ST-4486,Velora,Line 5,Proto,Normal,2,2025-04-26,2025-05-02,2025-04-30,Completed,No,Ashen Rathnayake
SR-25-00640,ST-4512,Aurelle,Line 6,Pre-Production,Normal,15,2025-04-26,2025-05-05,2025-05-02,Completed,No,Dulani Jayasuriya
SR-25-00641,ST-4456,Lunaria,Line 2,Proto,Normal,1,2025-04-26,2025-04-30,2025-04-27,Completed,No,Dulani Jayasuriya
SR-25-00642,ST-4401,Kindred,Line 4,Size Set,Normal,18,2025-04-28,2025-05-07,2025-05-05,Completed,No,Sachini Silva
SR-25-00643,ST-4408,Velora,Line 3,Salesman Sample (SMS),High,53,2025-04-28,2025-05-09,2025-05-06,Completed,No,Kavindu Fernando
SR-25-00644,ST-4489,Northline,Line 4,Size Set,High,7,2025-04-29,2025-05-07,2025-05-06,Completed,No,Sachini Silva
SR-25-00645,ST-4484,Kindred,Line 4,Salesman Sample (SMS),High,37,2025-04-30,2025-05-10,2025-05-09,Completed,No,Sachini Silva
SR-25-00646,ST-4420,Aurelle,Line 4,Fit,Normal,4,2025-04-30,2025-05-07,2025-05-03,Completed,No,Ashen Rathnayake
SR-25-00647,ST-4514,Lunaria,Line 4,Size Set,Normal,16,2025-04-30,2025-05-07,2025-05-06,Completed,No,Dulani Jayasuriya
SR-25-00648,ST-4408,Velora,Line 2,Fit,Normal,6,2025-04-30,2025-05-07,2025-05-05,Completed,No,Kavindu Fernando
SR-25-00649,ST-4492,Aurelle,Line 5,Salesman Sample (SMS),High,49,2025-04-30,2025-05-11,2025-05-09,Completed,No,Ashen Rathnayake
SR-25-00650,ST-4516,Velora,Line 6,Proto,High,3,2025-04-30,2025-05-05,2025-05-07,Completed,No,Dulani Jayasuriya
SR-25-00651,ST-4416,Lunaria,Line 3,Pre-Production,Normal,13,2025-04-30,2025-05-09,2025-05-08,Completed,No,Ashen Rathnayake
SR-25-00652,ST-4411,Aurelle,Line 2,Size Set,Normal,17,2025-05-01,2025-05-09,2025-05-09,Completed,No,Ashen Rathnayake
SR-25-00653,ST-4506,Aurelle,Line 3,Fit,Urgent,4,2025-05-01,2025-05-05,2025-05-03,Completed,No,Hiruni Gunasekara
SR-25-00654,ST-4423,Aurelle,Line 1,Salesman Sample (SMS),Urgent,35,2025-05-01,2025-05-11,2025-05-08,Completed,No,Ashen Rathnayake
SR-25-00655,ST-4519,Velora,Line 2,Size Set,Normal,6,2025-05-01,2025-05-10,2025-05-06,Completed,No,Hiruni Gunasekara
SR-25-00656,ST-4415,Aurelle,Line 5,Fit,Normal,6,2025-05-01,2025-05-08,2025-05-04,Completed,No,Ashen Rathnayake
SR-25-00657,ST-4463,Velora,Line 3,Pre-Production,High,25,2025-05-02,2025-05-11,2025-05-08,Completed,No,Sachini Silva
SR-25-00658,ST-4463,Velora,Line 5,Pre-Production,High,21,2025-05-02,2025-05-11,2025-05-13,Completed,Yes,Dulani Jayasuriya
SR-25-00659,ST-4408,Velora,Line 4,Pre-Production,High,20,2025-05-02,2025-05-10,2025-05-08,Completed,No,Kavindu Fernando
SR-25-00660,ST-4463,Velora,Line 1,Proto,Normal,3,2025-05-02,2025-05-07,2025-05-03,Completed,No,Hiruni Gunasekara
SR-25-00661,ST-4457,Kindred,Line 2,Proto,Normal,3,2025-05-03,2025-05-08,2025-05-05,Completed,No,Hiruni Gunasekara
SR-25-00662,ST-4497,Kindred,Line 1,Proto,Normal,1,2025-05-03,2025-05-08,2025-05-05,Completed,No,Sachini Silva
SR-25-00663,ST-4412,Velora,Line 2,Salesman Sample (SMS),Urgent,36,2025-05-03,2025-05-13,2025-05-10,Completed,No,Nethmi Perera
SR-25-00664,ST-4454,Aurelle,Line 2,Pre-Production,Urgent,18,2025-05-05,2025-05-12,2025-05-12,Completed,No,Kavindu Fernando
SR-25-00665,ST-4435,Aurelle,Line 2,Pre-Production,Normal,11,2025-05-06,2025-05-14,2025-05-11,Completed,No,Kavindu Fernando
SR-25-00666,ST-4437,Lunaria,Line 6,Proto,Normal,1,2025-05-06,2025-05-10,2025-05-12,Completed,Yes,Sachini Silva
SR-25-00667,ST-4417,Lunaria,Line 1,Fit,High,5,2025-05-06,2025-05-13,2025-05-08,Completed,No,Nethmi Perera
SR-25-00668,ST-4484,Kindred,Line 5,Size Set,Normal,11,2025-05-07,2025-05-14,2025-05-13,Completed,No,Kavindu Fernando
SR-25-00669,ST-4497,Kindred,Line 2,Pre-Production,Normal,30,2025-05-07,2025-05-15,2025-05-14,Completed,No,Kavindu Fernando
SR-25-00670,ST-4495,Aurelle,Line 6,Proto,High,1,2025-05-07,2025-05-12,2025-05-14,Completed,No,Sachini Silva
SR-25-00671,ST-4517,Aurelle,Line 2,Fit,Normal,6,2025-05-07,2025-05-13,2025-05-10,Completed,No,Nethmi Perera
SR-25-00672,ST-4431,Kindred,Line 2,Fit,Normal,6,2025-05-08,2025-05-14,2025-05-11,Completed,No,Sachini Silva
SR-25-00673,ST-4499,Lunaria,Line 4,Proto,Normal,1,2025-05-09,2025-05-14,2025-05-12,Completed,No,Nethmi Perera
SR-25-00674,ST-4440,Northline,Line 6,Proto,Normal,3,2025-05-10,2025-05-16,2025-05-13,Completed,No,Ashen Rathnayake
SR-25-00675,ST-4471,Northline,Line 6,Fit,Normal,3,2025-05-10,2025-05-17,2025-05-14,Completed,No,Dulani Jayasuriya
SR-25-00676,ST-4400,Velora,Line 4,Pre-Production,Normal,26,2025-05-10,2025-05-20,2025-05-19,Completed,No,Kavindu Fernando
SR-25-00677,ST-4501,Aurelle,Line 6,Fit,Normal,5,2025-05-10,2025-05-16,2025-05-15,Completed,No,Nethmi Perera
SR-25-00678,ST-4437,Lunaria,Line 4,Size Set,Normal,15,2025-05-10,2025-05-17,2025-05-18,Completed,No,Kavindu Fernando
SR-25-00679,ST-4440,Northline,Line 5,Salesman Sample (SMS),Normal,54,2025-05-12,2025-05-23,2025-05-23,Completed,No,Kavindu Fernando
SR-25-00680,ST-4491,Kindred,Line 2,Salesman Sample (SMS),Normal,54,2025-05-12,2025-05-22,2025-05-21,Completed,No,Dulani Jayasuriya
SR-25-00681,ST-4509,Kindred,Line 5,Salesman Sample (SMS),High,59,2025-05-12,2025-05-23,2025-05-19,Completed,No,Hiruni Gunasekara
SR-25-00682,ST-4470,Aurelle,Line 2,Fit,High,3,2025-05-12,2025-05-18,2025-05-16,Completed,No,Ashen Rathnayake
SR-25-00683,ST-4478,Aurelle,Line 2,Fit,Normal,4,2025-05-12,2025-05-17,2025-05-16,Completed,No,Sachini Silva
SR-25-00684,ST-4477,Velora,Line 1,Fit,Normal,4,2025-05-13,2025-05-18,2025-05-14,Completed,No,Sachini Silva
SR-25-00685,ST-4453,Lunaria,Line 2,Fit,Normal,3,2025-05-13,2025-05-19,2025-05-14,Completed,No,Hiruni Gunasekara
SR-25-00686,ST-4431,Kindred,Line 2,Fit,Normal,5,2025-05-13,2025-05-18,2025-05-16,Completed,No,Dulani Jayasuriya
SR-25-00687,ST-4407,Velora,Line 3,Salesman Sample (SMS),Urgent,25,2025-05-14,2025-05-23,2025-05-21,Completed,No,Ashen Rathnayake
SR-25-00688,ST-4483,Aurelle,Line 3,Fit,Normal,6,2025-05-14,2025-05-20,2025-05-19,Completed,No,Kavindu Fernando
SR-25-00689,ST-4473,Lunaria,Line 4,Proto,Normal,2,2025-05-14,2025-05-19,2025-05-17,Completed,No,Hiruni Gunasekara
SR-25-00690,ST-4479,Aurelle,Line 4,Size Set,Normal,19,2025-05-14,2025-05-23,2025-05-21,Completed,No,Sachini Silva
SR-25-00691,ST-4422,Velora,Line 2,Proto,Normal,2,2025-05-14,2025-05-18,2025-05-16,Completed,No,Ashen Rathnayake
SR-25-00692,ST-4412,Velora,Line 2,Proto,Normal,1,2025-05-15,2025-05-19,2025-05-19,Completed,No,Sachini Silva
SR-25-00693,ST-4492,Aurelle,Line 2,Fit,Normal,5,2025-05-15,2025-05-21,2025-05-20,Completed,No,Ashen Rathnayake
SR-25-00694,ST-4457,Kindred,Line 6,Salesman Sample (SMS),Normal,21,2025-05-15,2025-05-25,2025-05-26,Completed,No,Kavindu Fernando
SR-25-00695,ST-4484,Kindred,Line 6,Pre-Production,Normal,26,2025-05-15,2025-05-25,2025-05-24,Completed,No,Dulani Jayasuriya
SR-25-00696,ST-4461,Kindred,Line 3,Salesman Sample (SMS),Normal,36,2025-05-16,2025-05-26,2025-05-23,Completed,No,Hiruni Gunasekara
SR-25-00697,ST-4507,Aurelle,Line 5,Proto,High,3,2025-05-16,2025-05-21,2025-05-24,Completed,Yes,Dulani Jayasuriya
SR-25-00698,ST-4418,Velora,Line 1,Fit,Normal,6,2025-05-17,2025-05-23,2025-05-18,Completed,No,Dulani Jayasuriya
SR-25-00699,ST-4510,Lunaria,Line 6,Proto,High,2,2025-05-17,2025-05-21,2025-05-21,Completed,No,Dulani Jayasuriya
SR-25-00700,ST-4464,Aurelle,Line 4,Salesman Sample (SMS),High,23,2025-05-19,2025-05-28,2025-05-27,Completed,No,Nethmi Perera
SR-25-00701,ST-4511,Velora,Line 3,Pre-Production,Normal,13,2025-05-20,2025-05-30,2025-05-25,Completed,No,Kavindu Fernando
SR-25-00702,ST-4424,Kindred,Line 2,Salesman Sample (SMS),Normal,46,2025-05-20,2025-05-30,2025-05-26,Completed,No,Nethmi Perera
SR-25-00703,ST-4409,Northline,Line 3,Pre-Production,Normal,29,2025-05-20,2025-05-29,2025-05-27,Completed,No,Kavindu Fernando
SR-25-00704,ST-4440,Northline,Line 4,Fit,Normal,5,2025-05-20,2025-05-27,2025-05-24,Completed,No,Sachini Silva
SR-25-00705,ST-4446,Velora,Line 1,Fit,Normal,6,2025-05-20,2025-05-26,2025-05-22,Completed,No,Hiruni Gunasekara
SR-25-00706,ST-4403,Aurelle,Line 6,Fit,Normal,2,2025-05-21,2025-05-26,2025-05-27,Completed,No,Hiruni Gunasekara
SR-25-00707,ST-4511,Velora,Line 4,Salesman Sample (SMS),Urgent,46,2025-05-21,2025-05-30,2025-05-28,Completed,No,Kavindu Fernando
SR-25-00708,ST-4470,Aurelle,Line 2,Pre-Production,Normal,23,2025-05-21,2025-05-29,2025-05-27,Completed,No,Sachini Silva
SR-25-00709,ST-4477,Velora,Line 1,Fit,Urgent,5,2025-05-21,2025-05-25,2025-05-22,Completed,No,Hiruni Gunasekara
SR-25-00710,ST-4428,Aurelle,Line 1,Fit,Normal,3,2025-05-21,2025-05-26,2025-05-26,Completed,No,Sachini Silva
SR-25-00711,ST-4415,Aurelle,Line 4,Proto,Urgent,3,2025-05-22,2025-05-25,2025-05-26,Completed,No,Kavindu Fernando
SR-25-00712,ST-4499,Lunaria,Line 5,Proto,Normal,2,2025-05-23,2025-05-27,2025-05-26,Completed,No,Ashen Rathnayake
SR-25-00713,ST-4507,Aurelle,Line 3,Salesman Sample (SMS),Normal,38,2025-05-23,2025-06-01,2025-05-29,Completed,No,Hiruni Gunasekara
SR-25-00714,ST-4508,Aurelle,Line 6,Fit,High,4,2025-05-23,2025-05-30,2025-05-29,Completed,No,Dulani Jayasuriya
SR-25-00715,ST-4417,Lunaria,Line 6,Proto,Normal,2,2025-05-24,2025-05-30,2025-05-29,Completed,No,Kavindu Fernando
SR-25-00716,ST-4475,Velora,Line 6,Proto,Normal,3,2025-05-24,2025-05-28,2025-05-27,Completed,No,Kavindu Fernando
SR-25-00717,ST-4404,Lunaria,Line 6,Proto,Normal,3,2025-05-24,2025-05-28,2025-05-26,Completed,No,Hiruni Gunasekara
SR-25-00718,ST-4514,Lunaria,Line 6,Fit,Normal,6,2025-05-24,2025-05-30,2025-05-29,Completed,No,Kavindu Fernando
SR-25-00719,ST-4430,Lunaria,Line 5,Fit,Normal,5,2025-05-26,2025-06-01,2025-05-30,Completed,No,Dulani Jayasuriya
SR-25-00720,ST-4508,Aurelle,Line 4,Proto,High,3,2025-05-26,2025-05-30,2025-05-27,Completed,No,Dulani Jayasuriya
SR-25-00721,ST-4478,Aurelle,Line 3,Salesman Sample (SMS),High,26,2025-05-26,2025-06-04,2025-06-05,Completed,No,Nethmi Perera
SR-25-00722,ST-4463,Velora,Line 2,Fit,Normal,5,2025-05-26,2025-05-31,2025-05-30,Completed,No,Dulani Jayasuriya
SR-25-00723,ST-4419,Kindred,Line 6,Size Set,High,15,2025-05-27,2025-06-05,2025-06-02,Completed,No,Nethmi Perera
SR-25-00724,ST-4505,Aurelle,Line 1,Fit,Normal,3,2025-05-27,2025-06-02,2025-06-01,Completed,No,Kavindu Fernando
SR-25-00725,ST-4505,Aurelle,Line 6,Salesman Sample (SMS),Normal,51,2025-05-27,2025-06-07,2025-06-05,Completed,No,Dulani Jayasuriya
SR-25-00726,ST-4444,Lunaria,Line 3,Fit,Normal,3,2025-05-28,2025-06-03,2025-06-01,Completed,No,Nethmi Perera
SR-25-00727,ST-4472,Northline,Line 2,Pre-Production,High,17,2025-05-28,2025-06-06,2025-06-02,Completed,No,Dulani Jayasuriya
SR-25-00728,ST-4465,Aurelle,Line 3,Size Set,Normal,16,2025-05-28,2025-06-05,2025-06-08,Completed,Yes,Sachini Silva
SR-25-00729,ST-4401,Kindred,Line 2,Salesman Sample (SMS),Normal,27,2025-05-29,2025-06-08,2025-06-06,Completed,No,Ashen Rathnayake
SR-25-00730,ST-4455,Velora,Line 3,Fit,Normal,3,2025-05-30,2025-06-05,2025-06-03,Completed,No,Hiruni Gunasekara
SR-25-00731,ST-4463,Velora,Line 4,Pre-Production,Normal,26,2025-05-30,2025-06-07,2025-06-05,Completed,No,Kavindu Fernando
SR-25-00732,ST-4431,Kindred,Line 3,Proto,Normal,1,2025-05-30,2025-06-03,2025-05-31,Completed,No,Ashen Rathnayake
SR-25-00733,ST-4410,Aurelle,Line 1,Pre-Production,High,16,2025-05-30,2025-06-09,2025-06-05,Completed,No,Kavindu Fernando
SR-25-00734,ST-4402,Northline,Line 4,Fit,Normal,5,2025-05-31,2025-06-07,2025-06-03,Completed,No,Ashen Rathnayake
SR-25-00735,ST-4443,Aurelle,Line 6,Salesman Sample (SMS),Normal,43,2025-06-02,2025-06-11,2025-06-12,Completed,No,Sachini Silva
SR-25-00736,ST-4407,Velora,Line 3,Size Set,Normal,19,2025-06-02,2025-06-11,2025-06-11,Completed,No,Kavindu Fernando
SR-25-00737,ST-4474,Kindred,Line 1,Proto,Normal,2,2025-06-03,2025-06-07,2025-06-04,Completed,No,Nethmi Perera
SR-25-00738,ST-4427,Aurelle,Line 5,Salesman Sample (SMS),Normal,51,2025-06-04,2025-06-15,2025-06-13,Completed,No,Nethmi Perera
SR-25-00739,ST-4425,Velora,Line 3,Proto,Normal,3,2025-06-04,2025-06-10,2025-06-06,Completed,No,Nethmi Perera
SR-25-00740,ST-4415,Aurelle,Line 3,Fit,Normal,4,2025-06-04,2025-06-11,2025-06-07,Completed,No,Dulani Jayasuriya
SR-25-00741,ST-4508,Aurelle,Line 2,Fit,Normal,2,2025-06-05,2025-06-10,2025-06-08,Completed,No,Dulani Jayasuriya
SR-25-00742,ST-4480,Velora,Line 4,Fit,Normal,4,2025-06-05,2025-06-10,2025-06-10,Completed,No,Sachini Silva
SR-25-00743,ST-4474,Kindred,Line 6,Pre-Production,Urgent,16,2025-06-05,2025-06-12,2025-06-09,Completed,No,Nethmi Perera
SR-25-00744,ST-4435,Aurelle,Line 6,Pre-Production,Normal,12,2025-06-05,2025-06-13,2025-06-12,Completed,No,Dulani Jayasuriya
SR-25-00745,ST-4415,Aurelle,Line 6,Proto,Normal,1,2025-06-05,2025-06-09,2025-06-07,Completed,No,Dulani Jayasuriya
SR-25-00746,ST-4403,Aurelle,Line 5,Proto,Normal,3,2025-06-05,2025-06-10,2025-06-06,Completed,No,Ashen Rathnayake
SR-25-00747,ST-4449,Lunaria,Line 4,Fit,Normal,6,2025-06-06,2025-06-12,2025-06-08,Completed,No,Nethmi Perera
SR-25-00748,ST-4444,Lunaria,Line 6,Pre-Production,High,23,2025-06-06,2025-06-16,2025-06-10,Completed,No,Sachini Silva
SR-25-00749,ST-4462,Kindred,Line 5,Fit,Normal,6,2025-06-07,2025-06-12,2025-06-09,Completed,No,Kavindu Fernando
SR-25-00750,ST-4468,Lunaria,Line 1,Pre-Production,High,26,2025-06-07,2025-06-17,2025-06-13,Completed,No,Hiruni Gunasekara
SR-25-00751,ST-4451,Aurelle,Line 5,Salesman Sample (SMS),Normal,37,2025-06-07,2025-06-17,2025-06-15,Completed,No,Kavindu Fernando
SR-25-00752,ST-4435,Aurelle,Line 2,Size Set,High,12,2025-06-09,2025-06-18,2025-06-13,Completed,No,Nethmi Perera
SR-25-00753,ST-4481,Aurelle,Line 1,Fit,Normal,6,2025-06-09,2025-06-14,2025-06-11,Completed,No,Kavindu Fernando
SR-25-00754,ST-4500,Kindred,Line 4,Fit,High,5,2025-06-09,2025-06-16,2025-06-14,Completed,No,Nethmi Perera
SR-25-00755,ST-4483,Aurelle,Line 3,Pre-Production,Normal,17,2025-06-09,2025-06-18,2025-06-15,Completed,No,Nethmi Perera
SR-25-00756,ST-4439,Aurelle,Line 5,Size Set,Normal,20,2025-06-10,2025-06-19,2025-06-17,Completed,No,Sachini Silva
SR-25-00757,ST-4516,Velora,Line 5,Salesman Sample (SMS),Normal,41,2025-06-10,2025-06-20,2025-06-18,Completed,No,Sachini Silva
SR-25-00758,ST-4491,Kindred,Line 6,Salesman Sample (SMS),Normal,26,2025-06-10,2025-06-21,2025-06-18,Completed,No,Hiruni Gunasekara
SR-25-00759,ST-4508,Aurelle,Line 4,Pre-Production,Normal,19,2025-06-10,2025-06-19,2025-06-16,Completed,No,Kavindu Fernando
SR-25-00760,ST-4475,Velora,Line 4,Fit,Normal,3,2025-06-10,2025-06-17,2025-06-14,Completed,No,Kavindu Fernando
SR-25-00761,ST-4406,Aurelle,Line 4,Fit,Urgent,6,2025-06-10,2025-06-14,2025-06-11,Completed,No,Dulani Jayasuriya
SR-25-00762,ST-4480,Velora,Line 4,Fit,Normal,3,2025-06-10,2025-06-17,2025-06-13,Completed,No,Ashen Rathnayake
SR-25-00763,ST-4479,Aurelle,Line 3,Fit,Normal,4,2025-06-11,2025-06-16,2025-06-15,Completed,No,Kavindu Fernando
SR-25-00764,ST-4429,Aurelle,Line 2,Size Set,High,20,2025-06-11,2025-06-18,2025-06-17,Completed,No,Nethmi Perera
SR-25-00765,ST-4405,Velora,Line 4,Size Set,Normal,12,2025-06-11,2025-06-18,2025-06-17,Completed,No,Dulani Jayasuriya
SR-25-00766,ST-4455,Velora,Line 3,Fit,Normal,3,2025-06-11,2025-06-17,2025-06-15,Completed,No,Sachini Silva
SR-25-00767,ST-4425,Velora,Line 2,Proto,Normal,3,2025-06-12,2025-06-16,2025-06-14,Completed,No,Kavindu Fernando
SR-25-00768,ST-4423,Aurelle,Line 2,Pre-Production,Normal,28,2025-06-12,2025-06-20,2025-06-22,Completed,No,Nethmi Perera
SR-25-00769,ST-4444,Lunaria,Line 2,Size Set,Normal,15,2025-06-12,2025-06-21,2025-06-16,Completed,No,Dulani Jayasuriya
SR-25-00770,ST-4428,Aurelle,Line 4,Salesman Sample (SMS),High,21,2025-06-12,2025-06-22,2025-06-20,Completed,No,Kavindu Fernando
SR-25-00771,ST-4465,Aurelle,Line 4,Fit,High,6,2025-06-13,2025-06-19,2025-06-17,Completed,No,Nethmi Perera
SR-25-00772,ST-4464,Aurelle,Line 1,Size Set,High,8,2025-06-13,2025-06-20,2025-06-17,Completed,No,Hiruni Gunasekara
SR-25-00773,ST-4470,Aurelle,Line 6,Fit,Urgent,2,2025-06-13,2025-06-18,2025-06-17,Completed,No,Kavindu Fernando
SR-25-00774,ST-4467,Lunaria,Line 5,Fit,Normal,3,2025-06-14,2025-06-21,2025-06-18,Completed,No,Nethmi Perera
SR-25-00775,ST-4500,Kindred,Line 5,Fit,Urgent,5,2025-06-14,2025-06-20,2025-06-18,Completed,No,Ashen Rathnayake
SR-25-00776,ST-4410,Aurelle,Line 2,Pre-Production,Normal,23,2025-06-16,2025-06-26,2025-06-21,Completed,No,Sachini Silva
SR-25-00777,ST-4463,Velora,Line 5,Salesman Sample (SMS),Normal,40,2025-06-16,2025-06-26,2025-06-22,Completed,No,Hiruni Gunasekara
SR-25-00778,ST-4515,Kindred,Line 6,Size Set,Normal,6,2025-06-16,2025-06-25,2025-06-21,Completed,No,Dulani Jayasuriya
SR-25-00779,ST-4502,Velora,Line 2,Fit,Normal,5,2025-06-17,2025-06-22,2025-06-23,Completed,No,Nethmi Perera
SR-25-00780,ST-4445,Kindred,Line 6,Fit,High,2,2025-06-17,2025-06-22,2025-06-20,Completed,No,Sachini Silva
SR-25-00781,ST-4489,Northline,Line 5,Salesman Sample (SMS),Normal,58,2025-06-17,2025-06-26,2025-06-25,Completed,No,Hiruni Gunasekara
SR-25-00782,ST-4470,Aurelle,Line 4,Size Set,Normal,11,2025-06-18,2025-06-25,2025-06-22,Completed,No,Dulani Jayasuriya
SR-25-00783,ST-4443,Aurelle,Line 6,Fit,Normal,4,2025-06-18,2025-06-24,2025-06-24,Completed,No,Dulani Jayasuriya
SR-25-00784,ST-4518,Northline,Line 6,Proto,Normal,1,2025-06-18,2025-06-24,2025-06-21,Completed,No,Hiruni Gunasekara
SR-25-00785,ST-4453,Lunaria,Line 5,Proto,Normal,2,2025-06-19,2025-06-24,2025-06-24,Completed,No,Sachini Silva
SR-25-00786,ST-4486,Velora,Line 2,Salesman Sample (SMS),High,38,2025-06-19,2025-06-28,2025-06-26,Completed,No,Dulani Jayasuriya
SR-25-00787,ST-4481,Aurelle,Line 1,Fit,Normal,3,2025-06-19,2025-06-26,2025-06-21,Completed,No,Sachini Silva
SR-25-00788,ST-4465,Aurelle,Line 2,Salesman Sample (SMS),Normal,32,2025-06-20,2025-06-30,2025-06-27,Completed,No,Sachini Silva
SR-25-00789,ST-4435,Aurelle,Line 2,Salesman Sample (SMS),High,45,2025-06-20,2025-07-01,2025-06-26,Completed,No,Hiruni Gunasekara
SR-25-00790,ST-4459,Lunaria,Line 5,Salesman Sample (SMS),Normal,48,2025-06-21,2025-07-01,2025-06-28,Completed,No,Ashen Rathnayake
SR-25-00791,ST-4502,Velora,Line 1,Proto,Normal,1,2025-06-21,2025-06-27,2025-06-22,Completed,No,Nethmi Perera
SR-25-00792,ST-4477,Velora,Line 1,Salesman Sample (SMS),Urgent,33,2025-06-21,2025-07-01,2025-06-29,Completed,Yes,Ashen Rathnayake
SR-25-00793,ST-4485,Velora,Line 4,Proto,Normal,2,2025-06-21,2025-06-26,2025-06-25,Completed,No,Dulani Jayasuriya
SR-25-00794,ST-4409,Northline,Line 4,Pre-Production,Normal,13,2025-06-21,2025-07-01,2025-06-28,Completed,No,Kavindu Fernando
SR-25-00795,ST-4470,Aurelle,Line 5,Proto,Normal,3,2025-06-23,2025-06-29,2025-06-25,Completed,No,Hiruni Gunasekara
SR-25-00796,ST-4447,Lunaria,Line 4,Pre-Production,Normal,22,2025-06-23,2025-07-02,2025-07-01,Completed,No,Nethmi Perera
SR-25-00797,ST-4443,Aurelle,Line 1,Pre-Production,Normal,26,2025-06-24,2025-07-02,2025-06-27,Completed,No,Hiruni Gunasekara
SR-25-00798,ST-4486,Velora,Line 6,Proto,Urgent,2,2025-06-24,2025-06-27,2025-06-26,Completed,No,Hiruni Gunasekara
SR-25-00799,ST-4497,Kindred,Line 1,Size Set,Normal,9,2025-06-25,2025-07-04,2025-07-01,Completed,No,Nethmi Perera
SR-25-00800,ST-4425,Velora,Line 5,Fit,Normal,2,2025-06-25,2025-07-02,2025-06-30,Completed,No,Nethmi Perera
SR-25-00801,ST-4436,Aurelle,Line 5,Proto,Normal,3,2025-06-25,2025-06-29,2025-06-27,Completed,No,Kavindu Fernando
SR-25-00802,ST-4408,Velora,Line 5,Fit,Normal,3,2025-06-25,2025-06-30,2025-06-30,Completed,No,Hiruni Gunasekara
SR-25-00803,ST-4434,Aurelle,Line 6,Pre-Production,Normal,27,2025-06-26,2025-07-05,2025-07-07,Completed,Yes,Ashen Rathnayake
SR-25-00804,ST-4481,Aurelle,Line 3,Fit,Normal,3,2025-06-26,2025-07-01,2025-06-28,Completed,No,Sachini Silva
SR-25-00805,ST-4433,Aurelle,Line 5,Size Set,Normal,18,2025-06-26,2025-07-03,2025-07-02,Completed,No,Ashen Rathnayake
SR-25-00806,ST-4410,Aurelle,Line 3,Proto,Normal,3,2025-06-26,2025-07-01,2025-07-01,Completed,Yes,Ashen Rathnayake
SR-25-00807,ST-4507,Aurelle,Line 4,Salesman Sample (SMS),Urgent,26,2025-06-26,2025-07-06,2025-07-04,Completed,No,Hiruni Gunasekara
SR-25-00808,ST-4454,Aurelle,Line 6,Pre-Production,High,14,2025-06-26,2025-07-06,2025-07-05,Completed,No,Hiruni Gunasekara
SR-25-00809,ST-4479,Aurelle,Line 2,Salesman Sample (SMS),Urgent,41,2025-06-26,2025-07-05,2025-07-04,Completed,No,Nethmi Perera
SR-25-00810,ST-4414,Aurelle,Line 3,Proto,Normal,1,2025-06-27,2025-07-01,2025-07-01,Completed,No,Nethmi Perera
SR-25-00811,ST-4507,Aurelle,Line 3,Fit,High,3,2025-06-27,2025-07-02,2025-06-29,Completed,No,Ashen Rathnayake
SR-25-00812,ST-4448,Kindred,Line 6,Size Set,Urgent,16,2025-06-27,2025-07-04,2025-07-03,Completed,No,Sachini Silva
SR-25-00813,ST-4400,Velora,Line 4,Fit,High,5,2025-06-27,2025-07-04,2025-06-29,Completed,No,Sachini Silva
SR-25-00814,ST-4469,Northline,Line 2,Pre-Production,Normal,15,2025-06-28,2025-07-07,2025-07-07,Completed,No,Hiruni Gunasekara
SR-25-00815,ST-4487,Northline,Line 6,Pre-Production,Normal,26,2025-06-28,2025-07-07,2025-07-07,Completed,No,Sachini Silva
SR-25-00816,ST-4454,Aurelle,Line 1,Pre-Production,Normal,20,2025-06-28,2025-07-06,2025-07-05,Completed,No,Dulani Jayasuriya
SR-25-00817,ST-4420,Aurelle,Line 4,Fit,Normal,5,2025-06-28,2025-07-05,2025-07-03,Completed,No,Ashen Rathnayake
SR-25-00818,ST-4428,Aurelle,Line 6,Size Set,Normal,11,2025-06-28,2025-07-07,2025-07-05,Completed,No,Ashen Rathnayake
SR-25-00819,ST-4484,Kindred,Line 1,Pre-Production,Normal,21,2025-06-28,2025-07-07,2025-07-03,Completed,No,Hiruni Gunasekara
SR-25-00820,ST-4411,Aurelle,Line 4,Proto,Normal,3,2025-06-30,2025-07-05,2025-07-04,Completed,No,Nethmi Perera
SR-25-00821,ST-4415,Aurelle,Line 6,Fit,Urgent,6,2025-06-30,2025-07-04,2025-07-03,Completed,No,Sachini Silva
SR-25-00822,ST-4444,Lunaria,Line 3,Pre-Production,Normal,10,2025-07-01,2025-07-11,2025-07-09,Completed,No,Dulani Jayasuriya
SR-25-00823,ST-4518,Northline,Line 5,Proto,Normal,2,2025-07-01,2025-07-06,2025-07-05,Completed,No,Ashen Rathnayake
SR-25-00824,ST-4506,Aurelle,Line 6,Proto,Normal,1,2025-07-01,2025-07-05,2025-07-05,Completed,Yes,Sachini Silva
SR-25-00825,ST-4504,Aurelle,Line 6,Proto,High,1,2025-07-01,2025-07-06,2025-07-04,Completed,No,Sachini Silva
SR-25-00826,ST-4511,Velora,Line 5,Proto,High,2,2025-07-02,2025-07-06,2025-07-03,Completed,No,Nethmi Perera
SR-25-00827,ST-4491,Kindred,Line 2,Salesman Sample (SMS),Normal,44,2025-07-02,2025-07-12,2025-07-08,Completed,No,Hiruni Gunasekara
SR-25-00828,ST-4513,Aurelle,Line 6,Salesman Sample (SMS),Urgent,29,2025-07-02,2025-07-10,2025-07-09,Completed,No,Kavindu Fernando
SR-25-00829,ST-4440,Northline,Line 5,Fit,Normal,5,2025-07-03,2025-07-10,2025-07-09,Completed,No,Nethmi Perera
SR-25-00830,ST-4442,Velora,Line 5,Fit,Normal,6,2025-07-03,2025-07-10,2025-07-06,Completed,No,Hiruni Gunasekara
SR-25-00831,ST-4402,Northline,Line 5,Salesman Sample (SMS),Normal,37,2025-07-03,2025-07-12,2025-07-15,Completed,Yes,Ashen Rathnayake
SR-25-00832,ST-4437,Lunaria,Line 2,Fit,Normal,3,2025-07-03,2025-07-09,2025-07-08,Completed,No,Dulani Jayasuriya
SR-25-00833,ST-4470,Aurelle,Line 6,Fit,High,3,2025-07-04,2025-07-09,2025-07-06,Completed,No,Dulani Jayasuriya
SR-25-00834,ST-4482,Aurelle,Line 4,Pre-Production,Normal,30,2025-07-04,2025-07-12,2025-07-14,Completed,No,Ashen Rathnayake
SR-25-00835,ST-4428,Aurelle,Line 5,Fit,Normal,6,2025-07-05,2025-07-11,2025-07-08,Completed,No,Kavindu Fernando
SR-25-00836,ST-4448,Kindred,Line 5,Size Set,Urgent,9,2025-07-07,2025-07-15,2025-07-12,Completed,No,Ashen Rathnayake
SR-25-00837,ST-4482,Aurelle,Line 2,Size Set,Normal,9,2025-07-07,2025-07-15,2025-07-12,Completed,No,Dulani Jayasuriya
SR-25-00838,ST-4489,Northline,Line 4,Fit,Normal,4,2025-07-07,2025-07-14,2025-07-15,Completed,Yes,Kavindu Fernando
SR-25-00839,ST-4413,Lunaria,Line 6,Fit,Normal,5,2025-07-07,2025-07-13,2025-07-11,Completed,No,Hiruni Gunasekara
SR-25-00840,ST-4502,Velora,Line 4,Proto,Urgent,3,2025-07-08,2025-07-13,2025-07-10,Completed,No,Sachini Silva
SR-25-00841,ST-4454,Aurelle,Line 3,Proto,Normal,3,2025-07-09,2025-07-13,2025-07-12,Completed,No,Hiruni Gunasekara
SR-25-00842,ST-4436,Aurelle,Line 5,Fit,Normal,5,2025-07-09,2025-07-15,2025-07-13,Completed,No,Kavindu Fernando
SR-25-00843,ST-4416,Lunaria,Line 6,Size Set,Normal,9,2025-07-11,2025-07-18,2025-07-17,Completed,No,Nethmi Perera
SR-25-00844,ST-4468,Lunaria,Line 5,Fit,Normal,2,2025-07-11,2025-07-18,2025-07-16,Completed,No,Hiruni Gunasekara
SR-25-00845,ST-4424,Kindred,Line 2,Proto,Normal,1,2025-07-12,2025-07-16,2025-07-15,Completed,No,Nethmi Perera
SR-25-00846,ST-4427,Aurelle,Line 4,Proto,Normal,3,2025-07-12,2025-07-18,2025-07-15,Completed,No,Hiruni Gunasekara
SR-25-00847,ST-4438,Kindred,Line 4,Size Set,Normal,6,2025-07-12,2025-07-21,2025-07-18,Completed,No,Sachini Silva
SR-25-00848,ST-4443,Aurelle,Line 3,Pre-Production,Normal,10,2025-07-14,2025-07-22,2025-07-22,Completed,No,Nethmi Perera
SR-25-00849,ST-4462,Kindred,Line 3,Proto,High,3,2025-07-14,2025-07-19,2025-07-18,Completed,No,Dulani Jayasuriya
SR-25-00850,ST-4492,Aurelle,Line 4,Fit,Normal,5,2025-07-14,2025-07-21,2025-07-20,Completed,No,Ashen Rathnayake
SR-25-00851,ST-4450,Lunaria,Line 6,Size Set,Urgent,20,2025-07-15,2025-07-22,2025-07-22,Completed,No,Ashen Rathnayake
SR-25-00852,ST-4441,Northline,Line 3,Fit,Urgent,5,2025-07-15,2025-07-19,2025-07-16,Completed,No,Kavindu Fernando
SR-25-00853,ST-4501,Aurelle,Line 3,Salesman Sample (SMS),Urgent,33,2025-07-15,2025-07-25,2025-07-23,Completed,No,Kavindu Fernando
SR-25-00854,ST-4447,Lunaria,Line 4,Fit,Normal,2,2025-07-17,2025-07-22,2025-07-21,Completed,No,Kavindu Fernando
SR-25-00855,ST-4488,Lunaria,Line 2,Salesman Sample (SMS),Urgent,38,2025-07-17,2025-07-25,2025-07-23,Completed,No,Ashen Rathnayake
SR-25-00856,ST-4449,Lunaria,Line 1,Size Set,Normal,8,2025-07-17,2025-07-24,2025-07-24,Completed,No,Kavindu Fernando
SR-25-00857,ST-4512,Aurelle,Line 2,Fit,High,2,2025-07-18,2025-07-25,2025-07-22,Completed,No,Dulani Jayasuriya
SR-25-00858,ST-4444,Lunaria,Line 5,Pre-Production,Normal,30,2025-07-18,2025-07-28,2025-07-24,Completed,No,Sachini Silva
SR-25-00859,ST-4460,Velora,Line 4,Pre-Production,High,10,2025-07-18,2025-07-28,2025-07-28,Completed,Yes,Dulani Jayasuriya
SR-25-00860,ST-4511,Velora,Line 1,Pre-Production,High,14,2025-07-18,2025-07-28,2025-07-25,Completed,No,Dulani Jayasuriya
SR-25-00861,ST-4496,Velora,Line 2,Fit,Normal,2,2025-07-18,2025-07-23,2025-07-19,Completed,No,Sachini Silva
SR-25-00862,ST-4434,Aurelle,Line 5,Salesman Sample (SMS),Normal,36,2025-07-19,2025-07-28,2025-07-29,Completed,No,Sachini Silva
SR-25-00863,ST-4467,Lunaria,Line 6,Size Set,High,17,2025-07-19,2025-07-27,2025-07-26,Completed,No,Nethmi Perera
SR-25-00864,ST-4422,Velora,Line 1,Proto,Urgent,3,2025-07-21,2025-07-25,2025-07-22,Completed,No,Dulani Jayasuriya
SR-25-00865,ST-4463,Velora,Line 1,Salesman Sample (SMS),Normal,48,2025-07-21,2025-08-01,2025-07-28,Completed,No,Hiruni Gunasekara
SR-25-00866,ST-4459,Lunaria,Line 3,Fit,Normal,6,2025-07-21,2025-07-28,2025-07-26,Completed,No,Dulani Jayasuriya
SR-25-00867,ST-4440,Northline,Line 2,Proto,Normal,1,2025-07-21,2025-07-26,2025-07-22,Completed,No,Dulani Jayasuriya
SR-25-00868,ST-4465,Aurelle,Line 4,Salesman Sample (SMS),High,36,2025-07-21,2025-07-31,2025-07-29,Completed,No,Nethmi Perera
SR-25-00869,ST-4467,Lunaria,Line 6,Proto,Normal,1,2025-07-21,2025-07-25,2025-07-24,Completed,No,Dulani Jayasuriya
SR-25-00870,ST-4467,Lunaria,Line 3,Size Set,Normal,12,2025-07-22,2025-07-29,2025-07-30,Completed,No,Kavindu Fernando
SR-25-00871,ST-4407,Velora,Line 4,Size Set,High,12,2025-07-22,2025-07-30,2025-07-26,Completed,No,Dulani Jayasuriya
SR-25-00872,ST-4473,Lunaria,Line 2,Size Set,High,19,2025-07-23,2025-08-01,2025-07-30,Completed,No,Sachini Silva
SR-25-00873,ST-4485,Velora,Line 5,Pre-Production,Normal,23,2025-07-23,2025-08-02,2025-07-30,Completed,No,Sachini Silva
SR-25-00874,ST-4435,Aurelle,Line 1,Salesman Sample (SMS),Urgent,55,2025-07-23,2025-08-02,2025-07-27,Completed,No,Sachini Silva
SR-25-00875,ST-4433,Aurelle,Line 4,Salesman Sample (SMS),Urgent,41,2025-07-24,2025-08-02,2025-08-02,Completed,No,Ashen Rathnayake
SR-25-00876,ST-4467,Lunaria,Line 2,Pre-Production,Normal,10,2025-07-24,2025-08-01,2025-07-31,Completed,No,Kavindu Fernando
SR-25-00877,ST-4477,Velora,Line 4,Salesman Sample (SMS),Normal,27,2025-07-24,2025-08-04,2025-07-31,Completed,No,Sachini Silva
SR-25-00878,ST-4485,Velora,Line 5,Fit,Normal,2,2025-07-24,2025-07-30,2025-08-02,Completed,Yes,Kavindu Fernando
SR-25-00879,ST-4474,Kindred,Line 5,Proto,High,3,2025-07-25,2025-07-31,2025-07-30,Completed,No,Sachini Silva
SR-25-00880,ST-4516,Velora,Line 4,Proto,Urgent,3,2025-07-25,2025-07-28,2025-07-27,Completed,No,Dulani Jayasuriya
SR-25-00881,ST-4404,Lunaria,Line 6,Size Set,Normal,18,2025-07-26,2025-08-03,2025-08-02,Completed,No,Nethmi Perera
SR-25-00882,ST-4446,Velora,Line 5,Fit,Normal,6,2025-07-26,2025-08-01,2025-07-29,Completed,No,Kavindu Fernando
SR-25-00883,ST-4495,Aurelle,Line 1,Fit,Normal,5,2025-07-28,2025-08-03,2025-08-01,Completed,No,Ashen Rathnayake
SR-25-00884,ST-4497,Kindred,Line 5,Proto,High,3,2025-07-28,2025-08-01,2025-08-01,Completed,No,Hiruni Gunasekara
SR-25-00885,ST-4461,Kindred,Line 6,Proto,High,3,2025-07-28,2025-08-01,2025-08-02,Completed,No,Hiruni Gunasekara
SR-25-00886,ST-4448,Kindred,Line 6,Pre-Production,Normal,11,2025-07-28,2025-08-06,2025-08-05,Completed,No,Dulani Jayasuriya
SR-25-00887,ST-4443,Aurelle,Line 1,Proto,High,1,2025-07-28,2025-08-03,2025-07-31,Completed,No,Kavindu Fernando
SR-25-00888,ST-4433,Aurelle,Line 4,Size Set,Urgent,10,2025-07-29,2025-08-04,2025-08-01,Completed,No,Dulani Jayasuriya
SR-25-00889,ST-4493,Kindred,Line 4,Pre-Production,Normal,21,2025-07-29,2025-08-06,2025-08-04,Completed,No,Hiruni Gunasekara
SR-25-00890,ST-4466,Lunaria,Line 3,Proto,Normal,2,2025-07-29,2025-08-03,2025-08-01,Completed,No,Nethmi Perera
SR-25-00891,ST-4406,Aurelle,Line 6,Salesman Sample (SMS),Normal,50,2025-07-29,2025-08-09,2025-08-06,Completed,No,Kavindu Fernando
SR-25-00892,ST-4404,Lunaria,Line 6,Proto,High,1,2025-07-29,2025-08-04,2025-08-05,Completed,No,Hiruni Gunasekara
SR-25-00893,ST-4489,Northline,Line 1,Fit,Normal,2,2025-07-29,2025-08-04,2025-07-30,Completed,No,Hiruni Gunasekara
SR-25-00894,ST-4441,Northline,Line 6,Fit,Normal,3,2025-07-29,2025-08-05,2025-07-31,Completed,No,Dulani Jayasuriya
SR-25-00895,ST-4442,Velora,Line 4,Salesman Sample (SMS),High,52,2025-07-29,2025-08-07,2025-08-05,Completed,No,Hiruni Gunasekara
SR-25-00896,ST-4488,Lunaria,Line 6,Fit,Normal,2,2025-07-30,2025-08-06,2025-08-01,Completed,No,Sachini Silva
SR-25-00897,ST-4466,Lunaria,Line 3,Fit,High,4,2025-07-31,2025-08-07,2025-08-03,Completed,No,Kavindu Fernando
SR-25-00898,ST-4475,Velora,Line 6,Pre-Production,Normal,24,2025-07-31,2025-08-10,2025-08-06,Completed,No,Nethmi Perera
SR-25-00899,ST-4476,Northline,Line 2,Size Set,Normal,14,2025-08-01,2025-08-09,2025-08-05,Completed,No,Sachini Silva
SR-25-00900,ST-4400,Velora,Line 4,Salesman Sample (SMS),Normal,59,2025-08-01,2025-08-11,2025-08-12,Completed,No,Dulani Jayasuriya
SR-25-00901,ST-4402,Northline,Line 4,Proto,High,2,2025-08-01,2025-08-06,2025-08-07,Completed,No,Hiruni Gunasekara
SR-25-00902,ST-4479,Aurelle,Line 4,Size Set,Normal,9,2025-08-02,2025-08-10,2025-08-08,Completed,No,Sachini Silva
SR-25-00903,ST-4443,Aurelle,Line 6,Size Set,Normal,9,2025-08-02,2025-08-11,2025-08-09,Completed,No,Sachini Silva
SR-25-00904,ST-4418,Velora,Line 5,Salesman Sample (SMS),Normal,51,2025-08-02,2025-08-12,2025-08-12,Completed,No,Dulani Jayasuriya
SR-25-00905,ST-4446,Velora,Line 5,Proto,High,3,2025-08-02,2025-08-06,2025-08-06,Completed,No,Dulani Jayasuriya
SR-25-00906,ST-4481,Aurelle,Line 5,Fit,Normal,6,2025-08-02,2025-08-07,2025-08-07,Completed,No,Hiruni Gunasekara
SR-25-00907,ST-4428,Aurelle,Line 4,Fit,Normal,5,2025-08-02,2025-08-09,2025-08-09,Completed,No,Dulani Jayasuriya
SR-25-00908,ST-4431,Kindred,Line 1,Fit,Normal,3,2025-08-04,2025-08-10,2025-08-08,Completed,No,Nethmi Perera
SR-25-00909,ST-4422,Velora,Line 2,Fit,Normal,5,2025-08-04,2025-08-10,2025-08-10,Completed,No,Nethmi Perera
SR-25-00910,ST-4477,Velora,Line 4,Fit,Urgent,3,2025-08-05,2025-08-11,2025-08-10,Completed,No,Sachini Silva
SR-25-00911,ST-4418,Velora,Line 2,Fit,Normal,4,2025-08-05,2025-08-12,2025-08-09,Completed,No,Hiruni Gunasekara
SR-25-00912,ST-4519,Velora,Line 6,Pre-Production,Normal,16,2025-08-05,2025-08-13,2025-08-13,Completed,No,Dulani Jayasuriya
SR-25-00913,ST-4429,Aurelle,Line 6,Proto,Normal,3,2025-08-06,2025-08-11,2025-08-09,Completed,No,Kavindu Fernando
SR-25-00914,ST-4487,Northline,Line 2,Salesman Sample (SMS),High,35,2025-08-06,2025-08-17,2025-08-16,Completed,No,Dulani Jayasuriya
SR-25-00915,ST-4474,Kindred,Line 5,Pre-Production,Normal,12,2025-08-06,2025-08-16,2025-08-14,Completed,No,Nethmi Perera
SR-25-00916,ST-4403,Aurelle,Line 5,Salesman Sample (SMS),Normal,52,2025-08-06,2025-08-16,2025-08-17,Completed,Yes,Dulani Jayasuriya
SR-25-00917,ST-4458,Aurelle,Line 3,Proto,Normal,1,2025-08-07,2025-08-12,2025-08-11,Completed,No,Dulani Jayasuriya
SR-25-00918,ST-4459,Lunaria,Line 2,Fit,Normal,5,2025-08-07,2025-08-12,2025-08-14,Completed,Yes,Nethmi Perera
SR-25-00919,ST-4421,Kindred,Line 3,Size Set,Normal,16,2025-08-07,2025-08-15,2025-08-16,Completed,Yes,Nethmi Perera
SR-25-00920,ST-4444,Lunaria,Line 2,Proto,Normal,1,2025-08-07,2025-08-13,2025-08-11,Completed,No,Hiruni Gunasekara
SR-25-00921,ST-4487,Northline,Line 5,Salesman Sample (SMS),Urgent,24,2025-08-07,2025-08-16,2025-08-14,Completed,No,Nethmi Perera
SR-25-00922,ST-4514,Lunaria,Line 3,Proto,Normal,2,2025-08-07,2025-08-12,2025-08-14,Completed,No,Nethmi Perera
SR-25-00923,ST-4432,Kindred,Line 5,Fit,High,5,2025-08-07,2025-08-13,2025-08-16,Completed,Yes,Ashen Rathnayake
SR-25-00924,ST-4420,Aurelle,Line 6,Salesman Sample (SMS),Normal,20,2025-08-07,2025-08-17,2025-08-18,Completed,No,Ashen Rathnayake
SR-25-00925,ST-4495,Aurelle,Line 4,Salesman Sample (SMS),Normal,52,2025-08-08,2025-08-19,2025-08-20,Completed,No,Hiruni Gunasekara
SR-25-00926,ST-4428,Aurelle,Line 3,Fit,Normal,2,2025-08-08,2025-08-13,2025-08-14,Completed,No,Nethmi Perera
SR-25-00927,ST-4497,Kindred,Line 2,Size Set,Normal,12,2025-08-08,2025-08-17,2025-08-15,Completed,No,Nethmi Perera
SR-25-00928,ST-4467,Lunaria,Line 6,Proto,Urgent,1,2025-08-08,2025-08-11,2025-08-12,Completed,No,Ashen Rathnayake
SR-25-00929,ST-4407,Velora,Line 2,Fit,High,6,2025-08-08,2025-08-13,2025-08-11,Completed,No,Kavindu Fernando
SR-25-00930,ST-4418,Velora,Line 1,Pre-Production,High,11,2025-08-08,2025-08-16,2025-08-17,Completed,No,Dulani Jayasuriya
SR-25-00931,ST-4451,Aurelle,Line 2,Salesman Sample (SMS),High,55,2025-08-08,2025-08-17,2025-08-17,Completed,No,Dulani Jayasuriya
SR-25-00932,ST-4467,Lunaria,Line 3,Size Set,Normal,8,2025-08-08,2025-08-16,2025-08-15,Completed,No,Sachini Silva
SR-25-00933,ST-4514,Lunaria,Line 2,Proto,Normal,1,2025-08-08,2025-08-13,2025-08-15,Completed,Yes,Ashen Rathnayake
SR-25-00934,ST-4431,Kindred,Line 6,Pre-Production,High,30,2025-08-08,2025-08-17,2025-08-19,Completed,No,Dulani Jayasuriya
SR-25-00935,ST-4513,Aurelle,Line 4,Fit,High,2,2025-08-09,2025-08-16,2025-08-13,Completed,No,Kavindu Fernando
SR-25-00936,ST-4410,Aurelle,Line 3,Size Set,High,19,2025-08-09,2025-08-18,2025-08-15,Completed,No,Dulani Jayasuriya
SR-25-00937,ST-4514,Lunaria,Line 5,Proto,Normal,2,2025-08-09,2025-08-15,2025-08-14,Completed,No,Dulani Jayasuriya
SR-25-00938,ST-4501,Aurelle,Line 3,Proto,Normal,3,2025-08-09,2025-08-13,2025-08-11,Completed,No,Nethmi Perera
SR-25-00939,ST-4421,Kindred,Line 3,Proto,Normal,3,2025-08-09,2025-08-13,2025-08-13,Completed,No,Ashen Rathnayake
SR-25-00940,ST-4426,Kindred,Line 4,Salesman Sample (SMS),Urgent,36,2025-08-09,2025-08-17,2025-08-16,Completed,No,Ashen Rathnayake
SR-25-00941,ST-4471,Northline,Line 4,Size Set,High,10,2025-08-09,2025-08-16,2025-08-18,Completed,No,Sachini Silva
SR-25-00942,ST-4467,Lunaria,Line 2,Fit,High,4,2025-08-11,2025-08-17,2025-08-16,Completed,No,Kavindu Fernando
SR-25-00943,ST-4410,Aurelle,Line 3,Fit,Normal,3,2025-08-11,2025-08-17,2025-08-16,Completed,No,Nethmi Perera
SR-25-00944,ST-4404,Lunaria,Line 5,Proto,Normal,3,2025-08-11,2025-08-17,2025-08-16,Completed,No,Kavindu Fernando
SR-25-00945,ST-4458,Aurelle,Line 2,Salesman Sample (SMS),Normal,52,2025-08-11,2025-08-22,2025-08-19,Completed,No,Nethmi Perera
SR-25-00946,ST-4484,Kindred,Line 1,Size Set,High,6,2025-08-11,2025-08-19,2025-08-18,Completed,No,Ashen Rathnayake
SR-25-00947,ST-4490,Northline,Line 2,Fit,Normal,6,2025-08-12,2025-08-18,2025-08-15,Completed,No,Sachini Silva
SR-25-00948,ST-4504,Aurelle,Line 2,Proto,Urgent,3,2025-08-12,2025-08-15,2025-08-15,Completed,No,Ashen Rathnayake
SR-25-00949,ST-4428,Aurelle,Line 1,Fit,Normal,3,2025-08-12,2025-08-19,2025-08-14,Completed,No,Dulani Jayasuriya
SR-25-00950,ST-4432,Kindred,Line 4,Fit,Normal,3,2025-08-12,2025-08-19,2025-08-18,Completed,No,Sachini Silva
SR-25-00951,ST-4504,Aurelle,Line 3,Salesman Sample (SMS),High,47,2025-08-12,2025-08-22,2025-08-21,Completed,No,Kavindu Fernando
SR-25-00952,ST-4474,Kindred,Line 3,Salesman Sample (SMS),Urgent,35,2025-08-13,2025-08-23,2025-08-19,Completed,No,Hiruni Gunasekara
SR-25-00953,ST-4433,Aurelle,Line 4,Proto,High,3,2025-08-13,2025-08-19,2025-08-19,Completed,No,Nethmi Perera
SR-25-00954,ST-4471,Northline,Line 3,Pre-Production,Normal,12,2025-08-13,2025-08-21,2025-08-21,Completed,No,Hiruni Gunasekara
SR-25-00955,ST-4494,Velora,Line 6,Size Set,High,9,2025-08-13,2025-08-20,2025-08-20,Completed,No,Sachini Silva
SR-25-00956,ST-4400,Velora,Line 4,Fit,Urgent,4,2025-08-13,2025-08-19,2025-08-14,Completed,No,Ashen Rathnayake
SR-25-00957,ST-4478,Aurelle,Line 4,Proto,Normal,2,2025-08-13,2025-08-18,2025-08-17,Completed,No,Dulani Jayasuriya
SR-25-00958,ST-4477,Velora,Line 3,Proto,Normal,1,2025-08-13,2025-08-18,2025-08-16,Completed,No,Kavindu Fernando
SR-25-00959,ST-4503,Aurelle,Line 6,Fit,Normal,2,2025-08-13,2025-08-20,2025-08-20,Completed,No,Nethmi Perera
SR-25-00960,ST-4423,Aurelle,Line 6,Size Set,Normal,13,2025-08-14,2025-08-23,2025-08-23,Completed,No,Hiruni Gunasekara
SR-25-00961,ST-4499,Lunaria,Line 6,Size Set,Normal,11,2025-08-14,2025-08-23,2025-08-22,Completed,Yes,Nethmi Perera
SR-25-00962,ST-4505,Aurelle,Line 5,Proto,Normal,1,2025-08-14,2025-08-18,2025-08-18,Completed,No,Hiruni Gunasekara
SR-25-00963,ST-4435,Aurelle,Line 3,Pre-Production,Normal,28,2025-08-15,2025-08-25,2025-08-24,Completed,No,Kavindu Fernando
SR-25-00964,ST-4403,Aurelle,Line 5,Proto,Normal,2,2025-08-15,2025-08-21,2025-08-21,Completed,No,Nethmi Perera
SR-25-00965,ST-4483,Aurelle,Line 3,Size Set,High,10,2025-08-15,2025-08-22,2025-08-23,Completed,No,Sachini Silva
SR-25-00966,ST-4478,Aurelle,Line 4,Fit,High,5,2025-08-15,2025-08-22,2025-08-19,Completed,No,Hiruni Gunasekara
SR-25-00967,ST-4452,Aurelle,Line 3,Salesman Sample (SMS),Normal,45,2025-08-16,2025-08-25,2025-08-27,Completed,Yes,Nethmi Perera
SR-25-00968,ST-4443,Aurelle,Line 3,Pre-Production,Normal,28,2025-08-16,2025-08-24,2025-08-24,Completed,No,Dulani Jayasuriya
SR-25-00969,ST-4508,Aurelle,Line 6,Size Set,Normal,16,2025-08-16,2025-08-24,2025-08-21,Completed,No,Kavindu Fernando
SR-25-00970,ST-4484,Kindred,Line 4,Fit,Normal,3,2025-08-16,2025-08-22,2025-08-20,Completed,No,Dulani Jayasuriya
SR-25-00971,ST-4447,Lunaria,Line 3,Proto,Urgent,2,2025-08-16,2025-08-20,2025-08-19,Completed,No,Hiruni Gunasekara
SR-25-00972,ST-4462,Kindred,Line 4,Pre-Production,Normal,27,2025-08-16,2025-08-25,2025-08-25,Completed,No,Kavindu Fernando
SR-25-00973,ST-4457,Kindred,Line 2,Salesman Sample (SMS),Normal,49,2025-08-16,2025-08-25,2025-08-23,Completed,No,Ashen Rathnayake
SR-25-00974,ST-4416,Lunaria,Line 3,Proto,Normal,2,2025-08-16,2025-08-22,2025-08-18,Completed,No,Dulani Jayasuriya
SR-25-00975,ST-4415,Aurelle,Line 3,Salesman Sample (SMS),Normal,43,2025-08-18,2025-08-29,2025-08-26,Completed,No,Kavindu Fernando
SR-25-00976,ST-4502,Velora,Line 1,Proto,Normal,1,2025-08-18,2025-08-22,2025-08-21,Completed,No,Nethmi Perera
SR-25-00977,ST-4463,Velora,Line 6,Fit,Normal,2,2025-08-18,2025-08-24,2025-08-24,Completed,No,Sachini Silva
SR-25-00978,ST-4498,Velora,Line 4,Fit,Normal,4,2025-08-18,2025-08-23,2025-08-25,Completed,No,Hiruni Gunasekara
SR-25-00979,ST-4462,Kindred,Line 2,Fit,High,4,2025-08-19,2025-08-26,2025-08-24,Completed,No,Kavindu Fernando
SR-25-00980,ST-4437,Lunaria,Line 5,Fit,Urgent,3,2025-08-19,2025-08-23,2025-08-21,Completed,No,Nethmi Perera
SR-25-00981,ST-4452,Aurelle,Line 1,Salesman Sample (SMS),Normal,44,2025-08-19,2025-08-28,2025-08-24,Completed,No,Dulani Jayasuriya
SR-25-00982,ST-4429,Aurelle,Line 6,Pre-Production,Normal,28,2025-08-19,2025-08-27,2025-08-29,Completed,No,Kavindu Fernando
SR-25-00983,ST-4473,Lunaria,Line 2,Fit,Normal,2,2025-08-19,2025-08-25,2025-08-24,Completed,No,Dulani Jayasuriya
SR-25-00984,ST-4404,Lunaria,Line 1,Size Set,Normal,15,2025-08-19,2025-08-28,2025-08-24,Completed,No,Dulani Jayasuriya
SR-25-00985,ST-4452,Aurelle,Line 5,Pre-Production,Normal,19,2025-08-20,2025-08-28,2025-08-28,Completed,No,Sachini Silva
SR-25-00986,ST-4432,Kindred,Line 3,Fit,Normal,3,2025-08-20,2025-08-25,2025-08-21,Completed,No,Sachini Silva
SR-25-00987,ST-4516,Velora,Line 1,Fit,Normal,3,2025-08-21,2025-08-28,2025-08-22,Completed,No,Kavindu Fernando
SR-25-00988,ST-4405,Velora,Line 2,Pre-Production,Normal,22,2025-08-21,2025-08-31,2025-08-29,Completed,No,Hiruni Gunasekara
SR-25-00989,ST-4473,Lunaria,Line 6,Proto,Normal,2,2025-08-21,2025-08-25,2025-08-25,Completed,No,Nethmi Perera
SR-25-00990,ST-4431,Kindred,Line 1,Pre-Production,Urgent,20,2025-08-21,2025-08-28,2025-08-28,Completed,No,Kavindu Fernando
SR-25-00991,ST-4404,Lunaria,Line 4,Fit,Normal,2,2025-08-21,2025-08-26,2025-08-24,Completed,No,Hiruni Gunasekara
SR-25-00992,ST-4457,Kindred,Line 5,Size Set,High,15,2025-08-21,2025-08-29,2025-08-25,Completed,No,Hiruni Gunasekara
SR-25-00993,ST-4462,Kindred,Line 5,Fit,Normal,3,2025-08-21,2025-08-27,2025-08-27,Completed,No,Sachini Silva
SR-25-00994,ST-4488,Lunaria,Line 3,Proto,Urgent,3,2025-08-21,2025-08-26,2025-08-25,Completed,Yes,Hiruni Gunasekara
SR-25-00995,ST-4516,Velora,Line 4,Fit,Normal,5,2025-08-22,2025-08-27,2025-08-29,Completed,No,Ashen Rathnayake
SR-25-00996,ST-4416,Lunaria,Line 1,Proto,High,1,2025-08-22,2025-08-26,2025-08-26,Completed,No,Ashen Rathnayake
SR-25-00997,ST-4486,Velora,Line 1,Pre-Production,Normal,17,2025-08-22,2025-08-30,2025-08-27,Completed,No,Hiruni Gunasekara
SR-25-00998,ST-4499,Lunaria,Line 1,Pre-Production,High,23,2025-08-22,2025-09-01,2025-08-29,Completed,No,Ashen Rathnayake
SR-25-00999,ST-4495,Aurelle,Line 4,Pre-Production,Normal,16,2025-08-22,2025-08-30,2025-08-31,Completed,No,Nethmi Perera
SR-25-01000,ST-4494,Velora,Line 1,Pre-Production,Normal,13,2025-08-22,2025-08-30,2025-08-29,Completed,No,Dulani Jayasuriya
SR-25-01001,ST-4457,Kindred,Line 3,Fit,Normal,6,2025-08-22,2025-08-27,2025-08-28,Completed,No,Dulani Jayasuriya
SR-25-01002,ST-4484,Kindred,Line 2,Salesman Sample (SMS),Normal,31,2025-08-23,2025-09-03,2025-08-30,Completed,No,Kavindu Fernando
SR-25-01003,ST-4472,Northline,Line 3,Pre-Production,Normal,24,2025-08-23,2025-09-02,2025-08-29,Completed,No,Sachini Silva
SR-25-01004,ST-4485,Velora,Line 5,Fit,Urgent,5,2025-08-23,2025-08-29,2025-08-30,Completed,No,Ashen Rathnayake
SR-25-01005,ST-4511,Velora,Line 6,Size Set,Normal,12,2025-08-23,2025-08-30,2025-09-03,Completed,Yes,Sachini Silva
SR-25-01006,ST-4517,Aurelle,Line 6,Pre-Production,Urgent,20,2025-08-23,2025-08-31,2025-09-01,Completed,No,Sachini Silva
SR-25-01007,ST-4412,Velora,Line 1,Pre-Production,Normal,12,2025-08-25,2025-09-03,2025-08-30,Completed,No,Hiruni Gunasekara
SR-25-01008,ST-4496,Velora,Line 5,Proto,Normal,2,2025-08-25,2025-08-30,2025-09-01,Completed,No,Nethmi Perera
SR-25-01009,ST-4478,Aurelle,Line 2,Proto,Normal,2,2025-08-25,2025-08-31,2025-08-26,Completed,No,Nethmi Perera
SR-25-01010,ST-4493,Kindred,Line 3,Salesman Sample (SMS),Urgent,34,2025-08-25,2025-09-03,2025-09-01,Completed,No,Ashen Rathnayake
SR-25-01011,ST-4467,Lunaria,Line 6,Fit,Normal,6,2025-08-25,2025-08-31,2025-08-30,Completed,No,Kavindu Fernando
SR-25-01012,ST-4513,Aurelle,Line 5,Proto,High,1,2025-08-26,2025-08-30,2025-08-30,Completed,No,Hiruni Gunasekara
SR-25-01013,ST-4456,Lunaria,Line 3,Fit,Normal,2,2025-08-26,2025-09-01,2025-08-29,Completed,No,Dulani Jayasuriya
SR-25-01014,ST-4452,Aurelle,Line 1,Fit,Normal,5,2025-08-26,2025-09-01,2025-08-27,Completed,No,Ashen Rathnayake
SR-25-01015,ST-4465,Aurelle,Line 4,Size Set,Normal,11,2025-08-26,2025-09-02,2025-09-02,Completed,No,Sachini Silva
SR-25-01016,ST-4485,Velora,Line 4,Size Set,Normal,6,2025-08-26,2025-09-02,2025-09-04,Completed,Yes,Ashen Rathnayake
SR-25-01017,ST-4451,Aurelle,Line 4,Fit,High,5,2025-08-27,2025-09-01,2025-09-02,Completed,No,Nethmi Perera
SR-25-01018,ST-4477,Velora,Line 5,Size Set,Normal,14,2025-08-27,2025-09-03,2025-09-02,Completed,No,Dulani Jayasuriya
SR-25-01019,ST-4403,Aurelle,Line 5,Fit,High,6,2025-08-27,2025-09-02,2025-09-02,Completed,No,Sachini Silva
SR-25-01020,ST-4506,Aurelle,Line 1,Proto,Urgent,2,2025-08-28,2025-09-02,2025-08-29,Completed,No,Hiruni Gunasekara
SR-25-01021,ST-4402,Northline,Line 2,Fit,Normal,4,2025-08-28,2025-09-04,2025-09-01,Completed,No,Kavindu Fernando
SR-25-01022,ST-4511,Velora,Line 5,Fit,High,6,2025-08-28,2025-09-03,2025-09-01,Completed,No,Nethmi Perera
SR-25-01023,ST-4442,Velora,Line 4,Salesman Sample (SMS),Normal,28,2025-08-28,2025-09-06,2025-09-04,Completed,No,Kavindu Fernando
SR-25-01024,ST-4467,Lunaria,Line 1,Pre-Production,Normal,19,2025-08-28,2025-09-07,2025-09-05,Completed,No,Dulani Jayasuriya
SR-25-01025,ST-4478,Aurelle,Line 3,Size Set,Normal,13,2025-08-29,2025-09-07,2025-09-04,Completed,No,Hiruni Gunasekara
SR-25-01026,ST-4477,Velora,Line 5,Fit,Normal,4,2025-08-29,2025-09-04,2025-09-02,Completed,No,Ashen Rathnayake
SR-25-01027,ST-4476,Northline,Line 4,Pre-Production,Normal,10,2025-08-29,2025-09-07,2025-09-05,Completed,No,Sachini Silva
SR-25-01028,ST-4472,Northline,Line 4,Salesman Sample (SMS),Normal,31,2025-08-29,2025-09-07,2025-09-08,Completed,No,Kavindu Fernando
SR-25-01029,ST-4485,Velora,Line 2,Size Set,Normal,17,2025-08-29,2025-09-07,2025-09-03,Completed,No,Dulani Jayasuriya
SR-25-01030,ST-4490,Northline,Line 4,Fit,Normal,3,2025-08-29,2025-09-03,2025-09-02,Completed,No,Sachini Silva
SR-25-01031,ST-4458,Aurelle,Line 5,Fit,Normal,4,2025-08-30,2025-09-06,2025-09-07,Completed,No,Sachini Silva
SR-25-01032,ST-4513,Aurelle,Line 4,Fit,Normal,4,2025-08-30,2025-09-06,2025-09-04,Completed,No,Sachini Silva
SR-25-01033,ST-4404,Lunaria,Line 2,Size Set,Urgent,19,2025-08-30,2025-09-06,2025-09-03,Completed,No,Sachini Silva
SR-25-01034,ST-4418,Velora,Line 2,Pre-Production,Normal,22,2025-09-01,2025-09-09,2025-09-07,Completed,No,Sachini Silva
SR-25-01035,ST-4468,Lunaria,Line 5,Proto,Normal,1,2025-09-01,2025-09-07,2025-09-03,Completed,No,Ashen Rathnayake
SR-25-01036,ST-4465,Aurelle,Line 4,Salesman Sample (SMS),High,58,2025-09-01,2025-09-10,2025-09-13,Completed,No,Hiruni Gunasekara
SR-25-01037,ST-4414,Aurelle,Line 4,Salesman Sample (SMS),Normal,46,2025-09-01,2025-09-12,2025-09-10,Completed,No,Ashen Rathnayake
SR-25-01038,ST-4508,Aurelle,Line 3,Fit,High,2,2025-09-02,2025-09-09,2025-09-05,Completed,No,Nethmi Perera
SR-25-01039,ST-4493,Kindred,Line 1,Proto,Urgent,1,2025-09-02,2025-09-06,2025-09-06,Completed,No,Dulani Jayasuriya
SR-25-01040,ST-4475,Velora,Line 6,Proto,Normal,2,2025-09-02,2025-09-07,2025-09-06,Completed,No,Ashen Rathnayake
SR-25-01041,ST-4410,Aurelle,Line 1,Size Set,Normal,9,2025-09-02,2025-09-09,2025-09-09,Completed,No,Dulani Jayasuriya
SR-25-01042,ST-4511,Velora,Line 3,Pre-Production,Normal,27,2025-09-02,2025-09-11,2025-09-09,Completed,No,Dulani Jayasuriya
SR-25-01043,ST-4502,Velora,Line 1,Fit,Normal,4,2025-09-02,2025-09-09,2025-09-06,Completed,No,Dulani Jayasuriya
SR-25-01044,ST-4497,Kindred,Line 3,Fit,Normal,2,2025-09-02,2025-09-08,2025-09-06,Completed,No,Hiruni Gunasekara
SR-25-01045,ST-4500,Kindred,Line 3,Salesman Sample (SMS),Normal,49,2025-09-03,2025-09-12,2025-09-11,Completed,No,Hiruni Gunasekara
SR-25-01046,ST-4514,Lunaria,Line 3,Fit,Normal,6,2025-09-03,2025-09-09,2025-09-08,Completed,No,Ashen Rathnayake
SR-25-01047,ST-4452,Aurelle,Line 4,Proto,Urgent,1,2025-09-03,2025-09-06,2025-09-06,Completed,No,Dulani Jayasuriya
SR-25-01048,ST-4417,Lunaria,Line 5,Proto,Normal,2,2025-09-03,2025-09-08,2025-09-07,Completed,No,Ashen Rathnayake
SR-25-01049,ST-4425,Velora,Line 1,Proto,Normal,2,2025-09-03,2025-09-09,2025-09-05,Completed,No,Ashen Rathnayake
SR-25-01050,ST-4497,Kindred,Line 1,Proto,Normal,1,2025-09-03,2025-09-08,2025-09-05,Completed,No,Ashen Rathnayake
SR-25-01051,ST-4489,Northline,Line 1,Size Set,Normal,16,2025-09-04,2025-09-11,2025-09-14,Completed,No,Sachini Silva
SR-25-01052,ST-4485,Velora,Line 6,Proto,High,1,2025-09-04,2025-09-08,2025-09-08,Completed,No,Sachini Silva
SR-25-01053,ST-4423,Aurelle,Line 4,Salesman Sample (SMS),Normal,49,2025-09-04,2025-09-15,2025-09-13,Completed,No,Sachini Silva
SR-25-01054,ST-4476,Northline,Line 2,Fit,Normal,4,2025-09-05,2025-09-11,2025-09-10,Completed,No,Dulani Jayasuriya
SR-25-01055,ST-4421,Kindred,Line 4,Proto,Normal,2,2025-09-05,2025-09-11,2025-09-08,Completed,No,Kavindu Fernando
SR-25-01056,ST-4460,Velora,Line 4,Fit,Normal,6,2025-09-05,2025-09-12,2025-09-11,Completed,No,Dulani Jayasuriya
SR-25-01057,ST-4451,Aurelle,Line 2,Proto,Normal,1,2025-09-05,2025-09-09,2025-09-10,Completed,No,Hiruni Gunasekara
SR-25-01058,ST-4486,Velora,Line 5,Proto,Urgent,1,2025-09-06,2025-09-11,2025-09-07,Completed,No,Ashen Rathnayake
SR-25-01059,ST-4512,Aurelle,Line 2,Fit,Urgent,5,2025-09-06,2025-09-11,2025-09-08,Completed,No,Ashen Rathnayake
SR-25-01060,ST-4427,Aurelle,Line 2,Fit,Normal,6,2025-09-06,2025-09-12,2025-09-11,Completed,No,Ashen Rathnayake
SR-25-01061,ST-4421,Kindred,Line 1,Pre-Production,Normal,28,2025-09-06,2025-09-16,2025-09-15,Completed,No,Nethmi Perera
SR-25-01062,ST-4460,Velora,Line 1,Proto,High,2,2025-09-06,2025-09-11,2025-09-08,Completed,No,Ashen Rathnayake
SR-25-01063,ST-4402,Northline,Line 6,Salesman Sample (SMS),Normal,21,2025-09-06,2025-09-16,2025-09-14,Completed,No,Dulani Jayasuriya
SR-25-01064,ST-4443,Aurelle,Line 4,Salesman Sample (SMS),High,30,2025-09-08,2025-09-17,2025-09-15,Completed,No,Hiruni Gunasekara
SR-25-01065,ST-4514,Lunaria,Line 6,Pre-Production,High,15,2025-09-08,2025-09-17,2025-09-16,Completed,No,Dulani Jayasuriya
SR-25-01066,ST-4464,Aurelle,Line 4,Fit,Normal,2,2025-09-08,2025-09-13,2025-09-15,Completed,No,Kavindu Fernando
SR-25-01067,ST-4465,Aurelle,Line 4,Proto,Urgent,2,2025-09-08,2025-09-13,2025-09-13,Completed,Yes,Hiruni Gunasekara
SR-25-01068,ST-4487,Northline,Line 6,Proto,Normal,2,2025-09-08,2025-09-12,2025-09-12,Completed,No,Ashen Rathnayake
SR-25-01069,ST-4406,Aurelle,Line 3,Size Set,Normal,10,2025-09-08,2025-09-16,2025-09-14,Completed,No,Sachini Silva
SR-25-01070,ST-4441,Northline,Line 1,Proto,Urgent,1,2025-09-08,2025-09-11,2025-09-09,Completed,No,Kavindu Fernando
SR-25-01071,ST-4490,Northline,Line 5,Pre-Production,Normal,11,2025-09-08,2025-09-18,2025-09-15,Completed,No,Hiruni Gunasekara
SR-25-01072,ST-4452,Aurelle,Line 5,Proto,Normal,1,2025-09-08,2025-09-12,2025-09-10,Completed,No,Nethmi Perera
SR-25-01073,ST-4400,Velora,Line 6,Salesman Sample (SMS),Normal,57,2025-09-08,2025-09-19,2025-09-15,Completed,No,Ashen Rathnayake
SR-25-01074,ST-4407,Velora,Line 2,Fit,Normal,6,2025-09-09,2025-09-16,2025-09-13,Completed,No,Ashen Rathnayake
SR-25-01075,ST-4519,Velora,Line 1,Proto,Normal,2,2025-09-09,2025-09-13,2025-09-11,Completed,No,Dulani Jayasuriya
SR-25-01076,ST-4433,Aurelle,Line 4,Fit,Normal,4,2025-09-09,2025-09-14,2025-09-13,Completed,No,Nethmi Perera
SR-25-01077,ST-4495,Aurelle,Line 6,Size Set,High,19,2025-09-09,2025-09-18,2025-09-17,Completed,No,Hiruni Gunasekara
SR-25-01078,ST-4446,Velora,Line 2,Proto,Normal,2,2025-09-10,2025-09-15,2025-09-11,Completed,No,Ashen Rathnayake
SR-25-01079,ST-4429,Aurelle,Line 3,Pre-Production,High,11,2025-09-10,2025-09-18,2025-09-18,Completed,No,Dulani Jayasuriya
SR-25-01080,ST-4516,Velora,Line 2,Size Set,Normal,7,2025-09-10,2025-09-18,2025-09-17,Completed,No,Nethmi Perera
SR-25-01081,ST-4486,Velora,Line 3,Size Set,Normal,18,2025-09-11,2025-09-20,2025-09-21,Completed,No,Ashen Rathnayake
SR-25-01082,ST-4438,Kindred,Line 5,Proto,Normal,2,2025-09-11,2025-09-16,2025-09-12,Completed,No,Nethmi Perera
SR-25-01083,ST-4476,Northline,Line 4,Proto,Normal,3,2025-09-11,2025-09-16,2025-09-14,Completed,No,Nethmi Perera
SR-25-01084,ST-4434,Aurelle,Line 1,Proto,Normal,2,2025-09-11,2025-09-15,2025-09-14,Completed,No,Hiruni Gunasekara
SR-25-01085,ST-4406,Aurelle,Line 2,Fit,Normal,3,2025-09-11,2025-09-16,2025-09-15,Completed,No,Sachini Silva
SR-25-01086,ST-4423,Aurelle,Line 6,Size Set,Normal,12,2025-09-12,2025-09-19,2025-09-20,Completed,No,Kavindu Fernando
SR-25-01087,ST-4445,Kindred,Line 4,Size Set,Urgent,6,2025-09-12,2025-09-18,2025-09-21,Completed,Yes,Dulani Jayasuriya
SR-25-01088,ST-4447,Lunaria,Line 5,Pre-Production,Urgent,13,2025-09-12,2025-09-21,2025-09-18,Completed,No,Kavindu Fernando
SR-25-01089,ST-4456,Lunaria,Line 1,Pre-Production,Normal,19,2025-09-12,2025-09-22,2025-09-19,Completed,No,Sachini Silva
SR-25-01090,ST-4426,Kindred,Line 6,Size Set,High,12,2025-09-13,2025-09-22,2025-09-20,Completed,No,Kavindu Fernando
SR-25-01091,ST-4408,Velora,Line 6,Pre-Production,Normal,14,2025-09-13,2025-09-23,2025-09-22,Completed,No,Dulani Jayasuriya
SR-25-01092,ST-4425,Velora,Line 6,Size Set,Normal,9,2025-09-13,2025-09-22,2025-09-25,Completed,Yes,Kavindu Fernando
SR-25-01093,ST-4483,Aurelle,Line 5,Fit,Normal,3,2025-09-13,2025-09-18,2025-09-21,Completed,No,Dulani Jayasuriya
SR-25-01094,ST-4441,Northline,Line 4,Fit,Normal,4,2025-09-13,2025-09-19,2025-09-17,Completed,No,Ashen Rathnayake
SR-25-01095,ST-4406,Aurelle,Line 4,Fit,High,3,2025-09-15,2025-09-20,2025-09-19,Completed,No,Dulani Jayasuriya
SR-25-01096,ST-4430,Lunaria,Line 2,Proto,Normal,3,2025-09-15,2025-09-19,2025-09-16,Completed,No,Sachini Silva
SR-25-01097,ST-4442,Velora,Line 5,Proto,Normal,2,2025-09-15,2025-09-19,2025-09-20,Completed,No,Hiruni Gunasekara
SR-25-01098,ST-4428,Aurelle,Line 5,Salesman Sample (SMS),Normal,57,2025-09-15,2025-09-24,2025-09-26,Completed,No,Nethmi Perera
SR-25-01099,ST-4401,Kindred,Line 3,Pre-Production,High,18,2025-09-16,2025-09-25,2025-09-24,Completed,No,Ashen Rathnayake
SR-25-01100,ST-4439,Aurelle,Line 6,Proto,Normal,3,2025-09-16,2025-09-21,2025-09-21,Completed,No,Nethmi Perera
SR-25-01101,ST-4485,Velora,Line 6,Size Set,Normal,14,2025-09-16,2025-09-25,2025-09-22,Completed,No,Dulani Jayasuriya
SR-25-01102,ST-4512,Aurelle,Line 6,Fit,Normal,3,2025-09-16,2025-09-22,2025-09-19,Completed,No,Kavindu Fernando
SR-25-01103,ST-4412,Velora,Line 3,Pre-Production,Normal,12,2025-09-16,2025-09-24,2025-09-27,Completed,Yes,Nethmi Perera
SR-25-01104,ST-4516,Velora,Line 5,Size Set,High,17,2025-09-16,2025-09-23,2025-09-23,Completed,No,Ashen Rathnayake
SR-25-01105,ST-4448,Kindred,Line 3,Proto,High,1,2025-09-16,2025-09-20,2025-09-20,Completed,No,Ashen Rathnayake
SR-25-01106,ST-4492,Aurelle,Line 4,Size Set,Normal,12,2025-09-17,2025-09-26,2025-09-25,Completed,No,Sachini Silva
SR-25-01107,ST-4423,Aurelle,Line 1,Salesman Sample (SMS),Normal,43,2025-09-17,2025-09-26,2025-09-28,Completed,Yes,Hiruni Gunasekara
SR-25-01108,ST-4440,Northline,Line 5,Fit,Normal,4,2025-09-17,2025-09-23,2025-09-20,Completed,No,Nethmi Perera
SR-25-01109,ST-4453,Lunaria,Line 2,Fit,Normal,5,2025-09-17,2025-09-23,2025-09-21,Completed,No,Nethmi Perera
SR-25-01110,ST-4467,Lunaria,Line 1,Fit,Normal,2,2025-09-17,2025-09-24,2025-09-20,Completed,No,Ashen Rathnayake
SR-25-01111,ST-4411,Aurelle,Line 4,Pre-Production,Normal,17,2025-09-17,2025-09-26,2025-09-22,Completed,No,Hiruni Gunasekara
SR-25-01112,ST-4407,Velora,Line 1,Proto,Normal,1,2025-09-18,2025-09-24,2025-09-23,Completed,No,Hiruni Gunasekara
SR-25-01113,ST-4472,Northline,Line 4,Pre-Production,High,18,2025-09-18,2025-09-28,2025-09-28,Completed,No,Sachini Silva
SR-25-01114,ST-4458,Aurelle,Line 3,Fit,Normal,3,2025-09-18,2025-09-24,2025-09-24,Completed,No,Ashen Rathnayake
SR-25-01115,ST-4419,Kindred,Line 3,Fit,High,4,2025-09-18,2025-09-24,2025-09-24,Completed,No,Nethmi Perera
SR-25-01116,ST-4484,Kindred,Line 2,Proto,Normal,3,2025-09-18,2025-09-22,2025-09-22,Completed,No,Kavindu Fernando
SR-25-01117,ST-4487,Northline,Line 1,Fit,Normal,6,2025-09-18,2025-09-23,2025-09-21,Completed,No,Dulani Jayasuriya
SR-25-01118,ST-4466,Lunaria,Line 5,Fit,High,2,2025-09-19,2025-09-26,2025-09-25,Completed,No,Nethmi Perera
SR-25-01119,ST-4519,Velora,Line 1,Proto,Urgent,1,2025-09-19,2025-09-22,2025-09-22,Completed,No,Dulani Jayasuriya
SR-25-01120,ST-4464,Aurelle,Line 4,Salesman Sample (SMS),High,24,2025-09-19,2025-09-30,2025-09-25,Completed,No,Hiruni Gunasekara
SR-25-01121,ST-4474,Kindred,Line 2,Fit,Normal,2,2025-09-19,2025-09-25,2025-09-21,Completed,No,Sachini Silva
SR-25-01122,ST-4483,Aurelle,Line 3,Size Set,Normal,15,2025-09-19,2025-09-28,2025-09-30,Completed,Yes,Nethmi Perera
SR-25-01123,ST-4438,Kindred,Line 5,Fit,High,2,2025-09-19,2025-09-25,2025-09-24,Completed,No,Ashen Rathnayake
SR-25-01124,ST-4488,Lunaria,Line 5,Pre-Production,Normal,15,2025-09-19,2025-09-29,2025-09-27,Completed,No,Dulani Jayasuriya
SR-25-01125,ST-4477,Velora,Line 6,Fit,Urgent,3,2025-09-20,2025-09-24,2025-09-24,Completed,No,Dulani Jayasuriya
SR-25-01126,ST-4508,Aurelle,Line 3,Fit,Normal,4,2025-09-20,2025-09-27,2025-09-22,Completed,No,Sachini Silva
SR-25-01127,ST-4401,Kindred,Line 5,Size Set,Normal,9,2025-09-20,2025-09-29,2025-09-27,Completed,No,Nethmi Perera
SR-25-01128,ST-4478,Aurelle,Line 4,Salesman Sample (SMS),High,47,2025-09-20,2025-10-01,2025-09-28,Completed,No,Ashen Rathnayake
SR-25-01129,ST-4494,Velora,Line 1,Proto,Normal,3,2025-09-20,2025-09-24,2025-09-27,Completed,Yes,Hiruni Gunasekara
SR-25-01130,ST-4515,Kindred,Line 1,Proto,Urgent,3,2025-09-20,2025-09-25,2025-09-21,Completed,No,Ashen Rathnayake
SR-25-01131,ST-4478,Aurelle,Line 5,Fit,Urgent,3,2025-09-22,2025-09-26,2025-09-24,Completed,No,Kavindu Fernando
SR-25-01132,ST-4452,Aurelle,Line 2,Fit,High,2,2025-09-22,2025-09-28,2025-09-25,Completed,No,Nethmi Perera
SR-25-01133,ST-4465,Aurelle,Line 3,Fit,Normal,2,2025-09-22,2025-09-27,2025-09-25,Completed,No,Nethmi Perera
SR-25-01134,ST-4445,Kindred,Line 1,Fit,Normal,6,2025-09-23,2025-09-28,2025-09-29,Completed,No,Hiruni Gunasekara
SR-25-01135,ST-4505,Aurelle,Line 3,Proto,High,1,2025-09-23,2025-09-28,2025-09-27,Completed,No,Ashen Rathnayake
SR-25-01136,ST-4452,Aurelle,Line 5,Fit,Normal,2,2025-09-23,2025-09-30,2025-09-30,Completed,No,Hiruni Gunasekara
SR-25-01137,ST-4416,Lunaria,Line 2,Fit,Normal,5,2025-09-23,2025-09-30,2025-09-28,Completed,No,Ashen Rathnayake
SR-25-01138,ST-4401,Kindred,Line 3,Pre-Production,Normal,17,2025-09-23,2025-10-01,2025-10-03,Completed,No,Sachini Silva
SR-25-01139,ST-4458,Aurelle,Line 3,Salesman Sample (SMS),High,34,2025-09-23,2025-10-02,2025-10-01,Completed,No,Kavindu Fernando
SR-25-01140,ST-4461,Kindred,Line 4,Proto,Urgent,3,2025-09-24,2025-09-29,2025-09-27,Completed,No,Nethmi Perera
SR-25-01141,ST-4417,Lunaria,Line 6,Fit,High,5,2025-09-24,2025-09-29,2025-09-28,Completed,No,Ashen Rathnayake
SR-25-01142,ST-4448,Kindred,Line 1,Salesman Sample (SMS),Normal,47,2025-09-24,2025-10-04,2025-09-29,Completed,No,Hiruni Gunasekara
SR-25-01143,ST-4425,Velora,Line 3,Proto,Normal,2,2025-09-24,2025-09-28,2025-09-28,Completed,No,Sachini Silva
SR-25-01144,ST-4464,Aurelle,Line 2,Pre-Production,Normal,17,2025-09-24,2025-10-03,2025-10-01,Completed,Yes,Hiruni Gunasekara
SR-25-01145,ST-4447,Lunaria,Line 1,Size Set,Normal,18,2025-09-24,2025-10-01,2025-09-30,Completed,No,Sachini Silva
SR-25-01146,ST-4450,Lunaria,Line 4,Fit,Normal,6,2025-09-24,2025-10-01,2025-09-29,Completed,No,Sachini Silva
SR-25-01147,ST-4406,Aurelle,Line 3,Proto,Normal,1,2025-09-25,2025-10-01,2025-09-27,Completed,No,Sachini Silva
SR-25-01148,ST-4467,Lunaria,Line 4,Size Set,Normal,9,2025-09-25,2025-10-02,2025-10-03,Completed,No,Ashen Rathnayake
SR-25-01149,ST-4473,Lunaria,Line 4,Size Set,High,16,2025-09-25,2025-10-03,2025-10-01,Completed,No,Kavindu Fernando
SR-25-01150,ST-4407,Velora,Line 3,Fit,High,6,2025-09-25,2025-10-01,2025-10-01,Completed,No,Ashen Rathnayake
SR-25-01151,ST-4481,Aurelle,Line 2,Salesman Sample (SMS),Normal,34,2025-09-25,2025-10-05,2025-10-03,Completed,No,Kavindu Fernando
SR-25-01152,ST-4400,Velora,Line 5,Proto,Normal,2,2025-09-25,2025-09-30,2025-10-04,Completed,Yes,Ashen Rathnayake
SR-25-01153,ST-4404,Lunaria,Line 1,Pre-Production,Urgent,18,2025-09-25,2025-10-04,2025-10-01,Completed,No,Ashen Rathnayake
SR-25-01154,ST-4420,Aurelle,Line 2,Pre-Production,Normal,17,2025-09-26,2025-10-05,2025-10-02,Completed,No,Nethmi Perera
SR-25-01155,ST-4515,Kindred,Line 1,Proto,Normal,1,2025-09-26,2025-09-30,2025-09-29,Completed,No,Sachini Silva
SR-25-01156,ST-4462,Kindred,Line 5,Proto,Normal,3,2025-09-26,2025-09-30,2025-09-29,Completed,No,Kavindu Fernando
SR-25-01157,ST-4422,Velora,Line 1,Proto,Normal,2,2025-09-26,2025-10-02,2025-09-29,Completed,No,Ashen Rathnayake
SR-25-01158,ST-4427,Aurelle,Line 6,Fit,Urgent,2,2025-09-27,2025-10-02,2025-10-02,Completed,No,Sachini Silva
SR-25-01159,ST-4507,Aurelle,Line 4,Fit,Normal,6,2025-09-27,2025-10-02,2025-10-02,Completed,No,Kavindu Fernando
SR-25-01160,ST-4498,Velora,Line 1,Size Set,High,12,2025-09-27,2025-10-06,2025-10-02,Completed,No,Ashen Rathnayake
SR-25-01161,ST-4429,Aurelle,Line 3,Size Set,Normal,8,2025-09-27,2025-10-05,2025-10-02,Completed,No,Dulani Jayasuriya
SR-25-01162,ST-4451,Aurelle,Line 1,Size Set,Normal,6,2025-09-27,2025-10-04,2025-10-01,Completed,No,Dulani Jayasuriya
SR-25-01163,ST-4519,Velora,Line 1,Size Set,Normal,8,2025-09-27,2025-10-06,2025-10-03,Completed,No,Kavindu Fernando
SR-25-01164,ST-4508,Aurelle,Line 5,Fit,Normal,5,2025-09-27,2025-10-04,2025-10-07,Completed,Yes,Sachini Silva
SR-25-01165,ST-4446,Velora,Line 2,Fit,High,3,2025-09-27,2025-10-04,2025-09-30,Completed,No,Dulani Jayasuriya
SR-25-01166,ST-4400,Velora,Line 4,Proto,Normal,1,2025-09-27,2025-10-03,2025-09-30,Completed,No,Ashen Rathnayake
SR-25-01167,ST-4453,Lunaria,Line 5,Pre-Production,Normal,29,2025-09-29,2025-10-09,2025-10-07,Completed,No,Kavindu Fernando
SR-25-01168,ST-4465,Aurelle,Line 4,Size Set,High,9,2025-09-29,2025-10-07,2025-10-06,Completed,No,Dulani Jayasuriya
SR-25-01169,ST-4503,Aurelle,Line 5,Fit,Normal,4,2025-09-30,2025-10-07,2025-10-06,Completed,No,Hiruni Gunasekara
SR-25-01170,ST-4485,Velora,Line 4,Salesman Sample (SMS),Normal,51,2025-09-30,2025-10-10,2025-10-10,Completed,No,Sachini Silva
SR-25-01171,ST-4507,Aurelle,Line 5,Fit,Normal,4,2025-09-30,2025-10-05,2025-10-10,Completed,Yes,Nethmi Perera
SR-25-01172,ST-4406,Aurelle,Line 2,Salesman Sample (SMS),High,43,2025-10-01,2025-10-12,2025-10-08,Completed,No,Dulani Jayasuriya
SR-25-01173,ST-4401,Kindred,Line 3,Size Set,Normal,6,2025-10-02,2025-10-10,2025-10-07,Completed,No,Sachini Silva
SR-25-01174,ST-4412,Velora,Line 4,Size Set,Normal,8,2025-10-02,2025-10-11,2025-10-07,Completed,No,Dulani Jayasuriya
SR-25-01175,ST-4469,Northline,Line 5,Size Set,Normal,15,2025-10-03,2025-10-11,2025-10-11,Completed,No,Hiruni Gunasekara
SR-25-01176,ST-4484,Kindred,Line 5,Pre-Production,Normal,20,2025-10-03,2025-10-12,2025-10-08,Completed,No,Nethmi Perera
SR-25-01177,ST-4424,Kindred,Line 3,Salesman Sample (SMS),Normal,51,2025-10-03,2025-10-14,2025-10-10,Completed,No,Nethmi Perera
SR-25-01178,ST-4419,Kindred,Line 1,Fit,Normal,6,2025-10-03,2025-10-09,2025-10-07,Completed,No,Hiruni Gunasekara
SR-25-01179,ST-4402,Northline,Line 6,Salesman Sample (SMS),Normal,59,2025-10-03,2025-10-12,2025-10-11,Completed,No,Dulani Jayasuriya
SR-25-01180,ST-4452,Aurelle,Line 3,Proto,High,3,2025-10-04,2025-10-09,2025-10-08,Completed,Yes,Dulani Jayasuriya
SR-25-01181,ST-4475,Velora,Line 2,Fit,Normal,6,2025-10-04,2025-10-10,2025-10-05,Completed,No,Dulani Jayasuriya
SR-25-01182,ST-4510,Lunaria,Line 1,Fit,Normal,6,2025-10-04,2025-10-09,2025-10-06,Completed,No,Dulani Jayasuriya
SR-25-01183,ST-4483,Aurelle,Line 1,Salesman Sample (SMS),Normal,21,2025-10-06,2025-10-15,2025-10-13,Completed,No,Ashen Rathnayake
SR-25-01184,ST-4507,Aurelle,Line 2,Salesman Sample (SMS),Normal,36,2025-10-06,2025-10-15,2025-10-13,Completed,No,Sachini Silva
SR-25-01185,ST-4509,Kindred,Line 3,Size Set,Urgent,15,2025-10-06,2025-10-14,2025-10-11,Completed,No,Ashen Rathnayake
SR-25-01186,ST-4430,Lunaria,Line 1,Pre-Production,Normal,26,2025-10-07,2025-10-16,2025-10-13,Completed,No,Sachini Silva
SR-25-01187,ST-4444,Lunaria,Line 4,Salesman Sample (SMS),High,36,2025-10-07,2025-10-16,2025-10-16,Completed,No,Kavindu Fernando
SR-25-01188,ST-4452,Aurelle,Line 6,Proto,Urgent,3,2025-10-07,2025-10-12,2025-10-10,Completed,No,Dulani Jayasuriya
SR-25-01189,ST-4497,Kindred,Line 2,Size Set,Normal,7,2025-10-07,2025-10-14,2025-10-09,Completed,No,Hiruni Gunasekara
SR-25-01190,ST-4430,Lunaria,Line 2,Fit,Normal,3,2025-10-07,2025-10-14,2025-10-10,Completed,No,Kavindu Fernando
SR-25-01191,ST-4427,Aurelle,Line 5,Size Set,High,11,2025-10-07,2025-10-14,2025-10-14,Completed,No,Ashen Rathnayake
SR-25-01192,ST-4473,Lunaria,Line 4,Salesman Sample (SMS),Normal,52,2025-10-07,2025-10-18,2025-10-18,Completed,Yes,Nethmi Perera
SR-25-01193,ST-4465,Aurelle,Line 2,Salesman Sample (SMS),Normal,48,2025-10-08,2025-10-17,2025-10-15,Completed,No,Nethmi Perera
SR-25-01194,ST-4441,Northline,Line 4,Size Set,Urgent,19,2025-10-08,2025-10-14,2025-10-09,Completed,No,Sachini Silva
SR-25-01195,ST-4507,Aurelle,Line 5,Fit,Normal,2,2025-10-09,2025-10-16,2025-10-15,Completed,No,Ashen Rathnayake
SR-25-01196,ST-4513,Aurelle,Line 1,Fit,High,2,2025-10-09,2025-10-14,2025-10-13,Completed,No,Sachini Silva
SR-25-01197,ST-4493,Kindred,Line 3,Fit,Urgent,6,2025-10-09,2025-10-15,2025-10-10,Completed,No,Ashen Rathnayake
SR-25-01198,ST-4481,Aurelle,Line 2,Salesman Sample (SMS),Normal,36,2025-10-09,2025-10-18,2025-10-16,Completed,No,Ashen Rathnayake
SR-25-01199,ST-4510,Lunaria,Line 2,Proto,Normal,1,2025-10-09,2025-10-15,2025-10-11,Completed,No,Kavindu Fernando
SR-25-01200,ST-4466,Lunaria,Line 1,Salesman Sample (SMS),High,33,2025-10-10,2025-10-20,2025-10-17,Completed,No,Ashen Rathnayake
SR-25-01201,ST-4423,Aurelle,Line 2,Size Set,Normal,9,2025-10-10,2025-10-18,2025-10-17,Completed,No,Hiruni Gunasekara
SR-25-01202,ST-4455,Velora,Line 4,Fit,Normal,4,2025-10-10,2025-10-16,2025-10-15,Completed,No,Kavindu Fernando
SR-25-01203,ST-4492,Aurelle,Line 1,Fit,Normal,4,2025-10-10,2025-10-15,2025-10-12,Completed,No,Dulani Jayasuriya
SR-25-01204,ST-4492,Aurelle,Line 3,Fit,Normal,5,2025-10-10,2025-10-15,2025-10-12,Completed,No,Hiruni Gunasekara
SR-25-01205,ST-4468,Lunaria,Line 2,Proto,Normal,1,2025-10-10,2025-10-16,2025-10-12,Completed,No,Kavindu Fernando
SR-25-01206,ST-4502,Velora,Line 2,Fit,Normal,6,2025-10-11,2025-10-16,2025-10-12,Completed,No,Sachini Silva
SR-25-01207,ST-4504,Aurelle,Line 5,Salesman Sample (SMS),Normal,52,2025-10-11,2025-10-21,2025-10-17,Completed,No,Hiruni Gunasekara
SR-25-01208,ST-4517,Aurelle,Line 5,Proto,Normal,3,2025-10-11,2025-10-15,2025-10-14,Completed,No,Nethmi Perera
SR-25-01209,ST-4445,Kindred,Line 2,Fit,Urgent,5,2025-10-13,2025-10-19,2025-10-14,Completed,No,Kavindu Fernando
SR-25-01210,ST-4471,Northline,Line 6,Size Set,Normal,10,2025-10-13,2025-10-20,2025-10-22,Completed,Yes,Hiruni Gunasekara
SR-25-01211,ST-4474,Kindred,Line 4,Proto,Normal,3,2025-10-13,2025-10-19,2025-10-16,Completed,No,Kavindu Fernando
SR-25-01212,ST-4408,Velora,Line 1,Pre-Production,Normal,22,2025-10-14,2025-10-24,2025-10-19,Completed,No,Hiruni Gunasekara
SR-25-01213,ST-4505,Aurelle,Line 5,Pre-Production,Normal,16,2025-10-14,2025-10-22,2025-10-19,Completed,No,Sachini Silva
SR-25-01214,ST-4431,Kindred,Line 4,Proto,Normal,2,2025-10-14,2025-10-20,2025-10-19,Completed,No,Kavindu Fernando
SR-25-01215,ST-4503,Aurelle,Line 2,Size Set,High,12,2025-10-14,2025-10-23,2025-10-21,Completed,No,Kavindu Fernando
SR-25-01216,ST-4484,Kindred,Line 2,Pre-Production,Normal,28,2025-10-15,2025-10-25,2025-10-23,Completed,No,Nethmi Perera
SR-25-01217,ST-4413,Lunaria,Line 2,Proto,Normal,3,2025-10-15,2025-10-21,2025-10-16,Completed,No,Kavindu Fernando
SR-25-01218,ST-4513,Aurelle,Line 1,Size Set,High,16,2025-10-15,2025-10-23,2025-10-21,Completed,No,Kavindu Fernando
SR-25-01219,ST-4455,Velora,Line 5,Salesman Sample (SMS),High,48,2025-10-15,2025-10-26,2025-10-23,Completed,No,Ashen Rathnayake
SR-25-01220,ST-4504,Aurelle,Line 2,Fit,High,5,2025-10-15,2025-10-22,2025-10-18,Completed,No,Sachini Silva
SR-25-01221,ST-4409,Northline,Line 5,Proto,Normal,2,2025-10-16,2025-10-20,2025-10-19,Completed,No,Nethmi Perera
SR-25-01222,ST-4491,Kindred,Line 2,Fit,Normal,4,2025-10-16,2025-10-21,2025-10-20,Completed,No,Hiruni Gunasekara
SR-25-01223,ST-4491,Kindred,Line 4,Size Set,Normal,18,2025-10-16,2025-10-23,2025-10-22,Completed,No,Ashen Rathnayake
SR-25-01224,ST-4421,Kindred,Line 5,Size Set,Normal,14,2025-10-16,2025-10-23,2025-10-25,Completed,Yes,Nethmi Perera
SR-25-01225,ST-4420,Aurelle,Line 5,Fit,Normal,2,2025-10-16,2025-10-21,2025-10-18,Completed,No,Ashen Rathnayake
SR-25-01226,ST-4409,Northline,Line 4,Salesman Sample (SMS),High,41,2025-10-16,2025-10-26,2025-10-23,Completed,No,Hiruni Gunasekara
SR-25-01227,ST-4518,Northline,Line 3,Fit,Normal,5,2025-10-17,2025-10-23,2025-10-20,Completed,No,Kavindu Fernando
SR-25-01228,ST-4475,Velora,Line 6,Salesman Sample (SMS),Normal,53,2025-10-17,2025-10-27,2025-10-25,Completed,No,Nethmi Perera
SR-25-01229,ST-4459,Lunaria,Line 5,Salesman Sample (SMS),Normal,60,2025-10-18,2025-10-28,2025-10-25,Completed,No,Ashen Rathnayake
SR-25-01230,ST-4466,Lunaria,Line 2,Size Set,Normal,18,2025-10-18,2025-10-26,2025-10-24,Completed,No,Sachini Silva
SR-25-01231,ST-4508,Aurelle,Line 6,Proto,Normal,1,2025-10-18,2025-10-24,2025-10-19,Completed,No,Sachini Silva
SR-25-01232,ST-4468,Lunaria,Line 2,Fit,High,5,2025-10-18,2025-10-23,2025-10-22,Completed,No,Sachini Silva
SR-25-01233,ST-4450,Lunaria,Line 5,Size Set,Normal,11,2025-10-20,2025-10-27,2025-10-26,Completed,No,Ashen Rathnayake
SR-25-01234,ST-4424,Kindred,Line 3,Fit,Normal,3,2025-10-20,2025-10-26,2025-10-25,Completed,No,Nethmi Perera
SR-25-01235,ST-4416,Lunaria,Line 6,Proto,Urgent,3,2025-10-20,2025-10-23,2025-10-21,Completed,No,Hiruni Gunasekara
SR-25-01236,ST-4417,Lunaria,Line 1,Size Set,Normal,10,2025-10-21,2025-10-28,2025-10-25,Completed,No,Nethmi Perera
SR-25-01237,ST-4412,Velora,Line 1,Fit,Normal,2,2025-10-22,2025-10-28,2025-10-25,Completed,No,Sachini Silva
SR-25-01238,ST-4441,Northline,Line 2,Proto,Urgent,2,2025-10-22,2025-10-26,2025-10-23,Completed,No,Nethmi Perera
SR-25-01239,ST-4484,Kindred,Line 4,Proto,High,3,2025-10-22,2025-10-26,2025-10-24,Completed,No,Kavindu Fernando
SR-25-01240,ST-4517,Aurelle,Line 6,Proto,Normal,2,2025-10-23,2025-10-28,2025-10-26,Completed,No,Dulani Jayasuriya
SR-25-01241,ST-4482,Aurelle,Line 6,Fit,Normal,3,2025-10-24,2025-10-30,2025-10-30,Completed,Yes,Sachini Silva
SR-25-01242,ST-4482,Aurelle,Line 1,Fit,Normal,6,2025-10-24,2025-10-29,2025-10-28,Completed,No,Ashen Rathnayake
SR-25-01243,ST-4430,Lunaria,Line 5,Size Set,Normal,18,2025-10-24,2025-11-02,2025-11-01,Completed,No,Ashen Rathnayake
SR-25-01244,ST-4484,Kindred,Line 5,Proto,Normal,1,2025-10-25,2025-10-31,2025-10-29,Completed,No,Dulani Jayasuriya
SR-25-01245,ST-4429,Aurelle,Line 5,Pre-Production,Normal,23,2025-10-25,2025-11-02,2025-11-02,Completed,No,Nethmi Perera
SR-25-01246,ST-4459,Lunaria,Line 3,Fit,Normal,5,2025-10-25,2025-11-01,2025-10-26,Completed,No,Sachini Silva
SR-25-01247,ST-4425,Velora,Line 1,Proto,Normal,3,2025-10-25,2025-10-31,2025-10-29,Completed,No,Dulani Jayasuriya
SR-25-01248,ST-4498,Velora,Line 4,Fit,Normal,2,2025-10-25,2025-11-01,2025-10-27,Completed,No,Kavindu Fernando
SR-25-01249,ST-4414,Aurelle,Line 5,Proto,High,3,2025-10-25,2025-10-31,2025-10-29,Completed,No,Hiruni Gunasekara
SR-25-01250,ST-4427,Aurelle,Line 5,Fit,Normal,2,2025-10-27,2025-11-03,2025-10-30,Completed,No,Sachini Silva
SR-25-01251,ST-4489,Northline,Line 6,Fit,Normal,6,2025-10-28,2025-11-04,2025-11-01,Completed,No,Kavindu Fernando
SR-25-01252,ST-4402,Northline,Line 6,Proto,Normal,3,2025-10-28,2025-11-01,2025-11-01,Completed,No,Sachini Silva
SR-25-01253,ST-4426,Kindred,Line 1,Size Set,Normal,18,2025-10-28,2025-11-06,2025-11-04,Completed,No,Kavindu Fernando
SR-25-01254,ST-4471,Northline,Line 6,Size Set,Urgent,15,2025-10-28,2025-11-04,2025-11-01,Completed,No,Dulani Jayasuriya
SR-25-01255,ST-4494,Velora,Line 5,Proto,Normal,2,2025-10-29,2025-11-04,2025-11-04,Completed,No,Ashen Rathnayake
SR-25-01256,ST-4435,Aurelle,Line 3,Proto,Urgent,1,2025-10-29,2025-11-02,2025-10-30,Completed,No,Sachini Silva
SR-25-01257,ST-4478,Aurelle,Line 5,Salesman Sample (SMS),Normal,35,2025-10-29,2025-11-09,2025-11-09,Completed,No,Nethmi Perera
SR-25-01258,ST-4510,Lunaria,Line 2,Size Set,Normal,10,2025-10-29,2025-11-07,2025-11-03,Completed,No,Hiruni Gunasekara
SR-25-01259,ST-4478,Aurelle,Line 6,Salesman Sample (SMS),Normal,28,2025-10-29,2025-11-07,2025-11-07,Completed,No,Ashen Rathnayake
SR-25-01260,ST-4443,Aurelle,Line 1,Salesman Sample (SMS),Urgent,27,2025-10-30,2025-11-09,2025-11-04,Completed,No,Kavindu Fernando
SR-25-01261,ST-4443,Aurelle,Line 6,Proto,Normal,3,2025-10-30,2025-11-05,2025-11-02,Completed,No,Ashen Rathnayake
SR-25-01262,ST-4415,Aurelle,Line 4,Fit,Normal,3,2025-10-30,2025-11-06,2025-11-03,Completed,No,Hiruni Gunasekara
SR-25-01263,ST-4492,Aurelle,Line 6,Fit,Normal,3,2025-10-30,2025-11-05,2025-11-05,Completed,No,Kavindu Fernando
SR-25-01264,ST-4463,Velora,Line 1,Size Set,Normal,11,2025-10-30,2025-11-07,2025-11-04,Completed,No,Ashen Rathnayake
SR-25-01265,ST-4507,Aurelle,Line 2,Proto,Urgent,1,2025-10-30,2025-11-02,2025-10-31,Completed,No,Ashen Rathnayake
SR-25-01266,ST-4485,Velora,Line 4,Size Set,High,7,2025-10-30,2025-11-06,2025-11-03,Completed,No,Ashen Rathnayake
SR-25-01267,ST-4400,Velora,Line 4,Pre-Production,High,10,2025-10-30,2025-11-08,2025-11-06,Completed,No,Ashen Rathnayake
SR-25-01268,ST-4489,Northline,Line 3,Proto,Normal,2,2025-10-30,2025-11-05,2025-10-31,Completed,No,Dulani Jayasuriya
SR-25-01269,ST-4468,Lunaria,Line 6,Size Set,Normal,20,2025-10-31,2025-11-09,2025-11-05,Completed,No,Hiruni Gunasekara
SR-25-01270,ST-4448,Kindred,Line 6,Proto,Normal,3,2025-10-31,2025-11-06,2025-11-04,Completed,No,Ashen Rathnayake
SR-25-01271,ST-4466,Lunaria,Line 2,Size Set,Normal,18,2025-11-01,2025-11-10,2025-11-07,Completed,No,Sachini Silva
SR-25-01272,ST-4445,Kindred,Line 4,Fit,Normal,3,2025-11-03,2025-11-10,2025-11-05,Completed,No,Dulani Jayasuriya
SR-25-01273,ST-4452,Aurelle,Line 3,Size Set,High,20,2025-11-03,2025-11-11,2025-11-10,Completed,No,Nethmi Perera
SR-25-01274,ST-4434,Aurelle,Line 4,Size Set,High,16,2025-11-04,2025-11-13,2025-11-11,Completed,No,Sachini Silva
SR-25-01275,ST-4480,Velora,Line 1,Fit,High,4,2025-11-04,2025-11-10,2025-11-06,Completed,No,Nethmi Perera
SR-25-01276,ST-4425,Velora,Line 4,Fit,Normal,2,2025-11-04,2025-11-11,2025-11-07,Completed,No,Sachini Silva
SR-25-01277,ST-4466,Lunaria,Line 2,Proto,Normal,3,2025-11-04,2025-11-08,2025-11-06,Completed,No,Dulani Jayasuriya
SR-25-01278,ST-4446,Velora,Line 3,Pre-Production,High,18,2025-11-04,2025-11-12,2025-11-09,Completed,No,Sachini Silva
SR-25-01279,ST-4503,Aurelle,Line 1,Fit,Normal,5,2025-11-05,2025-11-12,2025-11-09,Completed,No,Ashen Rathnayake
SR-25-01280,ST-4423,Aurelle,Line 1,Size Set,Urgent,13,2025-11-05,2025-11-11,2025-11-08,Completed,No,Hiruni Gunasekara
SR-25-01281,ST-4453,Lunaria,Line 4,Size Set,Normal,16,2025-11-05,2025-11-14,2025-11-10,Completed,No,Sachini Silva
SR-25-01282,ST-4406,Aurelle,Line 4,Size Set,Normal,19,2025-11-06,2025-11-13,2025-11-14,Completed,No,Ashen Rathnayake
SR-25-01283,ST-4507,Aurelle,Line 4,Pre-Production,Normal,26,2025-11-06,2025-11-14,2025-11-15,Completed,No,Nethmi Perera
SR-25-01284,ST-4443,Aurelle,Line 5,Fit,Normal,2,2025-11-06,2025-11-12,2025-11-11,Completed,No,Kavindu Fernando
SR-25-01285,ST-4450,Lunaria,Line 1,Fit,Normal,5,2025-11-06,2025-11-13,2025-11-09,Completed,No,Sachini Silva
SR-25-01286,ST-4481,Aurelle,Line 1,Proto,Normal,1,2025-11-06,2025-11-12,2025-11-07,Completed,No,Nethmi Perera
SR-25-01287,ST-4516,Velora,Line 5,Fit,Normal,2,2025-11-07,2025-11-13,2025-11-09,Completed,No,Sachini Silva
SR-25-01288,ST-4511,Velora,Line 4,Pre-Production,Normal,12,2025-11-07,2025-11-17,2025-11-13,Completed,No,Sachini Silva
SR-25-01289,ST-4442,Velora,Line 5,Proto,Normal,1,2025-11-07,2025-11-12,2025-11-12,Completed,Yes,Nethmi Perera
SR-25-01290,ST-4461,Kindred,Line 5,Proto,Normal,1,2025-11-07,2025-11-12,2025-11-10,Completed,No,Nethmi Perera
SR-25-01291,ST-4404,Lunaria,Line 2,Pre-Production,Normal,13,2025-11-07,2025-11-17,2025-11-13,Completed,No,Ashen Rathnayake
SR-25-01292,ST-4436,Aurelle,Line 2,Pre-Production,High,22,2025-11-07,2025-11-17,2025-11-13,Completed,No,Nethmi Perera
SR-25-01293,ST-4487,Northline,Line 4,Salesman Sample (SMS),High,56,2025-11-08,2025-11-17,2025-11-17,Completed,No,Dulani Jayasuriya
SR-25-01294,ST-4440,Northline,Line 4,Fit,High,6,2025-11-08,2025-11-13,2025-11-13,Completed,No,Hiruni Gunasekara
SR-25-01295,ST-4402,Northline,Line 2,Size Set,Normal,11,2025-11-08,2025-11-17,2025-11-14,Completed,No,Dulani Jayasuriya
SR-25-01296,ST-4464,Aurelle,Line 2,Fit,Normal,2,2025-11-10,2025-11-16,2025-11-12,Completed,No,Sachini Silva
SR-25-01297,ST-4477,Velora,Line 1,Size Set,Normal,19,2025-11-10,2025-11-17,2025-11-15,Completed,No,Ashen Rathnayake
SR-25-01298,ST-4426,Kindred,Line 1,Size Set,Normal,7,2025-11-10,2025-11-18,2025-11-16,Completed,No,Hiruni Gunasekara
SR-25-01299,ST-4477,Velora,Line 6,Salesman Sample (SMS),Normal,34,2025-11-10,2025-11-19,2025-11-18,Completed,No,Nethmi Perera
SR-25-01300,ST-4437,Lunaria,Line 1,Proto,High,2,2025-11-11,2025-11-17,2025-11-13,Completed,No,Dulani Jayasuriya
SR-25-01301,ST-4444,Lunaria,Line 6,Size Set,Normal,7,2025-11-11,2025-11-18,2025-11-20,Completed,No,Sachini Silva
SR-25-01302,ST-4500,Kindred,Line 5,Size Set,High,20,2025-11-11,2025-11-18,2025-11-16,Completed,Yes,Ashen Rathnayake
SR-25-01303,ST-4465,Aurelle,Line 5,Size Set,Normal,17,2025-11-12,2025-11-19,2025-11-15,Completed,No,Nethmi Perera
SR-25-01304,ST-4495,Aurelle,Line 4,Proto,Normal,3,2025-11-12,2025-11-17,2025-11-14,Completed,No,Sachini Silva
SR-25-01305,ST-4502,Velora,Line 3,Fit,Normal,4,2025-11-12,2025-11-18,2025-11-16,Completed,No,Ashen Rathnayake
SR-25-01306,ST-4423,Aurelle,Line 5,Fit,Normal,2,2025-11-12,2025-11-17,2025-11-18,Completed,No,Sachini Silva
SR-25-01307,ST-4486,Velora,Line 4,Pre-Production,Normal,16,2025-11-12,2025-11-20,2025-11-20,Completed,No,Hiruni Gunasekara
SR-25-01308,ST-4467,Lunaria,Line 2,Size Set,Normal,8,2025-11-12,2025-11-19,2025-11-18,Completed,No,Hiruni Gunasekara
SR-25-01309,ST-4405,Velora,Line 2,Proto,Normal,1,2025-11-13,2025-11-19,2025-11-15,Completed,No,Hiruni Gunasekara
SR-25-01310,ST-4436,Aurelle,Line 2,Proto,Normal,3,2025-11-14,2025-11-19,2025-11-15,Completed,No,Sachini Silva
SR-25-01311,ST-4442,Velora,Line 6,Pre-Production,Normal,14,2025-11-14,2025-11-22,2025-11-24,Completed,No,Hiruni Gunasekara
SR-25-01312,ST-4419,Kindred,Line 6,Size Set,High,20,2025-11-14,2025-11-22,2025-11-23,Completed,No,Ashen Rathnayake
SR-25-01313,ST-4435,Aurelle,Line 4,Fit,Urgent,6,2025-11-15,2025-11-20,2025-11-19,Completed,No,Sachini Silva
SR-25-01314,ST-4469,Northline,Line 6,Fit,Normal,2,2025-11-17,2025-11-24,2025-11-23,Completed,No,Dulani Jayasuriya
SR-25-01315,ST-4514,Lunaria,Line 4,Proto,Normal,1,2025-11-17,2025-11-23,2025-11-24,Completed,Yes,Ashen Rathnayake
SR-25-01316,ST-4497,Kindred,Line 2,Fit,Normal,4,2025-11-17,2025-11-24,2025-11-24,Completed,No,Sachini Silva
SR-25-01317,ST-4440,Northline,Line 3,Size Set,High,19,2025-11-18,2025-11-25,2025-11-26,Completed,No,Hiruni Gunasekara
SR-25-01318,ST-4476,Northline,Line 3,Fit,Normal,2,2025-11-18,2025-11-24,2025-11-19,Completed,No,Dulani Jayasuriya
SR-25-01319,ST-4460,Velora,Line 3,Proto,Normal,1,2025-11-19,2025-11-24,2025-11-22,Completed,No,Ashen Rathnayake
SR-25-01320,ST-4499,Lunaria,Line 4,Salesman Sample (SMS),Normal,37,2025-11-19,2025-11-29,2025-11-28,Completed,No,Dulani Jayasuriya
SR-25-01321,ST-4450,Lunaria,Line 3,Proto,Normal,2,2025-11-19,2025-11-23,2025-11-21,Completed,No,Hiruni Gunasekara
SR-25-01322,ST-4439,Aurelle,Line 2,Proto,High,2,2025-11-20,2025-11-26,2025-11-22,Completed,No,Kavindu Fernando
SR-25-01323,ST-4475,Velora,Line 3,Pre-Production,High,14,2025-11-20,2025-11-28,2025-11-26,Completed,No,Sachini Silva
SR-25-01324,ST-4488,Lunaria,Line 3,Proto,Urgent,1,2025-11-21,2025-11-26,2025-11-22,Completed,No,Nethmi Perera
SR-25-01325,ST-4436,Aurelle,Line 1,Size Set,Normal,11,2025-11-21,2025-11-28,2025-11-25,Completed,No,Dulani Jayasuriya
SR-25-01326,ST-4439,Aurelle,Line 3,Fit,Normal,5,2025-11-22,2025-11-29,2025-11-25,Completed,No,Ashen Rathnayake
SR-25-01327,ST-4440,Northline,Line 5,Fit,Normal,6,2025-11-22,2025-11-29,2025-11-24,Completed,No,Hiruni Gunasekara
SR-25-01328,ST-4433,Aurelle,Line 5,Proto,Urgent,3,2025-11-22,2025-11-27,2025-11-24,Completed,No,Sachini Silva
SR-25-01329,ST-4420,Aurelle,Line 6,Size Set,Normal,7,2025-11-24,2025-12-02,2025-11-29,Completed,No,Sachini Silva
SR-25-01330,ST-4405,Velora,Line 1,Proto,High,2,2025-11-24,2025-11-28,2025-11-26,Completed,No,Dulani Jayasuriya
SR-25-01331,ST-4492,Aurelle,Line 5,Fit,Urgent,4,2025-11-25,2025-12-01,2025-12-01,Completed,No,Dulani Jayasuriya
SR-25-01332,ST-4511,Velora,Line 1,Proto,Normal,3,2025-11-25,2025-11-29,2025-11-27,Completed,No,Ashen Rathnayake
SR-25-01333,ST-4506,Aurelle,Line 2,Proto,High,3,2025-11-25,2025-11-29,2025-11-26,Completed,No,Dulani Jayasuriya
SR-25-01334,ST-4457,Kindred,Line 3,Proto,High,3,2025-11-25,2025-12-01,2025-11-29,Completed,No,Dulani Jayasuriya
SR-25-01335,ST-4432,Kindred,Line 3,Proto,Normal,2,2025-11-25,2025-11-29,2025-11-27,Completed,No,Ashen Rathnayake
SR-25-01336,ST-4455,Velora,Line 4,Salesman Sample (SMS),Urgent,35,2025-11-26,2025-12-06,2025-12-02,Completed,No,Kavindu Fernando
SR-25-01337,ST-4402,Northline,Line 4,Proto,High,3,2025-11-26,2025-11-30,2025-11-29,Completed,No,Kavindu Fernando
SR-25-01338,ST-4504,Aurelle,Line 4,Fit,High,5,2025-11-26,2025-12-01,2025-11-29,Completed,No,Sachini Silva
SR-25-01339,ST-4497,Kindred,Line 2,Salesman Sample (SMS),Normal,30,2025-11-26,2025-12-06,2025-12-04,Completed,No,Nethmi Perera
SR-25-01340,ST-4445,Kindred,Line 1,Proto,High,3,2025-11-26,2025-12-02,2025-11-27,Completed,No,Kavindu Fernando
SR-25-01341,ST-4474,Kindred,Line 6,Proto,Normal,3,2025-11-26,2025-12-02,2025-11-29,Completed,No,Hiruni Gunasekara
SR-25-01342,ST-4456,Lunaria,Line 2,Salesman Sample (SMS),Normal,21,2025-11-27,2025-12-08,2025-12-04,Completed,No,Kavindu Fernando
SR-25-01343,ST-4483,Aurelle,Line 6,Fit,Urgent,5,2025-11-27,2025-12-01,2025-11-30,Completed,No,Dulani Jayasuriya
SR-25-01344,ST-4485,Velora,Line 4,Fit,Normal,6,2025-11-28,2025-12-05,2025-12-01,Completed,No,Kavindu Fernando
SR-25-01345,ST-4400,Velora,Line 4,Salesman Sample (SMS),Normal,26,2025-11-28,2025-12-07,2025-12-03,Completed,No,Nethmi Perera
SR-25-01346,ST-4515,Kindred,Line 2,Fit,Urgent,4,2025-11-28,2025-12-03,2025-12-01,Completed,No,Nethmi Perera
SR-25-01347,ST-4448,Kindred,Line 6,Proto,Normal,3,2025-11-28,2025-12-04,2025-12-01,Completed,No,Nethmi Perera
SR-25-01348,ST-4427,Aurelle,Line 5,Salesman Sample (SMS),Normal,43,2025-11-29,2025-12-09,2025-12-08,Completed,No,Ashen Rathnayake
SR-25-01349,ST-4487,Northline,Line 2,Proto,Normal,2,2025-12-02,2025-12-06,2025-12-04,Completed,No,Ashen Rathnayake
SR-25-01350,ST-4509,Kindred,Line 6,Proto,Normal,3,2025-12-03,2025-12-09,2025-12-09,Completed,No,Ashen Rathnayake
SR-25-01351,ST-4470,Aurelle,Line 3,Fit,Normal,4,2025-12-03,2025-12-08,2025-12-06,Completed,No,Dulani Jayasuriya
SR-25-01352,ST-4508,Aurelle,Line 1,Size Set,Normal,9,2025-12-04,2025-12-13,2025-12-07,Completed,No,Hiruni Gunasekara
SR-25-01353,ST-4471,Northline,Line 5,Salesman Sample (SMS),Normal,48,2025-12-04,2025-12-14,2025-12-12,Completed,No,Kavindu Fernando
SR-25-01354,ST-4487,Northline,Line 3,Salesman Sample (SMS),Normal,44,2025-12-04,2025-12-15,2025-12-12,Completed,No,Ashen Rathnayake
SR-25-01355,ST-4438,Kindred,Line 4,Pre-Production,Normal,10,2025-12-04,2025-12-14,2025-12-09,Completed,No,Dulani Jayasuriya
SR-25-01356,ST-4466,Lunaria,Line 4,Fit,High,3,2025-12-05,2025-12-12,2025-12-09,Completed,No,Nethmi Perera
SR-25-01357,ST-4516,Velora,Line 4,Salesman Sample (SMS),Normal,29,2025-12-05,2025-12-14,2025-12-11,Completed,No,Sachini Silva
SR-25-01358,ST-4438,Kindred,Line 6,Size Set,Normal,10,2025-12-06,2025-12-15,2025-12-13,Completed,No,Ashen Rathnayake
SR-25-01359,ST-4485,Velora,Line 1,Proto,Normal,2,2025-12-06,2025-12-12,2025-12-08,Completed,No,Sachini Silva
SR-25-01360,ST-4494,Velora,Line 1,Size Set,Normal,7,2025-12-06,2025-12-15,2025-12-11,Completed,No,Sachini Silva
SR-25-01361,ST-4462,Kindred,Line 6,Proto,High,1,2025-12-08,2025-12-14,2025-12-11,Completed,No,Nethmi Perera
SR-25-01362,ST-4506,Aurelle,Line 2,Proto,High,2,2025-12-08,2025-12-13,2025-12-09,Completed,No,Nethmi Perera
SR-25-01363,ST-4498,Velora,Line 3,Fit,Urgent,4,2025-12-08,2025-12-12,2025-12-10,Completed,No,Ashen Rathnayake
SR-25-01364,ST-4403,Aurelle,Line 4,Proto,Normal,2,2025-12-09,2025-12-13,2025-12-12,Completed,No,Kavindu Fernando
SR-25-01365,ST-4485,Velora,Line 2,Pre-Production,High,14,2025-12-09,2025-12-19,2025-12-17,Completed,No,Dulani Jayasuriya
SR-25-01366,ST-4416,Lunaria,Line 4,Proto,Normal,2,2025-12-09,2025-12-14,2025-12-11,Completed,No,Dulani Jayasuriya
SR-25-01367,ST-4450,Lunaria,Line 6,Fit,Normal,6,2025-12-09,2025-12-15,2025-12-15,Completed,No,Kavindu Fernando
SR-25-01368,ST-4460,Velora,Line 4,Proto,Urgent,3,2025-12-10,2025-12-15,2025-12-11,Completed,No,Hiruni Gunasekara
SR-25-01369,ST-4446,Velora,Line 5,Salesman Sample (SMS),High,43,2025-12-11,2025-12-21,2025-12-19,Completed,No,Ashen Rathnayake
SR-25-01370,ST-4457,Kindred,Line 3,Size Set,Normal,17,2025-12-11,2025-12-19,2025-12-16,Completed,No,Kavindu Fernando
SR-25-01371,ST-4435,Aurelle,Line 2,Pre-Production,Normal,10,2025-12-12,2025-12-21,2025-12-19,Completed,No,Hiruni Gunasekara
SR-25-01372,ST-4503,Aurelle,Line 6,Salesman Sample (SMS),High,28,2025-12-12,2025-12-23,2025-12-21,Completed,No,Kavindu Fernando
SR-25-01373,ST-4478,Aurelle,Line 1,Proto,Normal,2,2025-12-12,2025-12-18,2025-12-14,Completed,No,Hiruni Gunasekara
SR-25-01374,ST-4518,Northline,Line 5,Fit,High,6,2025-12-13,2025-12-18,2025-12-18,Completed,No,Ashen Rathnayake
SR-25-01375,ST-4424,Kindred,Line 1,Fit,Normal,3,2025-12-13,2025-12-18,2025-12-16,Completed,No,Kavindu Fernando
SR-25-01376,ST-4493,Kindred,Line 4,Size Set,Normal,7,2025-12-13,2025-12-22,2025-12-17,Completed,No,Hiruni Gunasekara
SR-25-01377,ST-4504,Aurelle,Line 3,Fit,Normal,2,2025-12-15,2025-12-22,2025-12-21,Completed,No,Dulani Jayasuriya
SR-25-01378,ST-4466,Lunaria,Line 4,Fit,Normal,2,2025-12-15,2025-12-22,2025-12-21,Completed,No,Kavindu Fernando
SR-25-01379,ST-4484,Kindred,Line 3,Proto,Normal,1,2025-12-16,2025-12-22,2025-12-17,Completed,No,Hiruni Gunasekara
SR-25-01380,ST-4507,Aurelle,Line 6,Salesman Sample (SMS),High,34,2025-12-16,2025-12-27,2025-12-23,Completed,No,Sachini Silva
SR-25-01381,ST-4450,Lunaria,Line 3,Pre-Production,Normal,13,2025-12-17,2025-12-25,2025-12-24,Completed,No,Nethmi Perera
SR-25-01382,ST-4471,Northline,Line 2,Salesman Sample (SMS),High,24,2025-12-17,2025-12-26,2025-12-23,Completed,No,Kavindu Fernando
SR-25-01383,ST-4480,Velora,Line 3,Size Set,Normal,16,2025-12-17,2025-12-26,2025-12-23,Completed,No,Kavindu Fernando
SR-25-01384,ST-4510,Lunaria,Line 3,Proto,Normal,3,2025-12-18,2025-12-22,2025-12-22,Completed,No,Nethmi Perera
SR-25-01385,ST-4490,Northline,Line 4,Proto,Normal,3,2025-12-18,2025-12-22,2025-12-21,Completed,No,Dulani Jayasuriya
SR-25-01386,ST-4458,Aurelle,Line 2,Proto,Normal,2,2025-12-18,2025-12-24,2025-12-21,Completed,No,Ashen Rathnayake
SR-25-01387,ST-4405,Velora,Line 6,Fit,Normal,5,2025-12-19,2025-12-25,2025-12-26,Completed,Yes,Dulani Jayasuriya
SR-25-01388,ST-4438,Kindred,Line 1,Salesman Sample (SMS),High,54,2025-12-20,2025-12-29,2025-12-27,Completed,No,Sachini Silva
SR-25-01389,ST-4406,Aurelle,Line 5,Salesman Sample (SMS),Normal,33,2025-12-20,2025-12-29,2025-12-29,Completed,No,Kavindu Fernando
SR-25-01390,ST-4491,Kindred,Line 5,Fit,High,5,2025-12-20,2025-12-27,2025-12-25,Completed,No,Dulani Jayasuriya
SR-25-01391,ST-4412,Velora,Line 4,Proto,High,3,2025-12-24,2025-12-29,2025-12-29,Completed,No,Nethmi Perera
SR-25-01392,ST-4519,Velora,Line 6,Fit,Normal,4,2025-12-25,2026-01-01,2026-01-03,Completed,Yes,Nethmi Perera
SR-25-01393,ST-4494,Velora,Line 2,Fit,Normal,6,2025-12-26,2026-01-02,2025-12-30,Completed,No,Kavindu Fernando
SR-25-01394,ST-4480,Velora,Line 2,Fit,Normal,2,2025-12-26,2025-12-31,2025-12-28,Completed,No,Nethmi Perera
SR-25-01395,ST-4452,Aurelle,Line 4,Fit,Normal,5,2025-12-27,2026-01-03,2026-01-01,Completed,No,Nethmi Perera
SR-25-01396,ST-4472,Northline,Line 6,Salesman Sample (SMS),Normal,41,2025-12-29,2026-01-08,2026-01-05,Completed,No,Ashen Rathnayake
SR-25-01397,ST-4492,Aurelle,Line 2,Fit,Normal,3,2025-12-29,2026-01-03,2026-01-01,Completed,No,Kavindu Fernando
SR-25-01398,ST-4486,Velora,Line 6,Proto,Normal,1,2025-12-30,2026-01-05,2026-01-03,Completed,No,Ashen Rathnayake
SR-25-01399,ST-4463,Velora,Line 6,Pre-Production,High,25,2025-12-30,2026-01-09,2026-01-08,Completed,No,Dulani Jayasuriya
SR-25-01400,ST-4499,Lunaria,Line 3,Salesman Sample (SMS),Normal,28,2025-12-31,2026-01-11,2026-01-06,Completed,No,Dulani Jayasuriya
SR-25-01401,ST-4482,Aurelle,Line 4,Proto,Normal,1,2025-12-31,2026-01-05,2026-01-03,Completed,Yes,Ashen Rathnayake
SR-25-01402,ST-4474,Kindred,Line 5,Size Set,Normal,19,2025-12-31,2026-01-09,2026-01-07,Completed,No,Kavindu Fernando
SR-25-01403,ST-4490,Northline,Line 6,Proto,High,1,2025-12-31,2026-01-04,2026-01-05,Completed,No,Kavindu Fernando
SR-26-01404,ST-4471,Northline,Line 6,Salesman Sample (SMS),Normal,56,2026-01-01,2026-01-10,2026-01-08,Completed,No,Kavindu Fernando
SR-26-01405,ST-4497,Kindred,Line 6,Proto,Normal,2,2026-01-01,2026-01-06,2026-01-04,Completed,No,Kavindu Fernando
SR-26-01406,ST-4485,Velora,Line 6,Size Set,Normal,8,2026-01-02,2026-01-11,2026-01-07,Completed,No,Hiruni Gunasekara
SR-26-01407,ST-4441,Northline,Line 6,Fit,Urgent,6,2026-01-02,2026-01-08,2026-01-06,Completed,No,Hiruni Gunasekara
SR-26-01408,ST-4517,Aurelle,Line 4,Fit,Normal,6,2026-01-02,2026-01-09,2026-01-06,Completed,No,Sachini Silva
SR-26-01409,ST-4519,Velora,Line 3,Fit,High,5,2026-01-02,2026-01-08,2026-01-05,Completed,No,Sachini Silva
SR-26-01410,ST-4471,Northline,Line 3,Proto,High,3,2026-01-02,2026-01-07,2026-01-05,Completed,No,Hiruni Gunasekara
SR-26-01411,ST-4458,Aurelle,Line 3,Salesman Sample (SMS),Normal,38,2026-01-02,2026-01-12,2026-01-12,Completed,No,Sachini Silva
SR-26-01412,ST-4422,Velora,Line 3,Size Set,Normal,17,2026-01-03,2026-01-10,2026-01-08,Completed,No,Hiruni Gunasekara
SR-26-01413,ST-4508,Aurelle,Line 3,Proto,Urgent,3,2026-01-03,2026-01-06,2026-01-04,Completed,No,Nethmi Perera
SR-26-01414,ST-4415,Aurelle,Line 3,Salesman Sample (SMS),Normal,51,2026-01-03,2026-01-12,2026-01-11,Completed,No,Sachini Silva
SR-26-01415,ST-4459,Lunaria,Line 2,Proto,High,1,2026-01-05,2026-01-11,2026-01-08,Completed,No,Ashen Rathnayake
SR-26-01416,ST-4492,Aurelle,Line 4,Proto,Normal,1,2026-01-05,2026-01-11,2026-01-10,Completed,No,Nethmi Perera
SR-26-01417,ST-4517,Aurelle,Line 3,Fit,High,4,2026-01-05,2026-01-12,2026-01-08,Completed,No,Nethmi Perera
SR-26-01418,ST-4423,Aurelle,Line 4,Proto,Normal,3,2026-01-05,2026-01-09,2026-01-07,Completed,No,Ashen Rathnayake
SR-26-01419,ST-4496,Velora,Line 6,Fit,High,3,2026-01-05,2026-01-12,2026-01-10,Completed,No,Dulani Jayasuriya
SR-26-01420,ST-4407,Velora,Line 3,Fit,Normal,6,2026-01-06,2026-01-13,2026-01-10,Completed,No,Nethmi Perera
SR-26-01421,ST-4433,Aurelle,Line 6,Proto,Normal,1,2026-01-06,2026-01-11,2026-01-09,Completed,No,Nethmi Perera
SR-26-01422,ST-4454,Aurelle,Line 2,Pre-Production,High,19,2026-01-06,2026-01-14,2026-01-11,Completed,No,Nethmi Perera
SR-26-01423,ST-4438,Kindred,Line 6,Pre-Production,Normal,14,2026-01-06,2026-01-16,2026-01-14,Completed,No,Dulani Jayasuriya
SR-26-01424,ST-4438,Kindred,Line 4,Proto,Normal,2,2026-01-07,2026-01-12,2026-01-10,Completed,No,Kavindu Fernando
SR-26-01425,ST-4516,Velora,Line 4,Proto,Normal,3,2026-01-07,2026-01-12,2026-01-10,Completed,No,Ashen Rathnayake
SR-26-01426,ST-4504,Aurelle,Line 2,Fit,High,5,2026-01-08,2026-01-14,2026-01-11,Completed,No,Ashen Rathnayake
SR-26-01427,ST-4466,Lunaria,Line 6,Proto,Normal,3,2026-01-08,2026-01-12,2026-01-10,Completed,No,Dulani Jayasuriya
SR-26-01428,ST-4464,Aurelle,Line 3,Size Set,Normal,20,2026-01-08,2026-01-16,2026-01-15,Completed,No,Hiruni Gunasekara
SR-26-01429,ST-4491,Kindred,Line 4,Fit,Urgent,3,2026-01-08,2026-01-14,2026-01-11,Completed,No,Nethmi Perera
SR-26-01430,ST-4488,Lunaria,Line 3,Size Set,Normal,16,2026-01-09,2026-01-18,2026-01-14,Completed,No,Hiruni Gunasekara
SR-26-01431,ST-4405,Velora,Line 1,Size Set,High,8,2026-01-09,2026-01-18,2026-01-12,Completed,No,Nethmi Perera
SR-26-01432,ST-4466,Lunaria,Line 4,Pre-Production,Urgent,20,2026-01-09,2026-01-17,2026-01-15,Completed,No,Hiruni Gunasekara
SR-26-01433,ST-4432,Kindred,Line 6,Fit,Normal,6,2026-01-09,2026-01-16,2026-01-14,Completed,No,Ashen Rathnayake
SR-26-01434,ST-4418,Velora,Line 5,Proto,Normal,1,2026-01-09,2026-01-14,2026-01-15,Completed,No,Kavindu Fernando
SR-26-01435,ST-4442,Velora,Line 3,Fit,Normal,2,2026-01-10,2026-01-16,2026-01-15,Completed,No,Ashen Rathnayake
SR-26-01436,ST-4417,Lunaria,Line 6,Fit,Normal,2,2026-01-10,2026-01-16,2026-01-16,Completed,No,Ashen Rathnayake
SR-26-01437,ST-4404,Lunaria,Line 1,Fit,Normal,4,2026-01-10,2026-01-17,2026-01-13,Completed,No,Sachini Silva
SR-26-01438,ST-4420,Aurelle,Line 6,Size Set,Normal,14,2026-01-10,2026-01-17,2026-01-15,Completed,No,Kavindu Fernando
SR-26-01439,ST-4473,Lunaria,Line 3,Size Set,Normal,20,2026-01-12,2026-01-21,2026-01-16,Completed,No,Hiruni Gunasekara
SR-26-01440,ST-4435,Aurelle,Line 6,Size Set,High,13,2026-01-12,2026-01-19,2026-01-19,Completed,No,Sachini Silva
SR-26-01441,ST-4410,Aurelle,Line 5,Pre-Production,Normal,20,2026-01-13,2026-01-23,2026-01-20,Completed,No,Ashen Rathnayake
SR-26-01442,ST-4491,Kindred,Line 4,Fit,High,4,2026-01-13,2026-01-19,2026-01-17,Completed,No,Nethmi Perera
SR-26-01443,ST-4412,Velora,Line 3,Salesman Sample (SMS),Normal,42,2026-01-13,2026-01-22,2026-01-21,Completed,No,Nethmi Perera
SR-26-01444,ST-4498,Velora,Line 4,Fit,Normal,4,2026-01-14,2026-01-21,2026-01-19,Completed,No,Nethmi Perera
SR-26-01445,ST-4414,Aurelle,Line 6,Proto,Normal,1,2026-01-14,2026-01-20,2026-01-16,Completed,No,Kavindu Fernando
SR-26-01446,ST-4409,Northline,Line 5,Fit,Normal,5,2026-01-14,2026-01-21,2026-01-17,Completed,No,Hiruni Gunasekara
SR-26-01447,ST-4407,Velora,Line 2,Size Set,Urgent,10,2026-01-14,2026-01-22,2026-01-17,Completed,No,Ashen Rathnayake
SR-26-01448,ST-4439,Aurelle,Line 2,Fit,High,4,2026-01-15,2026-01-20,2026-01-20,Completed,No,Dulani Jayasuriya
SR-26-01449,ST-4518,Northline,Line 3,Proto,Normal,1,2026-01-15,2026-01-19,2026-01-16,Completed,No,Sachini Silva
SR-26-01450,ST-4416,Lunaria,Line 5,Proto,Normal,3,2026-01-15,2026-01-20,2026-01-18,Completed,No,Sachini Silva
SR-26-01451,ST-4467,Lunaria,Line 4,Salesman Sample (SMS),High,50,2026-01-15,2026-01-24,2026-01-23,Completed,No,Sachini Silva
SR-26-01452,ST-4462,Kindred,Line 1,Size Set,Normal,12,2026-01-15,2026-01-23,2026-01-20,Completed,No,Nethmi Perera
SR-26-01453,ST-4407,Velora,Line 5,Pre-Production,Normal,11,2026-01-15,2026-01-23,2026-01-21,Completed,No,Sachini Silva
SR-26-01454,ST-4518,Northline,Line 3,Size Set,Normal,15,2026-01-16,2026-01-25,2026-01-24,Completed,No,Nethmi Perera
SR-26-01455,ST-4460,Velora,Line 2,Proto,Normal,3,2026-01-16,2026-01-21,2026-01-20,Completed,No,Ashen Rathnayake
SR-26-01456,ST-4511,Velora,Line 5,Proto,Urgent,3,2026-01-16,2026-01-19,2026-01-19,Completed,No,Sachini Silva
SR-26-01457,ST-4513,Aurelle,Line 6,Salesman Sample (SMS),Normal,29,2026-01-19,2026-01-29,2026-01-28,Completed,No,Sachini Silva
SR-26-01458,ST-4503,Aurelle,Line 2,Size Set,Normal,13,2026-01-19,2026-01-27,2026-01-25,Completed,No,Nethmi Perera
SR-26-01459,ST-4504,Aurelle,Line 1,Salesman Sample (SMS),Normal,22,2026-01-19,2026-01-28,2026-01-26,Completed,No,Hiruni Gunasekara
SR-26-01460,ST-4400,Velora,Line 5,Fit,Normal,3,2026-01-19,2026-01-26,2026-01-21,Completed,No,Sachini Silva
SR-26-01461,ST-4446,Velora,Line 5,Proto,Normal,1,2026-01-19,2026-01-25,2026-01-22,Completed,No,Ashen Rathnayake
SR-26-01462,ST-4504,Aurelle,Line 6,Proto,Normal,2,2026-01-19,2026-01-23,2026-01-21,Completed,No,Hiruni Gunasekara
SR-26-01463,ST-4482,Aurelle,Line 4,Fit,Normal,2,2026-01-20,2026-01-27,2026-01-23,Completed,No,Dulani Jayasuriya
SR-26-01464,ST-4433,Aurelle,Line 1,Size Set,Normal,16,2026-01-20,2026-01-27,2026-01-25,Completed,No,Kavindu Fernando
SR-26-01465,ST-4444,Lunaria,Line 5,Size Set,Normal,15,2026-01-21,2026-01-30,2026-01-28,Completed,No,Kavindu Fernando
SR-26-01466,ST-4519,Velora,Line 3,Proto,Normal,3,2026-01-21,2026-01-25,2026-01-24,Completed,No,Hiruni Gunasekara
SR-26-01467,ST-4472,Northline,Line 3,Size Set,Normal,10,2026-01-22,2026-01-31,2026-01-29,Completed,No,Dulani Jayasuriya
SR-26-01468,ST-4442,Velora,Line 6,Pre-Production,Normal,26,2026-01-22,2026-01-31,2026-01-28,Completed,No,Kavindu Fernando
SR-26-01469,ST-4420,Aurelle,Line 6,Fit,Normal,6,2026-01-22,2026-01-28,2026-01-29,Completed,No,Nethmi Perera
SR-26-01470,ST-4412,Velora,Line 6,Fit,Normal,4,2026-01-22,2026-01-28,2026-01-27,Completed,No,Sachini Silva
SR-26-01471,ST-4488,Lunaria,Line 4,Fit,Normal,5,2026-01-22,2026-01-28,2026-01-27,Completed,No,Sachini Silva
SR-26-01472,ST-4458,Aurelle,Line 6,Proto,High,3,2026-01-22,2026-01-27,2026-01-28,Completed,No,Hiruni Gunasekara
SR-26-01473,ST-4465,Aurelle,Line 1,Pre-Production,High,18,2026-01-22,2026-01-31,2026-01-27,Completed,No,Dulani Jayasuriya
SR-26-01474,ST-4510,Lunaria,Line 5,Proto,Normal,2,2026-01-22,2026-01-28,2026-01-24,Completed,No,Sachini Silva
SR-26-01475,ST-4478,Aurelle,Line 3,Pre-Production,Normal,29,2026-01-23,2026-02-02,2026-01-27,Completed,No,Sachini Silva
SR-26-01476,ST-4463,Velora,Line 5,Proto,Urgent,3,2026-01-23,2026-01-27,2026-01-25,Completed,No,Sachini Silva
SR-26-01477,ST-4425,Velora,Line 4,Proto,High,2,2026-01-23,2026-01-29,2026-01-27,Completed,Yes,Sachini Silva
SR-26-01478,ST-4428,Aurelle,Line 2,Proto,High,3,2026-01-24,2026-01-28,2026-01-26,Completed,No,Nethmi Perera
SR-26-01479,ST-4450,Lunaria,Line 6,Salesman Sample (SMS),Normal,30,2026-01-24,2026-02-02,2026-02-02,Completed,No,Dulani Jayasuriya
SR-26-01480,ST-4488,Lunaria,Line 5,Salesman Sample (SMS),Normal,40,2026-01-24,2026-02-03,2026-02-04,Completed,Yes,Nethmi Perera
SR-26-01481,ST-4422,Velora,Line 3,Proto,Normal,1,2026-01-24,2026-01-30,2026-01-28,Completed,No,Nethmi Perera
SR-26-01482,ST-4495,Aurelle,Line 2,Size Set,Urgent,20,2026-01-24,2026-01-31,2026-01-26,Completed,No,Sachini Silva
SR-26-01483,ST-4514,Lunaria,Line 4,Size Set,Normal,17,2026-01-24,2026-01-31,2026-01-31,Completed,No,Nethmi Perera
SR-26-01484,ST-4475,Velora,Line 4,Pre-Production,Normal,29,2026-01-24,2026-02-03,2026-01-31,Completed,No,Sachini Silva
SR-26-01485,ST-4450,Lunaria,Line 2,Fit,Normal,3,2026-01-26,2026-02-02,2026-01-29,Completed,No,Sachini Silva
SR-26-01486,ST-4506,Aurelle,Line 4,Pre-Production,Normal,12,2026-01-27,2026-02-05,2026-02-02,Completed,No,Hiruni Gunasekara
SR-26-01487,ST-4516,Velora,Line 5,Fit,Normal,2,2026-01-27,2026-02-03,2026-01-31,Completed,No,Ashen Rathnayake
SR-26-01488,ST-4501,Aurelle,Line 3,Size Set,Normal,11,2026-01-27,2026-02-04,2026-02-03,Completed,No,Ashen Rathnayake
SR-26-01489,ST-4457,Kindred,Line 4,Salesman Sample (SMS),Normal,31,2026-01-28,2026-02-07,2026-02-04,Completed,No,Kavindu Fernando
SR-26-01490,ST-4484,Kindred,Line 6,Fit,Normal,5,2026-01-28,2026-02-04,2026-02-02,Completed,No,Nethmi Perera
SR-26-01491,ST-4411,Aurelle,Line 5,Fit,Normal,2,2026-01-28,2026-02-04,2026-01-31,Completed,No,Kavindu Fernando
SR-26-01492,ST-4434,Aurelle,Line 2,Proto,Normal,3,2026-01-28,2026-02-01,2026-01-29,Completed,No,Sachini Silva
SR-26-01493,ST-4494,Velora,Line 1,Size Set,Normal,15,2026-01-28,2026-02-05,2026-02-01,Completed,No,Kavindu Fernando
SR-26-01494,ST-4456,Lunaria,Line 6,Pre-Production,Normal,28,2026-01-29,2026-02-07,2026-02-07,Completed,No,Dulani Jayasuriya
SR-26-01495,ST-4501,Aurelle,Line 2,Fit,High,3,2026-01-29,2026-02-05,2026-02-01,Completed,No,Dulani Jayasuriya
SR-26-01496,ST-4458,Aurelle,Line 5,Salesman Sample (SMS),Urgent,60,2026-01-29,2026-02-07,2026-02-05,Completed,No,Sachini Silva
SR-26-01497,ST-4469,Northline,Line 2,Salesman Sample (SMS),Normal,29,2026-01-29,2026-02-07,2026-02-05,Completed,No,Kavindu Fernando
SR-26-01498,ST-4405,Velora,Line 6,Size Set,High,9,2026-01-29,2026-02-06,2026-02-07,Completed,Yes,Kavindu Fernando
SR-26-01499,ST-4430,Lunaria,Line 3,Size Set,High,13,2026-01-29,2026-02-06,2026-02-03,Completed,No,Nethmi Perera
SR-26-01500,ST-4427,Aurelle,Line 2,Fit,Normal,6,2026-01-29,2026-02-04,2026-01-31,Completed,No,Nethmi Perera
SR-26-01501,ST-4418,Velora,Line 3,Size Set,Normal,14,2026-01-29,2026-02-05,2026-02-04,Completed,No,Dulani Jayasuriya
SR-26-01502,ST-4426,Kindred,Line 3,Fit,Normal,6,2026-01-30,2026-02-05,2026-02-02,Completed,No,Sachini Silva
SR-26-01503,ST-4502,Velora,Line 2,Size Set,Normal,10,2026-01-30,2026-02-06,2026-02-05,Completed,No,Kavindu Fernando
SR-26-01504,ST-4449,Lunaria,Line 5,Salesman Sample (SMS),Normal,23,2026-01-30,2026-02-09,2026-02-07,Completed,No,Nethmi Perera
SR-26-01505,ST-4445,Kindred,Line 4,Size Set,Urgent,10,2026-01-31,2026-02-07,2026-02-05,Completed,No,Sachini Silva
SR-26-01506,ST-4483,Aurelle,Line 4,Fit,Normal,3,2026-02-02,2026-02-08,2026-02-03,Completed,No,Dulani Jayasuriya
SR-26-01507,ST-4442,Velora,Line 1,Proto,Normal,1,2026-02-02,2026-02-07,2026-02-06,Completed,No,Ashen Rathnayake
SR-26-01508,ST-4485,Velora,Line 6,Size Set,Normal,15,2026-02-03,2026-02-12,2026-02-10,Completed,No,Nethmi Perera
SR-26-01509,ST-4517,Aurelle,Line 1,Fit,Normal,3,2026-02-03,2026-02-09,2026-02-07,Completed,No,Ashen Rathnayake
SR-26-01510,ST-4448,Kindred,Line 4,Fit,Normal,4,2026-02-03,2026-02-09,2026-02-07,Completed,No,Nethmi Perera
SR-26-01511,ST-4476,Northline,Line 2,Pre-Production,Normal,26,2026-02-03,2026-02-13,2026-02-09,Completed,No,Hiruni Gunasekara
SR-26-01512,ST-4502,Velora,Line 3,Size Set,Normal,17,2026-02-04,2026-02-11,2026-02-10,Completed,No,Ashen Rathnayake
SR-26-01513,ST-4418,Velora,Line 6,Proto,Normal,1,2026-02-04,2026-02-10,2026-02-07,Completed,No,Hiruni Gunasekara
SR-26-01514,ST-4464,Aurelle,Line 5,Proto,Normal,3,2026-02-04,2026-02-10,2026-02-08,Completed,No,Nethmi Perera
SR-26-01515,ST-4466,Lunaria,Line 3,Fit,Urgent,4,2026-02-05,2026-02-09,2026-02-08,Completed,No,Ashen Rathnayake
SR-26-01516,ST-4439,Aurelle,Line 4,Pre-Production,Normal,20,2026-02-06,2026-02-15,2026-02-13,Completed,No,Nethmi Perera
SR-26-01517,ST-4488,Lunaria,Line 4,Fit,Urgent,4,2026-02-06,2026-02-12,2026-02-07,Completed,No,Dulani Jayasuriya
SR-26-01518,ST-4482,Aurelle,Line 1,Salesman Sample (SMS),Normal,40,2026-02-06,2026-02-15,2026-02-11,Completed,No,Dulani Jayasuriya
SR-26-01519,ST-4438,Kindred,Line 3,Fit,High,2,2026-02-06,2026-02-12,2026-02-10,Completed,No,Sachini Silva
SR-26-01520,ST-4519,Velora,Line 3,Proto,High,1,2026-02-07,2026-02-12,2026-02-10,Completed,No,Nethmi Perera
SR-26-01521,ST-4456,Lunaria,Line 1,Proto,Urgent,2,2026-02-07,2026-02-12,2026-02-09,Completed,No,Sachini Silva
SR-26-01522,ST-4478,Aurelle,Line 4,Size Set,Normal,12,2026-02-07,2026-02-16,2026-02-14,Completed,No,Sachini Silva
SR-26-01523,ST-4449,Lunaria,Line 5,Pre-Production,Urgent,30,2026-02-07,2026-02-14,2026-02-13,Completed,No,Sachini Silva
SR-26-01524,ST-4407,Velora,Line 2,Proto,Normal,1,2026-02-07,2026-02-13,2026-02-08,Completed,No,Hiruni Gunasekara
SR-26-01525,ST-4437,Lunaria,Line 6,Proto,Normal,1,2026-02-07,2026-02-11,2026-02-09,Completed,No,Sachini Silva
SR-26-01526,ST-4415,Aurelle,Line 1,Size Set,Normal,14,2026-02-09,2026-02-18,2026-02-12,Completed,No,Ashen Rathnayake
SR-26-01527,ST-4461,Kindred,Line 2,Salesman Sample (SMS),High,22,2026-02-09,2026-02-20,2026-02-16,Completed,No,Dulani Jayasuriya
SR-26-01528,ST-4455,Velora,Line 5,Size Set,Normal,11,2026-02-09,2026-02-17,2026-02-14,Completed,No,Kavindu Fernando
SR-26-01529,ST-4418,Velora,Line 2,Fit,Normal,4,2026-02-10,2026-02-15,2026-02-11,Completed,No,Dulani Jayasuriya
SR-26-01530,ST-4478,Aurelle,Line 1,Fit,Normal,5,2026-02-10,2026-02-17,2026-02-13,Completed,No,Ashen Rathnayake
SR-26-01531,ST-4435,Aurelle,Line 5,Proto,Urgent,2,2026-02-10,2026-02-13,2026-02-11,Completed,No,Hiruni Gunasekara
SR-26-01532,ST-4416,Lunaria,Line 4,Fit,Normal,6,2026-02-11,2026-02-16,2026-02-14,Completed,No,Dulani Jayasuriya
SR-26-01533,ST-4503,Aurelle,Line 6,Salesman Sample (SMS),Normal,50,2026-02-11,2026-02-22,2026-02-18,Completed,No,Ashen Rathnayake
SR-26-01534,ST-4497,Kindred,Line 6,Proto,Normal,2,2026-02-11,2026-02-16,2026-02-14,Completed,No,Ashen Rathnayake
SR-26-01535,ST-4502,Velora,Line 5,Fit,Normal,4,2026-02-12,2026-02-18,2026-02-17,Completed,No,Dulani Jayasuriya
SR-26-01536,ST-4467,Lunaria,Line 1,Pre-Production,High,14,2026-02-12,2026-02-20,2026-02-19,Completed,No,Dulani Jayasuriya
SR-26-01537,ST-4448,Kindred,Line 4,Salesman Sample (SMS),Normal,42,2026-02-12,2026-02-22,2026-02-19,Completed,No,Nethmi Perera
SR-26-01538,ST-4413,Lunaria,Line 1,Fit,Normal,2,2026-02-12,2026-02-18,2026-02-14,Completed,No,Sachini Silva
SR-26-01539,ST-4483,Aurelle,Line 2,Proto,Normal,2,2026-02-12,2026-02-17,2026-02-17,Completed,Yes,Dulani Jayasuriya
SR-26-01540,ST-4492,Aurelle,Line 3,Proto,Normal,2,2026-02-13,2026-02-19,2026-02-15,Completed,No,Kavindu Fernando
SR-26-01541,ST-4458,Aurelle,Line 5,Salesman Sample (SMS),High,31,2026-02-13,2026-02-22,2026-02-21,Completed,No,Sachini Silva
SR-26-01542,ST-4459,Lunaria,Line 6,Proto,Normal,1,2026-02-13,2026-02-17,2026-02-18,Completed,No,Dulani Jayasuriya
SR-26-01543,ST-4431,Kindred,Line 6,Size Set,Normal,8,2026-02-13,2026-02-21,2026-02-20,Completed,No,Sachini Silva
SR-26-01544,ST-4511,Velora,Line 4,Pre-Production,Normal,19,2026-02-13,2026-02-23,2026-02-21,Completed,No,Nethmi Perera
SR-26-01545,ST-4504,Aurelle,Line 2,Proto,Normal,3,2026-02-13,2026-02-19,2026-02-14,Completed,No,Hiruni Gunasekara
SR-26-01546,ST-4463,Velora,Line 5,Proto,Normal,3,2026-02-14,2026-02-18,2026-02-17,Completed,No,Hiruni Gunasekara
SR-26-01547,ST-4452,Aurelle,Line 6,Proto,High,1,2026-02-14,2026-02-19,2026-02-19,Completed,No,Nethmi Perera
SR-26-01548,ST-4405,Velora,Line 6,Proto,Normal,3,2026-02-16,2026-02-20,2026-02-20,Completed,No,Dulani Jayasuriya
SR-26-01549,ST-4428,Aurelle,Line 6,Size Set,Normal,19,2026-02-16,2026-02-24,2026-02-21,Completed,No,Kavindu Fernando
SR-26-01550,ST-4464,Aurelle,Line 3,Fit,Normal,2,2026-02-16,2026-02-23,2026-02-22,Completed,No,Hiruni Gunasekara
SR-26-01551,ST-4518,Northline,Line 1,Fit,Urgent,5,2026-02-16,2026-02-20,2026-02-18,Completed,No,Hiruni Gunasekara
SR-26-01552,ST-4494,Velora,Line 2,Size Set,High,7,2026-02-17,2026-02-25,2026-02-21,Completed,No,Dulani Jayasuriya
SR-26-01553,ST-4479,Aurelle,Line 6,Fit,Normal,2,2026-02-17,2026-02-23,2026-02-22,Completed,No,Sachini Silva
SR-26-01554,ST-4414,Aurelle,Line 6,Proto,Normal,1,2026-02-17,2026-02-23,2026-02-20,Completed,No,Sachini Silva
SR-26-01555,ST-4464,Aurelle,Line 4,Fit,Normal,5,2026-02-18,2026-02-24,2026-02-22,Completed,No,Dulani Jayasuriya
SR-26-01556,ST-4510,Lunaria,Line 1,Salesman Sample (SMS),Normal,51,2026-02-19,2026-02-28,2026-02-25,Completed,No,Ashen Rathnayake
SR-26-01557,ST-4457,Kindred,Line 5,Fit,Normal,5,2026-02-19,2026-02-24,2026-02-24,Completed,No,Nethmi Perera
SR-26-01558,ST-4470,Aurelle,Line 3,Salesman Sample (SMS),Normal,43,2026-02-20,2026-03-02,2026-02-26,Completed,No,Hiruni Gunasekara
SR-26-01559,ST-4494,Velora,Line 1,Pre-Production,High,16,2026-02-20,2026-03-01,2026-03-01,Completed,Yes,Dulani Jayasuriya
SR-26-01560,ST-4424,Kindred,Line 2,Fit,Urgent,2,2026-02-20,2026-02-26,2026-02-23,Completed,No,Dulani Jayasuriya
SR-26-01561,ST-4500,Kindred,Line 4,Fit,Normal,2,2026-02-21,2026-02-27,2026-02-26,Completed,No,Sachini Silva
SR-26-01562,ST-4486,Velora,Line 6,Proto,Normal,1,2026-02-21,2026-02-26,2026-02-26,Completed,No,Dulani Jayasuriya
SR-26-01563,ST-4466,Lunaria,Line 3,Size Set,High,11,2026-02-21,2026-03-01,2026-03-01,Completed,No,Sachini Silva
SR-26-01564,ST-4442,Velora,Line 2,Salesman Sample (SMS),Normal,47,2026-02-23,2026-03-04,2026-03-02,Completed,No,Nethmi Perera
SR-26-01565,ST-4499,Lunaria,Line 4,Fit,Normal,4,2026-02-23,2026-03-01,2026-02-27,Completed,No,Hiruni Gunasekara
SR-26-01566,ST-4515,Kindred,Line 3,Proto,Normal,2,2026-02-23,2026-03-01,2026-02-26,Completed,No,Nethmi Perera
SR-26-01567,ST-4431,Kindred,Line 5,Fit,High,3,2026-02-24,2026-03-03,2026-02-28,Completed,No,Ashen Rathnayake
SR-26-01568,ST-4420,Aurelle,Line 5,Fit,High,4,2026-02-24,2026-03-03,2026-03-03,Completed,No,Ashen Rathnayake
SR-26-01569,ST-4444,Lunaria,Line 2,Proto,High,1,2026-02-24,2026-03-01,2026-03-06,Completed,Yes,Hiruni Gunasekara
SR-26-01570,ST-4480,Velora,Line 1,Fit,High,3,2026-02-24,2026-03-01,2026-02-28,Completed,No,Ashen Rathnayake
SR-26-01571,ST-4507,Aurelle,Line 4,Fit,Normal,6,2026-02-24,2026-03-01,2026-02-28,Completed,No,Ashen Rathnayake
SR-26-01572,ST-4426,Kindred,Line 5,Fit,Normal,4,2026-02-24,2026-03-02,2026-03-01,Completed,No,Kavindu Fernando
SR-26-01573,ST-4502,Velora,Line 6,Fit,High,4,2026-02-24,2026-03-03,2026-03-01,Completed,No,Hiruni Gunasekara
SR-26-01574,ST-4494,Velora,Line 6,Fit,Normal,3,2026-02-24,2026-03-02,2026-03-02,Completed,No,Ashen Rathnayake
SR-26-01575,ST-4473,Lunaria,Line 3,Fit,Normal,6,2026-02-25,2026-03-04,2026-03-01,Completed,No,Ashen Rathnayake
SR-26-01576,ST-4421,Kindred,Line 4,Size Set,Normal,17,2026-02-25,2026-03-05,2026-03-06,Completed,No,Kavindu Fernando
SR-26-01577,ST-4499,Lunaria,Line 4,Proto,Normal,1,2026-02-25,2026-03-03,2026-02-26,Completed,No,Sachini Silva
SR-26-01578,ST-4429,Aurelle,Line 3,Fit,Normal,5,2026-02-25,2026-03-02,2026-03-03,Completed,No,Nethmi Perera
SR-26-01579,ST-4498,Velora,Line 5,Pre-Production,Normal,12,2026-02-26,2026-03-08,2026-03-03,Completed,No,Dulani Jayasuriya
SR-26-01580,ST-4456,Lunaria,Line 6,Proto,Urgent,1,2026-02-26,2026-03-03,2026-02-28,Completed,No,Dulani Jayasuriya
SR-26-01581,ST-4481,Aurelle,Line 6,Proto,Normal,3,2026-02-26,2026-03-02,2026-03-02,Completed,No,Dulani Jayasuriya
SR-26-01582,ST-4433,Aurelle,Line 5,Fit,Normal,3,2026-02-26,2026-03-03,2026-03-02,Completed,No,Sachini Silva
SR-26-01583,ST-4510,Lunaria,Line 6,Size Set,Urgent,11,2026-02-26,2026-03-06,2026-03-04,Completed,No,Ashen Rathnayake
SR-26-01584,ST-4499,Lunaria,Line 2,Proto,Normal,3,2026-02-26,2026-03-03,2026-03-01,Completed,No,Sachini Silva
SR-26-01585,ST-4427,Aurelle,Line 1,Pre-Production,Normal,26,2026-02-26,2026-03-08,2026-03-06,Completed,No,Hiruni Gunasekara
SR-26-01586,ST-4452,Aurelle,Line 6,Fit,Normal,4,2026-02-27,2026-03-04,2026-03-05,Completed,No,Kavindu Fernando
SR-26-01587,ST-4407,Velora,Line 1,Pre-Production,High,17,2026-02-27,2026-03-08,2026-03-03,Completed,No,Kavindu Fernando
SR-26-01588,ST-4491,Kindred,Line 3,Fit,Normal,3,2026-02-28,2026-03-06,2026-03-02,Completed,No,Kavindu Fernando
SR-26-01589,ST-4517,Aurelle,Line 1,Proto,Normal,3,2026-02-28,2026-03-04,2026-03-01,Completed,No,Kavindu Fernando
SR-26-01590,ST-4502,Velora,Line 3,Fit,Normal,6,2026-03-02,2026-03-09,2026-03-05,Completed,No,Nethmi Perera
SR-26-01591,ST-4519,Velora,Line 1,Proto,High,2,2026-03-02,2026-03-07,2026-03-06,Completed,No,Hiruni Gunasekara
SR-26-01592,ST-4475,Velora,Line 3,Proto,Normal,3,2026-03-02,2026-03-07,2026-03-05,Completed,No,Sachini Silva
SR-26-01593,ST-4502,Velora,Line 4,Size Set,Normal,7,2026-03-03,2026-03-12,2026-03-10,Completed,No,Nethmi Perera
SR-26-01594,ST-4441,Northline,Line 2,Fit,Urgent,2,2026-03-03,2026-03-07,2026-03-04,Completed,No,Sachini Silva
SR-26-01595,ST-4477,Velora,Line 5,Size Set,Normal,8,2026-03-03,2026-03-12,2026-03-10,Completed,No,Dulani Jayasuriya
SR-26-01596,ST-4403,Aurelle,Line 1,Pre-Production,Normal,17,2026-03-03,2026-03-11,2026-03-08,Completed,No,Ashen Rathnayake
SR-26-01597,ST-4453,Lunaria,Line 3,Size Set,Urgent,18,2026-03-03,2026-03-10,2026-03-08,Completed,No,Kavindu Fernando
SR-26-01598,ST-4506,Aurelle,Line 1,Proto,Normal,1,2026-03-04,2026-03-08,2026-03-08,Completed,No,Sachini Silva
SR-26-01599,ST-4410,Aurelle,Line 4,Proto,Normal,2,2026-03-04,2026-03-08,2026-03-06,Completed,No,Nethmi Perera
SR-26-01600,ST-4419,Kindred,Line 1,Salesman Sample (SMS),Normal,58,2026-03-04,2026-03-14,2026-03-10,Completed,No,Kavindu Fernando
SR-26-01601,ST-4430,Lunaria,Line 2,Pre-Production,Normal,29,2026-03-04,2026-03-12,2026-03-10,Completed,No,Nethmi Perera
SR-26-01602,ST-4471,Northline,Line 4,Fit,Normal,5,2026-03-05,2026-03-10,2026-03-09,Completed,No,Sachini Silva
SR-26-01603,ST-4428,Aurelle,Line 6,Proto,Normal,2,2026-03-05,2026-03-10,2026-03-10,Completed,No,Kavindu Fernando
SR-26-01604,ST-4500,Kindred,Line 2,Proto,High,3,2026-03-05,2026-03-10,2026-03-08,Completed,No,Sachini Silva
SR-26-01605,ST-4497,Kindred,Line 3,Fit,Normal,6,2026-03-05,2026-03-11,2026-03-09,Completed,No,Nethmi Perera
SR-26-01606,ST-4487,Northline,Line 5,Fit,Normal,6,2026-03-06,2026-03-12,2026-03-12,Completed,No,Hiruni Gunasekara
SR-26-01607,ST-4473,Lunaria,Line 4,Size Set,Normal,14,2026-03-06,2026-03-14,2026-03-12,Completed,No,Sachini Silva
SR-26-01608,ST-4425,Velora,Line 1,Size Set,Normal,7,2026-03-07,2026-03-15,2026-03-12,Completed,No,Ashen Rathnayake
SR-26-01609,ST-4490,Northline,Line 3,Size Set,Normal,15,2026-03-07,2026-03-15,2026-03-10,Completed,No,Ashen Rathnayake
SR-26-01610,ST-4413,Lunaria,Line 2,Size Set,Normal,20,2026-03-07,2026-03-14,2026-03-13,Completed,No,Hiruni Gunasekara
SR-26-01611,ST-4409,Northline,Line 1,Fit,Urgent,6,2026-03-07,2026-03-11,2026-03-08,Completed,No,Dulani Jayasuriya
SR-26-01612,ST-4416,Lunaria,Line 4,Salesman Sample (SMS),Normal,22,2026-03-07,2026-03-16,2026-03-12,Completed,No,Nethmi Perera
SR-26-01613,ST-4441,Northline,Line 3,Size Set,Normal,19,2026-03-09,2026-03-18,2026-03-14,Completed,No,Hiruni Gunasekara
SR-26-01614,ST-4427,Aurelle,Line 5,Fit,Normal,2,2026-03-09,2026-03-14,2026-03-14,Completed,No,Kavindu Fernando
SR-26-01615,ST-4518,Northline,Line 5,Fit,Normal,6,2026-03-09,2026-03-15,2026-03-13,Completed,No,Hiruni Gunasekara
SR-26-01616,ST-4513,Aurelle,Line 5,Fit,Normal,2,2026-03-10,2026-03-17,2026-03-16,Completed,No,Nethmi Perera
SR-26-01617,ST-4453,Lunaria,Line 6,Fit,Urgent,5,2026-03-10,2026-03-15,2026-03-14,Completed,No,Hiruni Gunasekara
SR-26-01618,ST-4468,Lunaria,Line 4,Pre-Production,Normal,15,2026-03-10,2026-03-20,2026-03-17,Completed,No,Nethmi Perera
SR-26-01619,ST-4512,Aurelle,Line 2,Fit,Normal,4,2026-03-10,2026-03-17,2026-03-14,Completed,No,Kavindu Fernando
SR-26-01620,ST-4507,Aurelle,Line 1,Pre-Production,Normal,28,2026-03-10,2026-03-20,2026-03-18,Completed,No,Sachini Silva
SR-26-01621,ST-4472,Northline,Line 1,Fit,Normal,5,2026-03-11,2026-03-17,2026-03-15,Completed,No,Kavindu Fernando
SR-26-01622,ST-4421,Kindred,Line 5,Fit,Normal,2,2026-03-11,2026-03-16,2026-03-18,Completed,Yes,Hiruni Gunasekara
SR-26-01623,ST-4402,Northline,Line 4,Salesman Sample (SMS),Normal,37,2026-03-11,2026-03-22,2026-03-18,Completed,No,Sachini Silva
SR-26-01624,ST-4518,Northline,Line 1,Fit,Normal,4,2026-03-11,2026-03-18,2026-03-16,Completed,No,Nethmi Perera
SR-26-01625,ST-4458,Aurelle,Line 6,Fit,High,2,2026-03-11,2026-03-16,2026-03-19,Completed,Yes,Sachini Silva
SR-26-01626,ST-4411,Aurelle,Line 6,Proto,Normal,1,2026-03-11,2026-03-15,2026-03-16,Completed,No,Ashen Rathnayake
SR-26-01627,ST-4426,Kindred,Line 4,Salesman Sample (SMS),High,56,2026-03-11,2026-03-22,2026-03-23,Completed,No,Nethmi Perera
SR-26-01628,ST-4496,Velora,Line 3,Size Set,Normal,15,2026-03-12,2026-03-19,2026-03-17,Completed,No,Sachini Silva
SR-26-01629,ST-4502,Velora,Line 1,Fit,Urgent,3,2026-03-12,2026-03-17,2026-03-13,Completed,No,Sachini Silva
SR-26-01630,ST-4436,Aurelle,Line 4,Size Set,Normal,16,2026-03-12,2026-03-20,2026-03-23,Completed,Yes,Kavindu Fernando
SR-26-01631,ST-4512,Aurelle,Line 5,Pre-Production,High,13,2026-03-12,2026-03-20,2026-03-20,Completed,No,Sachini Silva
SR-26-01632,ST-4441,Northline,Line 3,Proto,Normal,2,2026-03-13,2026-03-17,2026-03-16,Completed,No,Hiruni Gunasekara
SR-26-01633,ST-4501,Aurelle,Line 3,Fit,High,6,2026-03-13,2026-03-20,2026-03-19,Completed,No,Nethmi Perera
SR-26-01634,ST-4411,Aurelle,Line 1,Pre-Production,Normal,18,2026-03-13,2026-03-22,2026-03-22,Completed,No,Nethmi Perera
SR-26-01635,ST-4427,Aurelle,Line 1,Fit,Normal,4,2026-03-13,2026-03-19,2026-03-18,Completed,No,Sachini Silva
SR-26-01636,ST-4438,Kindred,Line 4,Proto,Normal,3,2026-03-14,2026-03-20,2026-03-20,Completed,No,Hiruni Gunasekara
SR-26-01637,ST-4432,Kindred,Line 6,Proto,High,1,2026-03-14,2026-03-18,2026-03-19,Completed,No,Dulani Jayasuriya
SR-26-01638,ST-4472,Northline,Line 3,Salesman Sample (SMS),Urgent,41,2026-03-14,2026-03-22,2026-03-20,Completed,No,Nethmi Perera
SR-26-01639,ST-4516,Velora,Line 2,Fit,Urgent,6,2026-03-16,2026-03-20,2026-03-17,Completed,No,Kavindu Fernando
SR-26-01640,ST-4460,Velora,Line 5,Salesman Sample (SMS),Normal,33,2026-03-16,2026-03-26,2026-03-26,Completed,No,Ashen Rathnayake
SR-26-01641,ST-4414,Aurelle,Line 2,Salesman Sample (SMS),Normal,21,2026-03-16,2026-03-25,2026-03-24,Completed,No,Hiruni Gunasekara
SR-26-01642,ST-4512,Aurelle,Line 1,Pre-Production,Normal,18,2026-03-16,2026-03-24,2026-03-23,Completed,No,Sachini Silva
SR-26-01643,ST-4464,Aurelle,Line 5,Proto,Normal,1,2026-03-16,2026-03-21,2026-03-21,Completed,No,Kavindu Fernando
SR-26-01644,ST-4433,Aurelle,Line 1,Fit,Normal,3,2026-03-16,2026-03-23,2026-03-19,Completed,No,Hiruni Gunasekara
SR-26-01645,ST-4425,Velora,Line 4,Salesman Sample (SMS),Normal,48,2026-03-17,2026-03-26,2026-03-26,Completed,No,Nethmi Perera
SR-26-01646,ST-4512,Aurelle,Line 1,Fit,Normal,4,2026-03-17,2026-03-22,2026-03-20,Completed,No,Nethmi Perera
SR-26-01647,ST-4513,Aurelle,Line 4,Fit,Normal,5,2026-03-17,2026-03-22,2026-03-22,Completed,No,Hiruni Gunasekara
SR-26-01648,ST-4415,Aurelle,Line 3,Proto,Normal,3,2026-03-18,2026-03-22,2026-03-23,Completed,No,Dulani Jayasuriya
SR-26-01649,ST-4498,Velora,Line 2,Fit,Normal,4,2026-03-18,2026-03-24,2026-03-22,Completed,No,Nethmi Perera
SR-26-01650,ST-4505,Aurelle,Line 5,Salesman Sample (SMS),Normal,43,2026-03-18,2026-03-28,2026-03-29,Completed,No,Sachini Silva
SR-26-01651,ST-4479,Aurelle,Line 3,Proto,Normal,3,2026-03-18,2026-03-24,2026-03-23,Completed,No,Kavindu Fernando
SR-26-01652,ST-4442,Velora,Line 5,Fit,Normal,6,2026-03-19,2026-03-24,2026-03-22,Completed,No,Nethmi Perera
SR-26-01653,ST-4449,Lunaria,Line 4,Size Set,High,20,2026-03-19,2026-03-27,2026-03-25,Completed,No,Sachini Silva
SR-26-01654,ST-4500,Kindred,Line 1,Salesman Sample (SMS),Normal,44,2026-03-19,2026-03-28,2026-03-26,Completed,No,Kavindu Fernando
SR-26-01655,ST-4408,Velora,Line 6,Proto,Normal,1,2026-03-19,2026-03-25,2026-03-25,Completed,No,Hiruni Gunasekara
SR-26-01656,ST-4427,Aurelle,Line 2,Pre-Production,Normal,30,2026-03-20,2026-03-30,2026-03-28,Completed,No,Ashen Rathnayake
SR-26-01657,ST-4411,Aurelle,Line 1,Salesman Sample (SMS),Normal,57,2026-03-20,2026-03-31,2026-03-26,Completed,No,Nethmi Perera
SR-26-01658,ST-4438,Kindred,Line 5,Proto,Urgent,3,2026-03-20,2026-03-25,2026-03-22,Completed,No,Nethmi Perera
SR-26-01659,ST-4519,Velora,Line 2,Salesman Sample (SMS),Normal,40,2026-03-21,2026-04-01,2026-03-27,Completed,No,Kavindu Fernando
SR-26-01660,ST-4434,Aurelle,Line 5,Salesman Sample (SMS),Normal,25,2026-03-21,2026-03-30,2026-03-30,Completed,No,Nethmi Perera
SR-26-01661,ST-4439,Aurelle,Line 3,Proto,Normal,3,2026-03-23,2026-03-29,2026-03-27,Completed,No,Kavindu Fernando
SR-26-01662,ST-4405,Velora,Line 6,Salesman Sample (SMS),Normal,35,2026-03-23,2026-04-01,2026-04-01,Completed,No,Sachini Silva
SR-26-01663,ST-4476,Northline,Line 6,Fit,Normal,3,2026-03-23,2026-03-30,2026-03-29,Completed,No,Dulani Jayasuriya
SR-26-01664,ST-4495,Aurelle,Line 1,Size Set,Normal,7,2026-03-24,2026-04-02,2026-03-29,Completed,No,Hiruni Gunasekara
SR-26-01665,ST-4438,Kindred,Line 3,Salesman Sample (SMS),Normal,59,2026-03-24,2026-04-03,2026-04-03,Completed,No,Kavindu Fernando
SR-26-01666,ST-4424,Kindred,Line 2,Proto,Normal,1,2026-03-24,2026-03-29,2026-03-28,Completed,No,Dulani Jayasuriya
SR-26-01667,ST-4435,Aurelle,Line 2,Pre-Production,Normal,13,2026-03-25,2026-04-03,2026-03-30,Completed,No,Nethmi Perera
SR-26-01668,ST-4497,Kindred,Line 1,Pre-Production,Normal,24,2026-03-25,2026-04-04,2026-03-29,Completed,No,Hiruni Gunasekara
SR-26-01669,ST-4494,Velora,Line 6,Pre-Production,Normal,12,2026-03-25,2026-04-02,2026-04-04,Completed,No,Hiruni Gunasekara
SR-26-01670,ST-4463,Velora,Line 3,Proto,High,3,2026-03-26,2026-03-30,2026-03-30,Completed,No,Kavindu Fernando
SR-26-01671,ST-4425,Velora,Line 2,Proto,High,1,2026-03-26,2026-03-30,2026-03-29,Completed,No,Ashen Rathnayake
SR-26-01672,ST-4405,Velora,Line 3,Proto,Normal,3,2026-03-26,2026-03-30,2026-03-31,Completed,No,Hiruni Gunasekara
SR-26-01673,ST-4411,Aurelle,Line 4,Fit,Normal,5,2026-03-26,2026-04-02,2026-03-29,Completed,No,Kavindu Fernando
SR-26-01674,ST-4471,Northline,Line 2,Pre-Production,Normal,22,2026-03-26,2026-04-05,2026-04-01,Completed,No,Nethmi Perera
SR-26-01675,ST-4466,Lunaria,Line 2,Pre-Production,High,21,2026-03-27,2026-04-05,2026-04-04,Completed,No,Hiruni Gunasekara
SR-26-01676,ST-4445,Kindred,Line 4,Size Set,High,19,2026-03-27,2026-04-03,2026-03-31,Completed,No,Sachini Silva
SR-26-01677,ST-4466,Lunaria,Line 5,Pre-Production,Normal,12,2026-03-27,2026-04-05,2026-04-03,Completed,No,Sachini Silva
SR-26-01678,ST-4425,Velora,Line 1,Proto,High,1,2026-03-27,2026-03-31,2026-03-30,Completed,No,Ashen Rathnayake
SR-26-01679,ST-4438,Kindred,Line 1,Fit,Normal,4,2026-03-28,2026-04-02,2026-04-03,Completed,No,Sachini Silva
SR-26-01680,ST-4517,Aurelle,Line 2,Fit,Normal,3,2026-03-28,2026-04-03,2026-03-30,Completed,No,Nethmi Perera
SR-26-01681,ST-4504,Aurelle,Line 4,Fit,Normal,3,2026-03-28,2026-04-02,2026-03-30,Completed,No,Nethmi Perera
SR-26-01682,ST-4466,Lunaria,Line 3,Pre-Production,Normal,14,2026-03-28,2026-04-07,2026-04-06,Completed,No,Dulani Jayasuriya
SR-26-01683,ST-4446,Velora,Line 2,Size Set,Normal,8,2026-03-30,2026-04-06,2026-04-05,Completed,No,Nethmi Perera
SR-26-01684,ST-4476,Northline,Line 4,Proto,Normal,3,2026-03-30,2026-04-04,2026-04-01,Completed,No,Hiruni Gunasekara
SR-26-01685,ST-4455,Velora,Line 5,Size Set,Urgent,11,2026-03-30,2026-04-05,2026-04-03,Completed,No,Kavindu Fernando
SR-26-01686,ST-4475,Velora,Line 5,Salesman Sample (SMS),High,40,2026-03-30,2026-04-10,2026-04-06,Completed,No,Nethmi Perera
SR-26-01687,ST-4476,Northline,Line 4,Size Set,Normal,17,2026-03-30,2026-04-07,2026-04-09,Completed,No,Hiruni Gunasekara
SR-26-01688,ST-4425,Velora,Line 6,Fit,Normal,4,2026-03-30,2026-04-06,2026-04-06,Completed,No,Dulani Jayasuriya
SR-26-01689,ST-4506,Aurelle,Line 4,Proto,High,3,2026-03-31,2026-04-04,2026-04-04,Completed,No,Sachini Silva
SR-26-01690,ST-4406,Aurelle,Line 3,Fit,Normal,3,2026-03-31,2026-04-07,2026-04-05,Completed,No,Kavindu Fernando
SR-26-01691,ST-4474,Kindred,Line 1,Size Set,Normal,19,2026-03-31,2026-04-08,2026-04-09,Completed,No,Kavindu Fernando
SR-26-01692,ST-4438,Kindred,Line 4,Fit,High,3,2026-04-01,2026-04-08,2026-04-05,Completed,No,Sachini Silva
SR-26-01693,ST-4419,Kindred,Line 2,Size Set,Urgent,18,2026-04-02,2026-04-09,2026-04-10,Completed,Yes,Dulani Jayasuriya
SR-26-01694,ST-4484,Kindred,Line 4,Size Set,Normal,15,2026-04-02,2026-04-09,2026-04-09,Completed,No,Hiruni Gunasekara
SR-26-01695,ST-4481,Aurelle,Line 2,Size Set,Normal,15,2026-04-02,2026-04-10,2026-04-08,Completed,No,Dulani Jayasuriya
SR-26-01696,ST-4420,Aurelle,Line 1,Size Set,High,16,2026-04-02,2026-04-09,2026-04-07,Completed,No,Dulani Jayasuriya
SR-26-01697,ST-4448,Kindred,Line 1,Proto,Normal,2,2026-04-02,2026-04-06,2026-04-07,Completed,No,Ashen Rathnayake
SR-26-01698,ST-4484,Kindred,Line 3,Size Set,Normal,13,2026-04-03,2026-04-12,2026-04-10,Completed,No,Hiruni Gunasekara
SR-26-01699,ST-4504,Aurelle,Line 2,Salesman Sample (SMS),Urgent,57,2026-04-03,2026-04-11,2026-04-10,Completed,No,Nethmi Perera
SR-26-01700,ST-4411,Aurelle,Line 1,Size Set,Normal,9,2026-04-03,2026-04-11,2026-04-13,Completed,Yes,Hiruni Gunasekara
SR-26-01701,ST-4405,Velora,Line 5,Fit,High,5,2026-04-03,2026-04-10,2026-04-07,Completed,No,Kavindu Fernando
SR-26-01702,ST-4413,Lunaria,Line 4,Fit,Normal,4,2026-04-04,2026-04-11,2026-04-09,Completed,No,Dulani Jayasuriya
SR-26-01703,ST-4489,Northline,Line 3,Proto,Normal,3,2026-04-04,2026-04-10,2026-04-07,Completed,No,Kavindu Fernando
SR-26-01704,ST-4469,Northline,Line 3,Fit,Normal,2,2026-04-04,2026-04-10,2026-04-08,Completed,No,Hiruni Gunasekara
SR-26-01705,ST-4437,Lunaria,Line 2,Fit,Normal,6,2026-04-06,2026-04-13,2026-04-11,Completed,No,Kavindu Fernando
SR-26-01706,ST-4422,Velora,Line 1,Proto,Normal,3,2026-04-06,2026-04-11,2026-04-09,Completed,No,Sachini Silva
SR-26-01707,ST-4443,Aurelle,Line 3,Fit,High,4,2026-04-06,2026-04-13,2026-04-11,Completed,No,Sachini Silva
SR-26-01708,ST-4515,Kindred,Line 2,Salesman Sample (SMS),Normal,48,2026-04-06,2026-04-15,2026-04-13,Completed,No,Ashen Rathnayake
SR-26-01709,ST-4442,Velora,Line 1,Fit,Urgent,6,2026-04-06,2026-04-11,2026-04-09,Completed,No,Nethmi Perera
SR-26-01710,ST-4468,Lunaria,Line 6,Pre-Production,High,20,2026-04-06,2026-04-15,2026-04-15,Completed,No,Kavindu Fernando
SR-26-01711,ST-4446,Velora,Line 5,Fit,Normal,4,2026-04-07,2026-04-13,2026-04-10,Completed,No,Dulani Jayasuriya
SR-26-01712,ST-4465,Aurelle,Line 4,Proto,Urgent,2,2026-04-07,2026-04-12,2026-04-09,Completed,No,Ashen Rathnayake
SR-26-01713,ST-4443,Aurelle,Line 3,Size Set,High,13,2026-04-07,2026-04-14,2026-04-12,Completed,No,Dulani Jayasuriya
SR-26-01714,ST-4490,Northline,Line 1,Size Set,Normal,20,2026-04-07,2026-04-14,2026-04-13,Completed,No,Kavindu Fernando
SR-26-01715,ST-4451,Aurelle,Line 5,Pre-Production,Normal,14,2026-04-08,2026-04-18,2026-04-16,Completed,No,Ashen Rathnayake
SR-26-01716,ST-4437,Lunaria,Line 4,Salesman Sample (SMS),Normal,43,2026-04-08,2026-04-17,2026-04-18,Completed,No,Kavindu Fernando
SR-26-01717,ST-4449,Lunaria,Line 3,Salesman Sample (SMS),Normal,38,2026-04-08,2026-04-17,2026-04-17,Completed,No,Kavindu Fernando
SR-26-01718,ST-4467,Lunaria,Line 5,Proto,Normal,3,2026-04-08,2026-04-13,2026-04-14,Completed,Yes,Hiruni Gunasekara
SR-26-01719,ST-4501,Aurelle,Line 3,Pre-Production,High,28,2026-04-08,2026-04-18,2026-04-17,Completed,No,Kavindu Fernando
SR-26-01720,ST-4475,Velora,Line 2,Proto,High,2,2026-04-09,2026-04-14,2026-04-12,Completed,No,Sachini Silva
SR-26-01721,ST-4472,Northline,Line 6,Fit,High,6,2026-04-09,2026-04-15,2026-04-15,Completed,No,Nethmi Perera
SR-26-01722,ST-4427,Aurelle,Line 5,Salesman Sample (SMS),Normal,56,2026-04-09,2026-04-20,2026-04-18,Completed,No,Sachini Silva
SR-26-01723,ST-4503,Aurelle,Line 5,Fit,Urgent,6,2026-04-09,2026-04-15,2026-04-14,Completed,No,Nethmi Perera
SR-26-01724,ST-4432,Kindred,Line 2,Salesman Sample (SMS),Urgent,25,2026-04-09,2026-04-19,2026-04-16,Completed,No,Hiruni Gunasekara
SR-26-01725,ST-4497,Kindred,Line 6,Proto,High,1,2026-04-10,2026-04-14,2026-04-16,Completed,No,Hiruni Gunasekara
SR-26-01726,ST-4445,Kindred,Line 4,Fit,Normal,3,2026-04-10,2026-04-15,2026-04-12,Completed,No,Dulani Jayasuriya
SR-26-01727,ST-4515,Kindred,Line 5,Size Set,Normal,6,2026-04-10,2026-04-17,2026-04-20,Completed,No,Dulani Jayasuriya
SR-26-01728,ST-4517,Aurelle,Line 3,Pre-Production,High,25,2026-04-10,2026-04-19,2026-04-19,Completed,No,Hiruni Gunasekara
SR-26-01729,ST-4485,Velora,Line 5,Fit,Normal,3,2026-04-11,2026-04-17,2026-04-18,Completed,No,Ashen Rathnayake
SR-26-01730,ST-4484,Kindred,Line 2,Fit,Normal,3,2026-04-11,2026-04-18,2026-04-15,Completed,No,Dulani Jayasuriya
SR-26-01731,ST-4509,Kindred,Line 5,Salesman Sample (SMS),High,36,2026-04-11,2026-04-20,2026-04-20,Completed,No,Hiruni Gunasekara
SR-26-01732,ST-4457,Kindred,Line 4,Size Set,Urgent,11,2026-04-11,2026-04-19,2026-04-16,Completed,No,Sachini Silva
SR-26-01733,ST-4413,Lunaria,Line 4,Salesman Sample (SMS),High,55,2026-04-11,2026-04-21,2026-04-19,Completed,No,Nethmi Perera
SR-26-01734,ST-4519,Velora,Line 5,Pre-Production,Normal,20,2026-04-11,2026-04-20,2026-04-20,Completed,No,Hiruni Gunasekara
SR-26-01735,ST-4465,Aurelle,Line 5,Fit,Normal,4,2026-04-11,2026-04-18,2026-04-16,Completed,No,Hiruni Gunasekara
SR-26-01736,ST-4412,Velora,Line 6,Proto,High,1,2026-04-13,2026-04-17,2026-04-18,Completed,No,Dulani Jayasuriya
SR-26-01737,ST-4443,Aurelle,Line 6,Salesman Sample (SMS),Normal,50,2026-04-13,2026-04-23,2026-04-21,Completed,No,Ashen Rathnayake
SR-26-01738,ST-4459,Lunaria,Line 5,Size Set,Normal,16,2026-04-13,2026-04-21,2026-04-20,Completed,No,Kavindu Fernando
SR-26-01739,ST-4446,Velora,Line 4,Fit,Normal,3,2026-04-13,2026-04-20,2026-04-18,Completed,No,Kavindu Fernando
SR-26-01740,ST-4439,Aurelle,Line 1,Proto,Normal,1,2026-04-13,2026-04-17,2026-04-17,Completed,No,Dulani Jayasuriya
SR-26-01741,ST-4445,Kindred,Line 6,Size Set,Normal,11,2026-04-14,2026-04-22,2026-04-22,Completed,No,Ashen Rathnayake
SR-26-01742,ST-4510,Lunaria,Line 6,Fit,Normal,4,2026-04-14,2026-04-19,2026-04-20,Completed,No,Hiruni Gunasekara
SR-26-01743,ST-4420,Aurelle,Line 2,Salesman Sample (SMS),Normal,35,2026-04-14,2026-04-23,2026-04-25,Completed,No,Sachini Silva
SR-26-01744,ST-4452,Aurelle,Line 3,Fit,Normal,4,2026-04-14,2026-04-19,2026-04-18,Completed,No,Nethmi Perera
SR-26-01745,ST-4500,Kindred,Line 5,Fit,Normal,3,2026-04-14,2026-04-19,2026-04-19,Completed,No,Sachini Silva
SR-26-01746,ST-4476,Northline,Line 5,Pre-Production,Normal,17,2026-04-15,2026-04-23,2026-04-23,Completed,No,Hiruni Gunasekara
SR-26-01747,ST-4413,Lunaria,Line 6,Salesman Sample (SMS),Normal,49,2026-04-15,2026-04-24,2026-04-29,Completed,No,Kavindu Fernando
SR-26-01748,ST-4516,Velora,Line 6,Fit,Normal,2,2026-04-16,2026-04-23,2026-04-23,Completed,No,Ashen Rathnayake
SR-26-01749,ST-4448,Kindred,Line 4,Salesman Sample (SMS),Normal,57,2026-04-16,2026-04-25,2026-04-24,Completed,No,Dulani Jayasuriya
SR-26-01750,ST-4432,Kindred,Line 2,Fit,Normal,4,2026-04-16,2026-04-23,2026-04-20,Completed,No,Ashen Rathnayake
SR-26-01751,ST-4481,Aurelle,Line 6,Salesman Sample (SMS),Urgent,40,2026-04-16,2026-04-24,2026-04-22,Completed,No,Hiruni Gunasekara
SR-26-01752,ST-4412,Velora,Line 6,Fit,High,3,2026-04-16,2026-04-22,2026-04-21,Completed,No,Hiruni Gunasekara
SR-26-01753,ST-4419,Kindred,Line 2,Size Set,Normal,9,2026-04-16,2026-04-25,2026-04-20,Completed,No,Ashen Rathnayake
SR-26-01754,ST-4498,Velora,Line 3,Fit,Normal,6,2026-04-17,2026-04-22,2026-04-20,Completed,No,Sachini Silva
SR-26-01755,ST-4419,Kindred,Line 6,Proto,Normal,2,2026-04-17,2026-04-21,2026-04-20,Completed,No,Kavindu Fernando
SR-26-01756,ST-4486,Velora,Line 4,Pre-Production,High,13,2026-04-17,2026-04-27,2026-04-25,Completed,No,Hiruni Gunasekara
SR-26-01757,ST-4425,Velora,Line 4,Fit,Urgent,6,2026-04-17,2026-04-23,2026-04-19,Completed,No,Sachini Silva
SR-26-01758,ST-4413,Lunaria,Line 1,Salesman Sample (SMS),Normal,44,2026-04-17,2026-04-28,2026-04-23,Completed,No,Dulani Jayasuriya
SR-26-01759,ST-4518,Northline,Line 1,Fit,Normal,3,2026-04-17,2026-04-22,2026-04-21,Completed,No,Hiruni Gunasekara
SR-26-01760,ST-4488,Lunaria,Line 3,Proto,Normal,1,2026-04-17,2026-04-22,2026-04-22,Completed,No,Kavindu Fernando
SR-26-01761,ST-4473,Lunaria,Line 6,Proto,Normal,3,2026-04-18,2026-04-24,2026-04-19,Completed,No,Dulani Jayasuriya
SR-26-01762,ST-4426,Kindred,Line 4,Salesman Sample (SMS),Normal,46,2026-04-18,2026-04-27,2026-04-26,Completed,No,Dulani Jayasuriya
SR-26-01763,ST-4443,Aurelle,Line 4,Proto,Normal,1,2026-04-18,2026-04-22,2026-04-24,Completed,No,Ashen Rathnayake
SR-26-01764,ST-4439,Aurelle,Line 5,Size Set,Normal,7,2026-04-18,2026-04-26,2026-04-25,Completed,No,Ashen Rathnayake
SR-26-01765,ST-4406,Aurelle,Line 2,Size Set,Normal,18,2026-04-18,2026-04-25,2026-04-29,Completed,Yes,Kavindu Fernando
SR-26-01766,ST-4483,Aurelle,Line 3,Salesman Sample (SMS),Normal,45,2026-04-18,2026-04-27,2026-04-27,Completed,No,Kavindu Fernando
SR-26-01767,ST-4483,Aurelle,Line 6,Size Set,High,16,2026-04-18,2026-04-27,2026-04-26,Completed,No,Hiruni Gunasekara
SR-26-01768,ST-4513,Aurelle,Line 5,Pre-Production,Urgent,18,2026-04-20,2026-04-27,2026-04-28,Completed,No,Dulani Jayasuriya
SR-26-01769,ST-4420,Aurelle,Line 5,Size Set,Normal,9,2026-04-20,2026-04-28,2026-04-29,Completed,No,Ashen Rathnayake
SR-26-01770,ST-4519,Velora,Line 4,Proto,Normal,1,2026-04-20,2026-04-25,2026-04-22,Completed,No,Kavindu Fernando
SR-26-01771,ST-4506,Aurelle,Line 3,Fit,High,4,2026-04-20,2026-04-26,2026-04-24,Completed,No,Nethmi Perera
SR-26-01772,ST-4420,Aurelle,Line 3,Proto,Normal,3,2026-04-20,2026-04-25,2026-04-24,Completed,No,Dulani Jayasuriya
SR-26-01773,ST-4433,Aurelle,Line 4,Pre-Production,Normal,29,2026-04-20,2026-04-29,2026-04-29,Completed,No,Kavindu Fernando
SR-26-01774,ST-4481,Aurelle,Line 1,Proto,High,2,2026-04-20,2026-04-24,2026-04-22,Completed,No,Sachini Silva
SR-26-01775,ST-4473,Lunaria,Line 6,Size Set,Normal,17,2026-04-21,2026-04-29,2026-04-28,Completed,No,Hiruni Gunasekara
SR-26-01776,ST-4446,Velora,Line 3,Fit,Normal,3,2026-04-21,2026-04-26,2026-04-25,Completed,No,Hiruni Gunasekara
SR-26-01777,ST-4423,Aurelle,Line 1,Proto,Normal,2,2026-04-21,2026-04-26,2026-04-24,Completed,No,Nethmi Perera
SR-26-01778,ST-4449,Lunaria,Line 3,Salesman Sample (SMS),Normal,37,2026-04-21,2026-05-02,2026-04-28,Completed,No,Dulani Jayasuriya
SR-26-01779,ST-4451,Aurelle,Line 3,Fit,Normal,6,2026-04-21,2026-04-27,2026-04-26,Completed,No,Hiruni Gunasekara
SR-26-01780,ST-4406,Aurelle,Line 6,Proto,High,2,2026-04-21,2026-04-26,2026-04-25,Completed,No,Dulani Jayasuriya
SR-26-01781,ST-4493,Kindred,Line 4,Proto,Normal,3,2026-04-21,2026-04-27,2026-04-24,Completed,No,Nethmi Perera
SR-26-01782,ST-4424,Kindred,Line 6,Size Set,Normal,17,2026-04-22,2026-04-30,2026-04-30,Completed,No,Hiruni Gunasekara
SR-26-01783,ST-4511,Velora,Line 6,Pre-Production,Normal,14,2026-04-22,2026-05-01,2026-04-30,Completed,No,Sachini Silva
SR-26-01784,ST-4463,Velora,Line 3,Fit,Normal,6,2026-04-22,2026-04-27,2026-04-25,Completed,No,Ashen Rathnayake
SR-26-01785,ST-4450,Lunaria,Line 4,Size Set,Normal,12,2026-04-22,2026-04-29,2026-04-29,Completed,No,Kavindu Fernando
SR-26-01786,ST-4517,Aurelle,Line 3,Proto,Normal,2,2026-04-22,2026-04-28,2026-04-26,Completed,No,Ashen Rathnayake
SR-26-01787,ST-4488,Lunaria,Line 4,Proto,Normal,1,2026-04-22,2026-04-27,2026-04-25,Completed,No,Nethmi Perera
SR-26-01788,ST-4481,Aurelle,Line 2,Pre-Production,High,29,2026-04-22,2026-04-30,2026-04-29,Completed,No,Ashen Rathnayake
SR-26-01789,ST-4475,Velora,Line 2,Fit,Normal,6,2026-04-23,2026-04-30,2026-04-27,Completed,No,Ashen Rathnayake
SR-26-01790,ST-4518,Northline,Line 1,Size Set,High,17,2026-04-23,2026-04-30,2026-04-29,Completed,No,Sachini Silva
SR-26-01791,ST-4510,Lunaria,Line 5,Size Set,Urgent,16,2026-04-23,2026-04-30,2026-04-27,Completed,No,Nethmi Perera
SR-26-01792,ST-4457,Kindred,Line 1,Fit,Normal,3,2026-04-23,2026-04-30,2026-04-28,Completed,No,Nethmi Perera
SR-26-01793,ST-4505,Aurelle,Line 6,Proto,Normal,3,2026-04-23,2026-04-29,2026-04-29,Completed,No,Ashen Rathnayake
SR-26-01794,ST-4430,Lunaria,Line 2,Size Set,Normal,8,2026-04-23,2026-05-02,2026-04-27,Completed,No,Dulani Jayasuriya
SR-26-01795,ST-4484,Kindred,Line 2,Size Set,High,12,2026-04-23,2026-05-01,2026-04-30,Completed,No,Nethmi Perera
SR-26-01796,ST-4464,Aurelle,Line 4,Salesman Sample (SMS),Normal,30,2026-04-24,2026-05-04,2026-05-02,Completed,No,Sachini Silva
SR-26-01797,ST-4443,Aurelle,Line 5,Size Set,Normal,19,2026-04-24,2026-05-02,2026-05-01,Completed,No,Dulani Jayasuriya
SR-26-01798,ST-4458,Aurelle,Line 1,Proto,Normal,2,2026-04-24,2026-04-30,2026-05-02,Completed,Yes,Nethmi Perera
SR-26-01799,ST-4451,Aurelle,Line 1,Fit,High,4,2026-04-25,2026-05-01,2026-04-30,Completed,No,Ashen Rathnayake
SR-26-01800,ST-4456,Lunaria,Line 5,Salesman Sample (SMS),High,34,2026-04-25,2026-05-06,2026-05-04,Completed,No,Ashen Rathnayake
SR-26-01801,ST-4448,Kindred,Line 2,Salesman Sample (SMS),Normal,23,2026-04-25,2026-05-06,2026-05-04,Completed,No,Kavindu Fernando
SR-26-01802,ST-4506,Aurelle,Line 6,Pre-Production,Normal,20,2026-04-25,2026-05-03,2026-05-01,Completed,No,Kavindu Fernando
SR-26-01803,ST-4406,Aurelle,Line 6,Proto,Urgent,2,2026-04-25,2026-04-28,2026-04-28,Completed,No,Hiruni Gunasekara
SR-26-01804,ST-4480,Velora,Line 3,Salesman Sample (SMS),Normal,20,2026-04-25,2026-05-04,2026-05-03,Completed,No,Hiruni Gunasekara
SR-26-01805,ST-4416,Lunaria,Line 4,Size Set,Normal,15,2026-04-25,2026-05-02,2026-05-01,Completed,No,Sachini Silva
SR-26-01806,ST-4474,Kindred,Line 2,Fit,Normal,4,2026-04-27,2026-05-02,2026-05-02,Completed,No,Dulani Jayasuriya
SR-26-01807,ST-4474,Kindred,Line 6,Pre-Production,Normal,13,2026-04-27,2026-05-06,2026-05-04,Completed,No,Ashen Rathnayake
SR-26-01808,ST-4469,Northline,Line 6,Fit,Normal,4,2026-04-27,2026-05-04,2026-05-04,Completed,No,Hiruni Gunasekara
SR-26-01809,ST-4498,Velora,Line 5,Salesman Sample (SMS),Urgent,44,2026-04-27,2026-05-07,2026-05-05,Completed,No,Hiruni Gunasekara
SR-26-01810,ST-4466,Lunaria,Line 4,Fit,Normal,5,2026-04-27,2026-05-02,2026-05-02,Completed,No,Nethmi Perera
SR-26-01811,ST-4403,Aurelle,Line 3,Salesman Sample (SMS),Normal,47,2026-04-27,2026-05-08,2026-05-06,Completed,No,Kavindu Fernando
SR-26-01812,ST-4417,Lunaria,Line 4,Fit,Urgent,4,2026-04-27,2026-05-02,2026-04-29,Completed,No,Ashen Rathnayake
SR-26-01813,ST-4410,Aurelle,Line 4,Size Set,Normal,10,2026-04-28,2026-05-05,2026-05-07,Completed,No,Dulani Jayasuriya
SR-26-01814,ST-4438,Kindred,Line 2,Fit,Normal,6,2026-04-28,2026-05-03,2026-05-05,Completed,No,Nethmi Perera
SR-26-01815,ST-4475,Velora,Line 1,Fit,High,3,2026-04-28,2026-05-03,2026-05-03,Completed,No,Kavindu Fernando
SR-26-01816,ST-4494,Velora,Line 2,Fit,Normal,5,2026-04-28,2026-05-05,2026-05-02,Completed,No,Hiruni Gunasekara
SR-26-01817,ST-4452,Aurelle,Line 6,Salesman Sample (SMS),Urgent,25,2026-04-28,2026-05-06,2026-05-07,Completed,No,Hiruni Gunasekara
SR-26-01818,ST-4433,Aurelle,Line 4,Fit,High,2,2026-04-28,2026-05-05,2026-05-05,Completed,No,Hiruni Gunasekara
SR-26-01819,ST-4516,Velora,Line 6,Salesman Sample (SMS),Normal,41,2026-04-28,2026-05-07,2026-05-10,Completed,No,Ashen Rathnayake
SR-26-01820,ST-4401,Kindred,Line 4,Fit,Normal,3,2026-04-28,2026-05-04,2026-05-06,Completed,Yes,Dulani Jayasuriya
SR-26-01821,ST-4485,Velora,Line 4,Fit,Normal,3,2026-04-28,2026-05-03,2026-05-02,Completed,No,Ashen Rathnayake
SR-26-01822,ST-4507,Aurelle,Line 6,Proto,High,2,2026-04-29,2026-05-05,2026-05-02,Completed,No,Dulani Jayasuriya
SR-26-01823,ST-4425,Velora,Line 6,Proto,High,3,2026-04-30,2026-05-06,2026-05-04,Completed,No,Ashen Rathnayake
SR-26-01824,ST-4471,Northline,Line 4,Fit,High,5,2026-04-30,2026-05-07,2026-05-03,Completed,No,Kavindu Fernando
SR-26-01825,ST-4486,Velora,Line 2,Proto,Normal,3,2026-04-30,2026-05-06,2026-05-01,Completed,No,Dulani Jayasuriya
SR-26-01826,ST-4441,Northline,Line 4,Proto,Normal,2,2026-05-01,2026-05-07,2026-05-02,Completed,No,Hiruni Gunasekara
SR-26-01827,ST-4519,Velora,Line 2,Fit,Normal,5,2026-05-01,2026-05-07,2026-05-04,Completed,No,Ashen Rathnayake
SR-26-01828,ST-4422,Velora,Line 4,Proto,Normal,1,2026-05-01,2026-05-05,2026-05-06,Completed,No,Nethmi Perera
SR-26-01829,ST-4426,Kindred,Line 4,Fit,Normal,3,2026-05-01,2026-05-06,2026-05-04,Completed,No,Nethmi Perera
SR-26-01830,ST-4504,Aurelle,Line 4,Salesman Sample (SMS),Normal,46,2026-05-02,2026-05-13,2026-05-12,Completed,No,Kavindu Fernando
SR-26-01831,ST-4447,Lunaria,Line 6,Pre-Production,Normal,19,2026-05-02,2026-05-10,2026-05-10,Completed,No,Hiruni Gunasekara
SR-26-01832,ST-4457,Kindred,Line 1,Salesman Sample (SMS),Normal,51,2026-05-02,2026-05-13,2026-05-09,Completed,No,Dulani Jayasuriya
SR-26-01833,ST-4499,Lunaria,Line 1,Fit,Urgent,2,2026-05-02,2026-05-07,2026-05-03,Completed,No,Nethmi Perera
SR-26-01834,ST-4472,Northline,Line 2,Proto,Normal,2,2026-05-02,2026-05-07,2026-05-05,Completed,No,Hiruni Gunasekara
SR-26-01835,ST-4421,Kindred,Line 2,Size Set,Normal,15,2026-05-02,2026-05-11,2026-05-08,Completed,No,Dulani Jayasuriya
SR-26-01836,ST-4516,Velora,Line 5,Proto,Normal,3,2026-05-04,2026-05-09,2026-05-06,Completed,No,Hiruni Gunasekara
SR-26-01837,ST-4473,Lunaria,Line 5,Proto,Normal,1,2026-05-04,2026-05-10,2026-05-10,Completed,No,Kavindu Fernando
SR-26-01838,ST-4442,Velora,Line 5,Proto,Normal,3,2026-05-04,2026-05-10,2026-05-06,Completed,No,Nethmi Perera
SR-26-01839,ST-4489,Northline,Line 5,Fit,High,6,2026-05-04,2026-05-10,2026-05-06,Completed,No,Ashen Rathnayake
SR-26-01840,ST-4436,Aurelle,Line 4,Pre-Production,High,17,2026-05-05,2026-05-15,2026-05-10,Completed,No,Hiruni Gunasekara
SR-26-01841,ST-4507,Aurelle,Line 1,Proto,Normal,2,2026-05-05,2026-05-09,2026-05-07,Completed,No,Ashen Rathnayake
SR-26-01842,ST-4407,Velora,Line 2,Pre-Production,Normal,18,2026-05-05,2026-05-13,2026-05-11,Completed,No,Nethmi Perera
SR-26-01843,ST-4467,Lunaria,Line 5,Proto,High,3,2026-05-05,2026-05-09,2026-05-08,Completed,No,Sachini Silva
SR-26-01844,ST-4484,Kindred,Line 2,Size Set,Normal,10,2026-05-05,2026-05-12,2026-05-12,Completed,No,Sachini Silva
SR-26-01845,ST-4491,Kindred,Line 2,Fit,Normal,5,2026-05-06,2026-05-13,2026-05-08,Completed,No,Dulani Jayasuriya
SR-26-01846,ST-4488,Lunaria,Line 5,Proto,Normal,3,2026-05-06,2026-05-11,2026-05-09,Completed,No,Kavindu Fernando
SR-26-01847,ST-4466,Lunaria,Line 1,Salesman Sample (SMS),High,47,2026-05-06,2026-05-17,2026-05-14,Completed,No,Dulani Jayasuriya
SR-26-01848,ST-4494,Velora,Line 3,Proto,High,2,2026-05-07,2026-05-13,2026-05-11,Completed,No,Dulani Jayasuriya
SR-26-01849,ST-4433,Aurelle,Line 5,Proto,High,2,2026-05-07,2026-05-12,2026-05-14,Completed,Yes,Kavindu Fernando
SR-26-01850,ST-4400,Velora,Line 3,Pre-Production,High,18,2026-05-07,2026-05-15,2026-05-13,Completed,No,Kavindu Fernando
SR-26-01851,ST-4464,Aurelle,Line 5,Pre-Production,Normal,17,2026-05-08,2026-05-16,2026-05-16,Completed,No,Dulani Jayasuriya
SR-26-01852,ST-4445,Kindred,Line 2,Pre-Production,High,17,2026-05-08,2026-05-17,2026-05-17,Completed,No,Kavindu Fernando
SR-26-01853,ST-4407,Velora,Line 6,Fit,Normal,6,2026-05-08,2026-05-14,2026-05-13,Completed,No,Dulani Jayasuriya
SR-26-01854,ST-4447,Lunaria,Line 2,Size Set,Normal,12,2026-05-09,2026-05-16,2026-05-13,Completed,No,Kavindu Fernando
SR-26-01855,ST-4505,Aurelle,Line 3,Size Set,Normal,8,2026-05-09,2026-05-16,2026-05-17,Completed,No,Hiruni Gunasekara
SR-26-01856,ST-4429,Aurelle,Line 6,Proto,High,2,2026-05-09,2026-05-14,2026-05-14,Completed,No,Hiruni Gunasekara
SR-26-01857,ST-4472,Northline,Line 4,Size Set,Normal,9,2026-05-09,2026-05-18,2026-05-15,Completed,No,Sachini Silva
SR-26-01858,ST-4482,Aurelle,Line 6,Fit,Normal,5,2026-05-09,2026-05-14,2026-05-14,Completed,No,Nethmi Perera
SR-26-01859,ST-4461,Kindred,Line 4,Fit,Normal,6,2026-05-09,2026-05-15,2026-05-14,Completed,No,Sachini Silva
SR-26-01860,ST-4450,Lunaria,Line 2,Size Set,Normal,9,2026-05-11,2026-05-20,2026-05-15,Completed,No,Nethmi Perera
SR-26-01861,ST-4438,Kindred,Line 5,Proto,Normal,3,2026-05-11,2026-05-17,2026-05-15,Completed,No,Sachini Silva
SR-26-01862,ST-4498,Velora,Line 4,Salesman Sample (SMS),Urgent,35,2026-05-11,2026-05-20,2026-05-19,Completed,No,Hiruni Gunasekara
SR-26-01863,ST-4507,Aurelle,Line 3,Pre-Production,Normal,12,2026-05-11,2026-05-19,2026-05-18,Completed,No,Dulani Jayasuriya
SR-26-01864,ST-4499,Lunaria,Line 2,Fit,Normal,5,2026-05-11,2026-05-16,2026-05-15,Completed,No,Dulani Jayasuriya
SR-26-01865,ST-4436,Aurelle,Line 1,Fit,Normal,3,2026-05-11,2026-05-18,2026-05-14,Completed,No,Kavindu Fernando
SR-26-01866,ST-4448,Kindred,Line 6,Proto,High,2,2026-05-12,2026-05-16,2026-05-14,Completed,No,Kavindu Fernando
SR-26-01867,ST-4501,Aurelle,Line 3,Salesman Sample (SMS),Normal,29,2026-05-12,2026-05-21,2026-05-20,Completed,No,Kavindu Fernando
SR-26-01868,ST-4456,Lunaria,Line 4,Salesman Sample (SMS),Normal,46,2026-05-12,2026-05-22,2026-05-20,Completed,No,Ashen Rathnayake
SR-26-01869,ST-4450,Lunaria,Line 1,Pre-Production,Normal,20,2026-05-14,2026-05-22,2026-05-19,Completed,No,Nethmi Perera
SR-26-01870,ST-4425,Velora,Line 2,Size Set,Normal,7,2026-05-14,2026-05-23,2026-05-18,Completed,No,Kavindu Fernando
SR-26-01871,ST-4430,Lunaria,Line 1,Fit,High,4,2026-05-14,2026-05-19,2026-05-17,Completed,No,Nethmi Perera
SR-26-01872,ST-4454,Aurelle,Line 6,Fit,Normal,4,2026-05-14,2026-05-21,2026-05-19,Completed,No,Hiruni Gunasekara
SR-26-01873,ST-4480,Velora,Line 2,Proto,Normal,1,2026-05-14,2026-05-20,2026-05-15,Completed,No,Nethmi Perera
SR-26-01874,ST-4487,Northline,Line 1,Salesman Sample (SMS),High,40,2026-05-14,2026-05-24,2026-05-22,Completed,No,Ashen Rathnayake
SR-26-01875,ST-4471,Northline,Line 3,Salesman Sample (SMS),Normal,50,2026-05-15,2026-05-25,2026-05-21,Completed,No,Sachini Silva
SR-26-01876,ST-4507,Aurelle,Line 2,Size Set,High,18,2026-05-16,2026-05-23,2026-05-22,Completed,No,Hiruni Gunasekara
SR-26-01877,ST-4486,Velora,Line 5,Pre-Production,Normal,19,2026-05-16,2026-05-26,2026-05-25,Completed,No,Nethmi Perera
SR-26-01878,ST-4417,Lunaria,Line 4,Proto,High,3,2026-05-18,2026-05-23,2026-05-20,Completed,No,Hiruni Gunasekara
SR-26-01879,ST-4427,Aurelle,Line 3,Proto,Normal,3,2026-05-18,2026-05-23,2026-05-23,Completed,No,Hiruni Gunasekara
SR-26-01880,ST-4437,Lunaria,Line 4,Pre-Production,Normal,20,2026-05-19,2026-05-28,2026-05-26,Completed,No,Ashen Rathnayake
SR-26-01881,ST-4425,Velora,Line 5,Fit,High,5,2026-05-19,2026-05-26,2026-05-29,Completed,Yes,Kavindu Fernando
SR-26-01882,ST-4512,Aurelle,Line 6,Pre-Production,High,24,2026-05-19,2026-05-27,2026-05-25,Completed,No,Kavindu Fernando
SR-26-01883,ST-4430,Lunaria,Line 2,Fit,Normal,5,2026-05-19,2026-05-25,2026-05-22,Completed,No,Sachini Silva
SR-26-01884,ST-4519,Velora,Line 2,Salesman Sample (SMS),Normal,55,2026-05-19,2026-05-30,2026-05-27,Completed,No,Hiruni Gunasekara
SR-26-01885,ST-4496,Velora,Line 2,Fit,Normal,2,2026-05-20,2026-05-27,2026-05-23,Completed,No,Hiruni Gunasekara
SR-26-01886,ST-4451,Aurelle,Line 1,Fit,Normal,6,2026-05-20,2026-05-27,2026-05-25,Completed,No,Hiruni Gunasekara
SR-26-01887,ST-4462,Kindred,Line 1,Size Set,High,20,2026-05-20,2026-05-29,2026-05-24,Completed,No,Hiruni Gunasekara
SR-26-01888,ST-4509,Kindred,Line 1,Fit,Urgent,4,2026-05-20,2026-05-26,2026-05-23,Completed,No,Sachini Silva
SR-26-01889,ST-4477,Velora,Line 6,Salesman Sample (SMS),Normal,56,2026-05-21,2026-06-01,2026-06-01,Completed,Yes,Hiruni Gunasekara
SR-26-01890,ST-4420,Aurelle,Line 1,Size Set,Normal,17,2026-05-21,2026-05-29,2026-05-24,Completed,No,Dulani Jayasuriya
SR-26-01891,ST-4484,Kindred,Line 1,Fit,Normal,3,2026-05-21,2026-05-28,2026-05-24,Completed,No,Kavindu Fernando
SR-26-01892,ST-4499,Lunaria,Line 3,Proto,Normal,1,2026-05-21,2026-05-27,2026-05-24,Completed,No,Dulani Jayasuriya
SR-26-01893,ST-4496,Velora,Line 2,Salesman Sample (SMS),Normal,59,2026-05-21,2026-05-30,2026-05-30,Completed,No,Dulani Jayasuriya
SR-26-01894,ST-4499,Lunaria,Line 2,Proto,Normal,2,2026-05-22,2026-05-27,2026-05-27,Completed,Yes,Nethmi Perera
SR-26-01895,ST-4478,Aurelle,Line 6,Fit,Normal,5,2026-05-22,2026-05-27,2026-05-30,Completed,No,Kavindu Fernando
SR-26-01896,ST-4509,Kindred,Line 6,Pre-Production,Normal,21,2026-05-23,2026-06-02,2026-05-30,Completed,No,Ashen Rathnayake
SR-26-01897,ST-4452,Aurelle,Line 2,Fit,Normal,4,2026-05-23,2026-05-28,2026-05-27,Completed,No,Kavindu Fernando
SR-26-01898,ST-4471,Northline,Line 4,Salesman Sample (SMS),Normal,27,2026-05-23,2026-06-03,2026-06-01,Completed,No,Ashen Rathnayake
SR-26-01899,ST-4407,Velora,Line 5,Salesman Sample (SMS),Normal,48,2026-05-23,2026-06-02,2026-05-30,Completed,No,Sachini Silva
SR-26-01900,ST-4400,Velora,Line 5,Fit,Normal,6,2026-05-23,2026-05-29,2026-05-28,Completed,No,Kavindu Fernando
SR-26-01901,ST-4443,Aurelle,Line 1,Proto,Urgent,2,2026-05-25,2026-05-30,2026-05-26,Completed,No,Nethmi Perera
SR-26-01902,ST-4432,Kindred,Line 6,Salesman Sample (SMS),Normal,44,2026-05-25,2026-06-04,2026-06-02,Completed,No,Hiruni Gunasekara
SR-26-01903,ST-4442,Velora,Line 2,Size Set,Normal,13,2026-05-25,2026-06-01,2026-05-27,Completed,No,Sachini Silva
SR-26-01904,ST-4428,Aurelle,Line 2,Size Set,Normal,16,2026-05-25,2026-06-01,2026-05-31,Completed,No,Ashen Rathnayake
SR-26-01905,ST-4445,Kindred,Line 6,Salesman Sample (SMS),High,43,2026-05-25,2026-06-03,2026-06-05,Completed,Yes,Sachini Silva
SR-26-01906,ST-4426,Kindred,Line 1,Fit,High,4,2026-05-25,2026-06-01,2026-05-28,Completed,No,Kavindu Fernando
SR-26-01907,ST-4449,Lunaria,Line 1,Salesman Sample (SMS),Normal,27,2026-05-26,2026-06-06,2026-06-04,Completed,No,Ashen Rathnayake
SR-26-01908,ST-4439,Aurelle,Line 4,Fit,High,4,2026-05-26,2026-06-01,2026-05-28,Completed,No,Nethmi Perera
SR-26-01909,ST-4459,Lunaria,Line 4,Proto,Normal,2,2026-05-26,2026-06-01,2026-05-28,Completed,No,Hiruni Gunasekara
SR-26-01910,ST-4480,Velora,Line 3,Size Set,Normal,9,2026-05-26,2026-06-04,2026-05-31,Completed,No,Sachini Silva
SR-26-01911,ST-4499,Lunaria,Line 4,Size Set,Normal,12,2026-05-26,2026-06-03,2026-06-01,Completed,No,Dulani Jayasuriya
SR-26-01912,ST-4400,Velora,Line 4,Fit,Normal,4,2026-05-27,2026-06-01,2026-06-01,Completed,No,Dulani Jayasuriya
SR-26-01913,ST-4439,Aurelle,Line 2,Fit,High,2,2026-05-28,2026-06-04,2026-05-31,Completed,No,Ashen Rathnayake
SR-26-01914,ST-4506,Aurelle,Line 3,Fit,Normal,3,2026-05-29,2026-06-04,2026-06-02,Completed,No,Dulani Jayasuriya
SR-26-01915,ST-4444,Lunaria,Line 5,Fit,Normal,6,2026-05-29,2026-06-05,2026-05-31,Completed,No,Kavindu Fernando
SR-26-01916,ST-4507,Aurelle,Line 1,Pre-Production,Normal,14,2026-05-29,2026-06-08,2026-06-05,Completed,No,Ashen Rathnayake
SR-26-01917,ST-4496,Velora,Line 1,Pre-Production,Normal,13,2026-05-29,2026-06-08,2026-06-05,Completed,No,Sachini Silva
SR-26-01918,ST-4422,Velora,Line 5,Proto,Normal,2,2026-05-29,2026-06-02,2026-06-02,Completed,No,Sachini Silva
SR-26-01919,ST-4456,Lunaria,Line 2,Proto,Normal,1,2026-05-30,2026-06-04,2026-06-02,Completed,No,Hiruni Gunasekara
SR-26-01920,ST-4438,Kindred,Line 1,Salesman Sample (SMS),Normal,31,2026-06-01,2026-06-10,2026-06-09,Completed,No,Sachini Silva
SR-26-01921,ST-4419,Kindred,Line 5,Pre-Production,Urgent,26,2026-06-01,2026-06-10,2026-06-08,Completed,No,Sachini Silva
SR-26-01922,ST-4497,Kindred,Line 5,Proto,Urgent,2,2026-06-02,2026-06-05,2026-06-03,Completed,No,Kavindu Fernando
SR-26-01923,ST-4515,Kindred,Line 5,Proto,High,2,2026-06-02,2026-06-06,2026-06-06,Completed,No,Dulani Jayasuriya
SR-26-01924,ST-4413,Lunaria,Line 4,Proto,Urgent,3,2026-06-02,2026-06-05,2026-06-05,Completed,No,Sachini Silva
SR-26-01925,ST-4428,Aurelle,Line 2,Size Set,Normal,18,2026-06-03,2026-06-10,2026-06-08,Completed,No,Sachini Silva
SR-26-01926,ST-4471,Northline,Line 4,Pre-Production,High,19,2026-06-03,2026-06-12,2026-06-09,Completed,No,Ashen Rathnayake
SR-26-01927,ST-4434,Aurelle,Line 1,Fit,Normal,5,2026-06-03,2026-06-10,2026-06-04,Completed,No,Sachini Silva
SR-26-01928,ST-4409,Northline,Line 6,Pre-Production,Normal,30,2026-06-03,2026-06-11,2026-06-10,Completed,No,Sachini Silva
SR-26-01929,ST-4451,Aurelle,Line 6,Size Set,Normal,9,2026-06-04,2026-06-11,2026-06-12,Completed,Yes,Dulani Jayasuriya
SR-26-01930,ST-4467,Lunaria,Line 2,Pre-Production,Normal,14,2026-06-04,2026-06-12,2026-06-09,Completed,No,Ashen Rathnayake
SR-26-01931,ST-4419,Kindred,Line 4,Fit,Normal,5,2026-06-04,2026-06-11,2026-06-09,Completed,No,Sachini Silva
SR-26-01932,ST-4406,Aurelle,Line 1,Size Set,High,17,2026-06-05,2026-06-12,2026-06-11,Completed,No,Hiruni Gunasekara
SR-26-01933,ST-4400,Velora,Line 6,Fit,Normal,6,2026-06-05,2026-06-12,2026-06-11,Completed,No,Ashen Rathnayake
SR-26-01934,ST-4407,Velora,Line 6,Size Set,High,18,2026-06-05,2026-06-14,2026-06-13,Completed,No,Dulani Jayasuriya
SR-26-01935,ST-4435,Aurelle,Line 3,Pre-Production,Urgent,15,2026-06-05,2026-06-12,2026-06-10,Completed,No,Sachini Silva
SR-26-01936,ST-4518,Northline,Line 6,Proto,Normal,3,2026-06-08,2026-06-13,2026-06-12,Completed,No,Sachini Silva
SR-26-01937,ST-4507,Aurelle,Line 4,Salesman Sample (SMS),Normal,43,2026-06-08,2026-06-17,2026-06-15,Completed,No,Dulani Jayasuriya
SR-26-01938,ST-4420,Aurelle,Line 1,Fit,Normal,6,2026-06-08,2026-06-13,2026-06-12,Completed,No,Sachini Silva
SR-26-01939,ST-4511,Velora,Line 2,Salesman Sample (SMS),Urgent,27,2026-06-08,2026-06-16,2026-06-14,Completed,No,Kavindu Fernando
SR-26-01940,ST-4407,Velora,Line 1,Size Set,Normal,19,2026-06-09,2026-06-18,2026-06-11,Completed,No,Nethmi Perera
SR-26-01941,ST-4443,Aurelle,Line 1,Proto,High,2,2026-06-09,2026-06-15,2026-06-12,Completed,No,Sachini Silva
SR-26-01942,ST-4431,Kindred,Line 1,Fit,High,3,2026-06-09,2026-06-14,2026-06-12,Completed,No,Kavindu Fernando
SR-26-01943,ST-4424,Kindred,Line 2,Size Set,Normal,12,2026-06-09,2026-06-16,2026-06-14,Completed,No,Ashen Rathnayake
SR-26-01944,ST-4405,Velora,Line 1,Salesman Sample (SMS),High,47,2026-06-09,2026-06-20,2026-06-17,Completed,No,Dulani Jayasuriya
SR-26-01945,ST-4426,Kindred,Line 3,Fit,Normal,6,2026-06-09,2026-06-15,2026-06-11,Completed,No,Sachini Silva
SR-26-01946,ST-4516,Velora,Line 6,Size Set,Normal,19,2026-06-10,2026-06-18,2026-06-19,Completed,No,Ashen Rathnayake
SR-26-01947,ST-4457,Kindred,Line 3,Pre-Production,Normal,15,2026-06-11,2026-06-19,2026-06-18,Completed,No,Nethmi Perera
SR-26-01948,ST-4480,Velora,Line 2,Pre-Production,High,17,2026-06-11,2026-06-20,2026-06-14,Completed,No,Kavindu Fernando
SR-26-01949,ST-4480,Velora,Line 5,Size Set,Normal,14,2026-06-11,2026-06-20,2026-06-17,Completed,No,Hiruni Gunasekara
SR-26-01950,ST-4426,Kindred,Line 1,Proto,Normal,1,2026-06-11,2026-06-16,2026-06-13,Completed,No,Dulani Jayasuriya
SR-26-01951,ST-4507,Aurelle,Line 3,Fit,Normal,5,2026-06-11,2026-06-17,2026-06-15,Completed,No,Sachini Silva
SR-26-01952,ST-4439,Aurelle,Line 1,Proto,Normal,1,2026-06-11,2026-06-17,2026-06-14,Completed,No,Sachini Silva
SR-26-01953,ST-4414,Aurelle,Line 3,Size Set,High,9,2026-06-11,2026-06-19,2026-06-14,Completed,No,Hiruni Gunasekara
SR-26-01954,ST-4505,Aurelle,Line 3,Fit,Normal,5,2026-06-12,2026-06-17,2026-06-15,Completed,No,Ashen Rathnayake
SR-26-01955,ST-4418,Velora,Line 2,Size Set,Normal,20,2026-06-12,2026-06-21,2026-06-16,Completed,No,Ashen Rathnayake
SR-26-01956,ST-4450,Lunaria,Line 6,Size Set,Normal,10,2026-06-13,2026-06-21,2026-06-18,Completed,No,Hiruni Gunasekara
SR-26-01957,ST-4519,Velora,Line 5,Fit,Normal,4,2026-06-13,2026-06-18,2026-06-16,Completed,No,Sachini Silva
SR-26-01958,ST-4467,Lunaria,Line 5,Proto,Normal,2,2026-06-15,2026-06-21,2026-06-18,Completed,No,Ashen Rathnayake
SR-26-01959,ST-4480,Velora,Line 1,Fit,Normal,2,2026-06-15,2026-06-22,2026-06-18,Completed,No,Hiruni Gunasekara
SR-26-01960,ST-4413,Lunaria,Line 1,Pre-Production,High,11,2026-06-15,2026-06-24,2026-06-23,Completed,Yes,Dulani Jayasuriya
SR-26-01961,ST-4502,Velora,Line 6,Fit,Normal,3,2026-06-15,2026-06-21,2026-06-19,Completed,No,Ashen Rathnayake
SR-26-01962,ST-4425,Velora,Line 6,Size Set,High,16,2026-06-15,2026-06-23,2026-06-20,Completed,No,Kavindu Fernando
SR-26-01963,ST-4451,Aurelle,Line 4,Size Set,Normal,14,2026-06-15,2026-06-23,2026-06-18,Completed,No,Sachini Silva
SR-26-01964,ST-4406,Aurelle,Line 4,Pre-Production,Urgent,20,2026-06-15,2026-06-22,2026-06-18,Completed,No,Dulani Jayasuriya
SR-26-01965,ST-4486,Velora,Line 5,Salesman Sample (SMS),Normal,34,2026-06-16,2026-06-27,2026-06-24,Completed,No,Ashen Rathnayake
SR-26-01966,ST-4514,Lunaria,Line 4,Fit,Normal,3,2026-06-16,2026-06-23,2026-06-20,Completed,No,Nethmi Perera
SR-26-01967,ST-4406,Aurelle,Line 4,Fit,Normal,3,2026-06-16,2026-06-21,2026-06-17,Completed,No,Nethmi Perera
SR-26-01968,ST-4496,Velora,Line 4,Size Set,Normal,6,2026-06-16,2026-06-23,2026-06-22,Completed,No,Dulani Jayasuriya
SR-26-01969,ST-4477,Velora,Line 1,Size Set,Normal,15,2026-06-17,2026-06-26,2026-06-24,Completed,Yes,Kavindu Fernando
SR-26-01970,ST-4407,Velora,Line 5,Size Set,Normal,14,2026-06-17,2026-06-25,2026-06-24,Completed,Yes,Dulani Jayasuriya
SR-26-01971,ST-4502,Velora,Line 3,Proto,Normal,1,2026-06-17,2026-06-23,2026-06-18,Completed,No,Dulani Jayasuriya
SR-26-01972,ST-4448,Kindred,Line 5,Fit,Normal,5,2026-06-18,2026-06-23,2026-06-22,Completed,No,Sachini Silva
SR-26-01973,ST-4419,Kindred,Line 2,Fit,High,4,2026-06-18,2026-06-23,2026-06-21,Completed,No,Sachini Silva
SR-26-01974,ST-4404,Lunaria,Line 4,Size Set,Normal,14,2026-06-19,2026-06-27,2026-06-24,Completed,No,Dulani Jayasuriya
SR-26-01975,ST-4468,Lunaria,Line 4,Proto,High,3,2026-06-19,2026-06-25,2026-06-22,Completed,No,Nethmi Perera
SR-26-01976,ST-4429,Aurelle,Line 1,Fit,Normal,4,2026-06-20,2026-06-26,2026-06-22,Completed,No,Nethmi Perera
SR-26-01977,ST-4457,Kindred,Line 6,Proto,Normal,3,2026-06-20,2026-06-24,2026-06-25,Completed,No,Ashen Rathnayake
SR-26-01978,ST-4474,Kindred,Line 4,Salesman Sample (SMS),Normal,41,2026-06-20,2026-07-01,2026-06-29,Completed,No,Sachini Silva
SR-26-01979,ST-4423,Aurelle,Line 5,Size Set,High,20,2026-06-22,2026-06-29,2026-06-27,Completed,No,Sachini Silva
SR-26-01980,ST-4477,Velora,Line 3,Proto,Normal,3,2026-06-22,2026-06-28,2026-06-23,Completed,No,Sachini Silva
SR-26-01981,ST-4425,Velora,Line 5,Proto,Normal,2,2026-06-22,2026-06-26,2026-06-24,Completed,No,Dulani Jayasuriya
SR-26-01982,ST-4497,Kindred,Line 3,Proto,High,2,2026-06-22,2026-06-28,2026-06-24,Completed,No,Nethmi Perera
SR-26-01983,ST-4401,Kindred,Line 5,Proto,Normal,3,2026-06-22,2026-06-28,2026-06-24,Completed,No,Sachini Silva
SR-26-01984,ST-4516,Velora,Line 6,Proto,Normal,2,2026-06-22,2026-06-26,2026-06-25,Completed,No,Ashen Rathnayake
SR-26-01985,ST-4508,Aurelle,Line 6,Proto,Normal,1,2026-06-23,2026-06-27,2026-06-26,Completed,No,Ashen Rathnayake
SR-26-01986,ST-4436,Aurelle,Line 5,Salesman Sample (SMS),Normal,43,2026-06-23,2026-07-03,2026-07-03,Completed,No,Sachini Silva
SR-26-01987,ST-4428,Aurelle,Line 1,Pre-Production,Normal,19,2026-06-23,2026-07-02,2026-06-27,Completed,No,Ashen Rathnayake
SR-26-01988,ST-4436,Aurelle,Line 1,Proto,Normal,2,2026-06-23,2026-06-29,2026-06-24,Completed,No,Nethmi Perera
SR-26-01989,ST-4415,Aurelle,Line 6,Salesman Sample (SMS),Urgent,29,2026-06-23,2026-07-01,2026-06-30,Completed,No,Nethmi Perera
SR-26-01990,ST-4511,Velora,Line 2,Pre-Production,Normal,30,2026-06-24,2026-07-03,2026-06-30,Completed,No,Hiruni Gunasekara
SR-26-01991,ST-4510,Lunaria,Line 5,Fit,Urgent,2,2026-06-24,2026-06-29,2026-06-26,Completed,No,Hiruni Gunasekara
SR-26-01992,ST-4464,Aurelle,Line 6,Salesman Sample (SMS),Normal,23,2026-06-25,2026-07-05,2026-07-04,Completed,No,Ashen Rathnayake
SR-26-01993,ST-4433,Aurelle,Line 4,Fit,Normal,5,2026-06-25,2026-06-30,2026-06-30,Completed,No,Dulani Jayasuriya
SR-26-01994,ST-4433,Aurelle,Line 2,Proto,Normal,2,2026-06-26,2026-07-02,2026-06-27,Completed,No,Kavindu Fernando
SR-26-01995,ST-4455,Velora,Line 4,Fit,Normal,2,2026-06-26,2026-07-02,2026-07-01,Completed,No,Nethmi Perera
SR-26-01996,ST-4486,Velora,Line 4,Pre-Production,Normal,15,2026-06-26,2026-07-04,2026-07-04,Completed,No,Hiruni Gunasekara
SR-26-01997,ST-4422,Velora,Line 1,Pre-Production,Normal,18,2026-06-26,2026-07-04,2026-07-02,Completed,No,Nethmi Perera
SR-26-01998,ST-4459,Lunaria,Line 1,Proto,Normal,2,2026-06-26,2026-07-01,2026-06-27,Completed,No,Ashen Rathnayake
SR-26-01999,ST-4403,Aurelle,Line 5,Pre-Production,Urgent,13,2026-06-26,2026-07-03,2026-07-02,Completed,No,Kavindu Fernando
SR-26-02000,ST-4405,Velora,Line 1,Size Set,Urgent,9,2026-06-27,2026-07-03,2026-07-03,Completed,No,Kavindu Fernando
SR-26-02001,ST-4465,Aurelle,Line 6,Salesman Sample (SMS),High,33,2026-06-27,2026-07-08,2026-07-10,Completed,Yes,Sachini Silva
SR-26-02002,ST-4514,Lunaria,Line 4,Size Set,Normal,20,2026-06-27,2026-07-06,2026-07-02,Completed,No,Kavindu Fernando
SR-26-02003,ST-4457,Kindred,Line 5,Fit,High,4,2026-06-27,2026-07-02,2026-07-01,Completed,No,Dulani Jayasuriya
SR-26-02004,ST-4425,Velora,Line 4,Fit,Normal,4,2026-06-29,2026-07-05,2026-07-03,Completed,No,Ashen Rathnayake
SR-26-02005,ST-4413,Lunaria,Line 1,Salesman Sample (SMS),Urgent,50,2026-06-29,2026-07-08,2026-07-07,Completed,Yes,Sachini Silva
SR-26-02006,ST-4415,Aurelle,Line 5,Pre-Production,Normal,10,2026-06-29,2026-07-09,2026-07-07,Completed,No,Kavindu Fernando
SR-26-02007,ST-4431,Kindred,Line 1,Pre-Production,Normal,16,2026-06-30,2026-07-10,2026-07-06,Completed,No,Kavindu Fernando
SR-26-02008,ST-4513,Aurelle,Line 6,Fit,High,3,2026-06-30,2026-07-05,2026-07-04,Completed,No,Hiruni Gunasekara
SR-26-02009,ST-4509,Kindred,Line 5,Proto,High,3,2026-06-30,2026-07-05,2026-07-01,Completed,No,Nethmi Perera
SR-26-02010,ST-4448,Kindred,Line 6,Pre-Production,Normal,18,2026-06-30,2026-07-09,2026-07-14,Completed,Yes,Nethmi Perera
SR-26-02011,ST-4509,Kindred,Line 3,Proto,Normal,3,2026-07-01,2026-07-07,2026-07-03,Completed,No,Dulani Jayasuriya
SR-26-02012,ST-4442,Velora,Line 6,Pre-Production,Normal,26,2026-07-01,2026-07-11,2026-07-09,Completed,No,Hiruni Gunasekara
SR-26-02013,ST-4434,Aurelle,Line 4,Salesman Sample (SMS),Normal,50,2026-07-01,2026-07-12,2026-07-09,Completed,No,Hiruni Gunasekara
SR-26-02014,ST-4505,Aurelle,Line 1,Fit,Normal,3,2026-07-01,2026-07-08,2026-07-04,Completed,No,Nethmi Perera
SR-26-02015,ST-4499,Lunaria,Line 3,Proto,Normal,2,2026-07-01,2026-07-05,2026-07-02,Completed,No,Sachini Silva
SR-26-02016,ST-4490,Northline,Line 6,Pre-Production,High,10,2026-07-02,2026-07-11,2026-07-09,Completed,No,Sachini Silva
SR-26-02017,ST-4445,Kindred,Line 6,Fit,Normal,3,2026-07-02,2026-07-09,2026-07-07,Completed,No,Hiruni Gunasekara
SR-26-02018,ST-4428,Aurelle,Line 1,Salesman Sample (SMS),Normal,37,2026-07-02,2026-07-13,2026-07-11,Completed,Yes,Ashen Rathnayake
SR-26-02019,ST-4490,Northline,Line 1,Size Set,Normal,18,2026-07-02,2026-07-10,2026-07-08,Completed,No,Kavindu Fernando
SR-26-02020,ST-4445,Kindred,Line 2,Proto,Normal,1,2026-07-02,2026-07-07,2026-07-03,Completed,No,Sachini Silva
SR-26-02021,ST-4475,Velora,Line 1,Pre-Production,Normal,25,2026-07-02,2026-07-12,2026-07-08,Completed,No,Hiruni Gunasekara
SR-26-02022,ST-4477,Velora,Line 5,Fit,Normal,3,2026-07-02,2026-07-09,2026-07-08,Completed,Yes,Kavindu Fernando
SR-26-02023,ST-4429,Aurelle,Line 2,Salesman Sample (SMS),Normal,28,2026-07-03,2026-07-13,2026-07-09,Completed,No,Kavindu Fernando
SR-26-02024,ST-4415,Aurelle,Line 6,Size Set,Normal,10,2026-07-03,2026-07-10,2026-07-12,Completed,No,Dulani Jayasuriya
SR-26-02025,ST-4517,Aurelle,Line 2,Fit,Normal,2,2026-07-03,2026-07-10,2026-07-08,Completed,No,Dulani Jayasuriya
SR-26-02026,ST-4460,Velora,Line 2,Size Set,High,12,2026-07-03,2026-07-12,2026-07-07,Completed,No,Kavindu Fernando
SR-26-02027,ST-4456,Lunaria,Line 3,Pre-Production,Urgent,15,2026-07-03,2026-07-10,2026-07-08,Completed,No,Ashen Rathnayake
SR-26-02028,ST-4439,Aurelle,Line 1,Fit,Normal,5,2026-07-03,2026-07-10,2026-07-05,Completed,No,Ashen Rathnayake
SR-26-02029,ST-4455,Velora,Line 5,Proto,Normal,3,2026-07-03,2026-07-09,2026-07-04,Completed,No,Dulani Jayasuriya
SR-26-02030,ST-4476,Northline,Line 6,Fit,High,4,2026-07-04,2026-07-10,2026-07-08,Completed,No,Ashen Rathnayake
SR-26-02031,ST-4427,Aurelle,Line 5,Proto,Urgent,3,2026-07-04,2026-07-07,2026-07-05,Completed,No,Dulani Jayasuriya
SR-26-02032,ST-4497,Kindred,Line 5,Fit,Normal,5,2026-07-04,2026-07-10,2026-07-06,Completed,No,Ashen Rathnayake
SR-26-02033,ST-4425,Velora,Line 6,Proto,High,3,2026-07-04,2026-07-10,2026-07-10,Completed,No,Ashen Rathnayake
SR-26-02034,ST-4437,Lunaria,Line 6,Size Set,Urgent,20,2026-07-04,2026-07-11,2026-07-09,Completed,No,Ashen Rathnayake
SR-26-02035,ST-4475,Velora,Line 1,Fit,High,2,2026-07-04,2026-07-11,2026-07-05,Completed,No,Sachini Silva
SR-26-02036,ST-4465,Aurelle,Line 6,Proto,Normal,2,2026-07-04,2026-07-10,2026-07-06,Completed,No,Dulani Jayasuriya
SR-26-02037,ST-4458,Aurelle,Line 1,Proto,High,1,2026-07-06,2026-07-10,2026-07-08,Completed,No,Sachini Silva
SR-26-02038,ST-4416,Lunaria,Line 6,Salesman Sample (SMS),High,38,2026-07-07,2026-07-16,2026-07-16,Completed,No,Dulani Jayasuriya
SR-26-02039,ST-4450,Lunaria,Line 2,Pre-Production,High,24,2026-07-07,2026-07-17,2026-07-14,Completed,No,Dulani Jayasuriya
SR-26-02040,ST-4495,Aurelle,Line 2,Size Set,Normal,11,2026-07-07,2026-07-16,2026-07-13,Completed,No,Sachini Silva
SR-26-02041,ST-4499,Lunaria,Line 3,Fit,Normal,2,2026-07-07,2026-07-12,2026-07-10,Completed,No,Sachini Silva
SR-26-02042,ST-4415,Aurelle,Line 5,Fit,Normal,3,2026-07-07,2026-07-14,2026-07-08,Completed,No,Hiruni Gunasekara
SR-26-02043,ST-4424,Kindred,Line 3,Size Set,High,11,2026-07-07,2026-07-16,2026-07-13,Completed,No,Sachini Silva
SR-26-02044,ST-4482,Aurelle,Line 1,Size Set,Normal,9,2026-07-08,2026-07-16,2026-07-11,Completed,No,Hiruni Gunasekara
SR-26-02045,ST-4403,Aurelle,Line 4,Pre-Production,Normal,16,2026-07-08,2026-07-16,2026-07-15,Completed,No,Hiruni Gunasekara
SR-26-02046,ST-4507,Aurelle,Line 5,Fit,Normal,3,2026-07-08,2026-07-13,2026-07-15,Completed,No,Ashen Rathnayake
SR-26-02047,ST-4418,Velora,Line 4,Size Set,Urgent,20,2026-07-09,2026-07-17,2026-07-15,Completed,No,Ashen Rathnayake
SR-26-02048,ST-4448,Kindred,Line 6,Proto,Normal,1,2026-07-09,2026-07-13,2026-07-11,Completed,No,Sachini Silva
SR-26-02049,ST-4496,Velora,Line 5,Fit,Normal,5,2026-07-09,2026-07-16,2026-07-13,Completed,No,Ashen Rathnayake
SR-26-02050,ST-4504,Aurelle,Line 6,Fit,Normal,4,2026-07-09,2026-07-16,2026-07-13,Completed,No,Ashen Rathnayake
SR-26-02051,ST-4440,Northline,Line 4,Proto,High,1,2026-07-10,2026-07-15,2026-07-14,Completed,No,Sachini Silva
SR-26-02052,ST-4437,Lunaria,Line 6,Size Set,Normal,8,2026-07-10,2026-07-19,2026-07-15,Completed,No,Hiruni Gunasekara
SR-26-02053,ST-4426,Kindred,Line 1,Proto,Normal,2,2026-07-10,2026-07-14,2026-07-14,Completed,No,Nethmi Perera
SR-26-02054,ST-4516,Velora,Line 3,Fit,Normal,6,2026-07-10,2026-07-15,2026-07-14,Completed,No,Sachini Silva
SR-26-02055,ST-4508,Aurelle,Line 4,Pre-Production,Normal,23,2026-07-10,2026-07-18,2026-07-14,Completed,No,Nethmi Perera
SR-26-02056,ST-4457,Kindred,Line 1,Size Set,High,9,2026-07-10,2026-07-18,2026-07-14,Completed,No,Ashen Rathnayake
SR-26-02057,ST-4409,Northline,Line 2,Fit,Urgent,2,2026-07-10,2026-07-14,2026-07-11,Completed,No,Ashen Rathnayake
SR-26-02058,ST-4404,Lunaria,Line 2,Pre-Production,Urgent,25,2026-07-10,2026-07-17,2026-07-14,Completed,No,Hiruni Gunasekara
SR-26-02059,ST-4403,Aurelle,Line 4,Proto,High,1,2026-07-11,2026-07-16,2026-07-13,Completed,No,Sachini Silva
SR-26-02060,ST-4472,Northline,Line 1,Pre-Production,High,20,2026-07-11,2026-07-20,2026-07-16,Completed,No,Nethmi Perera
SR-26-02061,ST-4430,Lunaria,Line 4,Proto,Normal,2,2026-07-13,2026-07-17,2026-07-15,Completed,No,Ashen Rathnayake
SR-26-02062,ST-4486,Velora,Line 4,Fit,Urgent,5,2026-07-13,2026-07-18,2026-07-18,Completed,Yes,Ashen Rathnayake
SR-26-02063,ST-4511,Velora,Line 4,Proto,Normal,3,2026-07-13,2026-07-18,2026-07-16,Completed,No,Ashen Rathnayake
SR-26-02064,ST-4452,Aurelle,Line 4,Size Set,Normal,8,2026-07-13,2026-07-21,2026-07-19,Completed,No,Ashen Rathnayake
SR-26-02065,ST-4465,Aurelle,Line 3,Fit,Urgent,6,2026-07-14,2026-07-19,2026-07-18,Completed,No,Hiruni Gunasekara
SR-26-02066,ST-4416,Lunaria,Line 4,Salesman Sample (SMS),Normal,34,2026-07-14,2026-07-23,2026-07-24,Completed,No,Hiruni Gunasekara
SR-26-02067,ST-4453,Lunaria,Line 3,Proto,Urgent,2,2026-07-14,2026-07-17,2026-07-16,Completed,No,Nethmi Perera
SR-26-02068,ST-4401,Kindred,Line 5,Fit,Normal,2,2026-07-15,2026-07-21,2026-07-20,Completed,No,Ashen Rathnayake
SR-26-02069,ST-4509,Kindred,Line 2,Size Set,Normal,7,2026-07-15,2026-07-22,2026-07-21,Completed,No,Ashen Rathnayake
SR-26-02070,ST-4474,Kindred,Line 4,Proto,High,3,2026-07-15,2026-07-21,2026-07-19,Completed,No,Hiruni Gunasekara
SR-26-02071,ST-4412,Velora,Line 1,Pre-Production,Normal,23,2026-07-16,2026-07-25,2026-07-21,Completed,No,Nethmi Perera
SR-26-02072,ST-4501,Aurelle,Line 2,Pre-Production,Normal,18,2026-07-16,2026-07-26,2026-07-23,Completed,No,Nethmi Perera
SR-26-02073,ST-4421,Kindred,Line 1,Pre-Production,Normal,11,2026-07-16,2026-07-24,2026-07-20,Completed,No,Kavindu Fernando
SR-26-02074,ST-4437,Lunaria,Line 5,Fit,Normal,3,2026-07-16,2026-07-23,2026-07-19,Completed,No,Nethmi Perera
SR-26-02075,ST-4443,Aurelle,Line 4,Fit,Normal,3,2026-07-17,2026-07-23,2026-07-21,Completed,No,Ashen Rathnayake
SR-26-02076,ST-4451,Aurelle,Line 5,Proto,Normal,2,2026-07-17,2026-07-23,2026-07-20,Completed,No,Ashen Rathnayake
SR-26-02077,ST-4507,Aurelle,Line 3,Fit,High,5,2026-07-18,2026-07-25,2026-07-21,Completed,No,Hiruni Gunasekara
SR-26-02078,ST-4515,Kindred,Line 6,Pre-Production,High,18,2026-07-18,2026-07-28,2026-07-27,Completed,No,Nethmi Perera
SR-26-02079,ST-4459,Lunaria,Line 6,Size Set,Normal,12,2026-07-20,2026-07-27,2026-07-25,Completed,No,Sachini Silva
SR-26-02080,ST-4478,Aurelle,Line 6,Proto,Normal,2,2026-07-20,2026-07-25,2026-07-22,Completed,No,Dulani Jayasuriya
SR-26-02081,ST-4424,Kindred,Line 1,Proto,Normal,2,2026-07-20,2026-07-26,2026-07-21,Completed,No,Hiruni Gunasekara
SR-26-02082,ST-4489,Northline,Line 6,Fit,High,3,2026-07-20,2026-07-25,2026-07-25,Completed,No,Dulani Jayasuriya
SR-26-02083,ST-4475,Velora,Line 5,Fit,Normal,5,2026-07-20,2026-07-26,2026-07-24,Completed,No,Kavindu Fernando
SR-26-02084,ST-4498,Velora,Line 2,Pre-Production,Normal,11,2026-07-21,2026-07-30,2026-07-28,Completed,No,Hiruni Gunasekara
SR-26-02085,ST-4479,Aurelle,Line 5,Fit,High,3,2026-07-21,2026-07-26,2026-07-25,Completed,No,Dulani Jayasuriya
SR-26-02086,ST-4424,Kindred,Line 3,Fit,Normal,4,2026-07-21,2026-07-28,2026-07-28,Completed,Yes,Ashen Rathnayake
SR-26-02087,ST-4460,Velora,Line 1,Fit,Normal,6,2026-07-21,2026-07-26,2026-07-23,Completed,No,Dulani Jayasuriya
SR-26-02088,ST-4449,Lunaria,Line 4,Salesman Sample (SMS),Normal,32,2026-07-22,2026-08-01,2026-07-29,Completed,No,Sachini Silva
SR-26-02089,ST-4519,Velora,Line 6,Fit,Normal,2,2026-07-22,2026-07-29,2026-07-28,Completed,No,Sachini Silva
SR-26-02090,ST-4473,Lunaria,Line 3,Size Set,Normal,18,2026-07-22,2026-07-31,2026-07-27,Completed,No,Hiruni Gunasekara
SR-26-02091,ST-4517,Aurelle,Line 2,Proto,Normal,1,2026-07-22,2026-07-26,2026-07-23,Completed,No,Dulani Jayasuriya
SR-26-02092,ST-4474,Kindred,Line 6,Fit,High,4,2026-07-22,2026-07-27,2026-07-25,Completed,No,Dulani Jayasuriya
SR-26-02093,ST-4436,Aurelle,Line 4,Fit,Normal,6,2026-07-23,2026-07-30,2026-07-27,Completed,No,Dulani Jayasuriya
SR-26-02094,ST-4445,Kindred,Line 6,Fit,Normal,4,2026-07-23,2026-07-29,2026-07-29,Completed,No,Ashen Rathnayake
SR-26-02095,ST-4416,Lunaria,Line 5,Pre-Production,Normal,20,2026-07-23,2026-08-02,2026-07-29,Completed,No,Nethmi Perera
SR-26-02096,ST-4496,Velora,Line 2,Proto,Normal,1,2026-07-23,2026-07-27,2026-07-25,Completed,No,Kavindu Fernando
SR-26-02097,ST-4499,Lunaria,Line 3,Pre-Production,High,30,2026-07-24,2026-08-01,2026-07-31,Completed,No,Kavindu Fernando
SR-26-02098,ST-4469,Northline,Line 3,Fit,Urgent,3,2026-07-24,2026-07-28,2026-07-28,Completed,No,Kavindu Fernando
SR-26-02099,ST-4477,Velora,Line 1,Fit,Normal,4,2026-07-24,2026-07-29,2026-07-27,Completed,No,Ashen Rathnayake
SR-26-02100,ST-4465,Aurelle,Line 2,Fit,Normal,5,2026-07-24,2026-07-31,2026-07-28,Completed,No,Sachini Silva
SR-26-02101,ST-4506,Aurelle,Line 3,Fit,High,5,2026-07-25,2026-07-30,2026-07-28,Completed,No,Sachini Silva
SR-26-02102,ST-4491,Kindred,Line 5,Size Set,Urgent,11,2026-07-25,2026-08-02,2026-07-30,Completed,No,Hiruni Gunasekara
SR-26-02103,ST-4493,Kindred,Line 2,Proto,Normal,3,2026-07-25,2026-07-31,2026-07-27,Completed,No,Kavindu Fernando
SR-26-02104,ST-4402,Northline,Line 5,Fit,High,6,2026-07-27,2026-08-01,2026-08-01,Completed,No,Sachini Silva
SR-26-02105,ST-4516,Velora,Line 3,Pre-Production,Urgent,19,2026-07-27,2026-08-04,2026-08-01,Completed,No,Kavindu Fernando
SR-26-02106,ST-4491,Kindred,Line 1,Size Set,Normal,7,2026-07-28,2026-08-05,2026-08-02,Completed,No,Kavindu Fernando
SR-26-02107,ST-4495,Aurelle,Line 3,Pre-Production,High,15,2026-07-28,2026-08-05,2026-08-04,Completed,No,Ashen Rathnayake
SR-26-02108,ST-4463,Velora,Line 3,Salesman Sample (SMS),Normal,28,2026-07-28,2026-08-08,2026-08-05,Completed,No,Hiruni Gunasekara
SR-26-02109,ST-4433,Aurelle,Line 6,Proto,High,2,2026-07-29,2026-08-02,2026-07-31,Completed,No,Dulani Jayasuriya
SR-26-02110,ST-4429,Aurelle,Line 4,Fit,Normal,6,2026-07-29,2026-08-04,2026-08-01,Completed,No,Hiruni Gunasekara
SR-26-02111,ST-4407,Velora,Line 2,Fit,Normal,2,2026-07-29,2026-08-04,2026-07-30,Completed,No,Nethmi Perera
SR-26-02112,ST-4496,Velora,Line 4,Proto,High,3,2026-07-29,2026-08-03,2026-08-02,Completed,No,Hiruni Gunasekara
SR-26-02113,ST-4449,Lunaria,Line 5,Pre-Production,Normal,27,2026-07-30,2026-08-08,2026-08-03,Completed,No,Kavindu Fernando
SR-26-02114,ST-4448,Kindred,Line 6,Pre-Production,Normal,16,2026-07-30,2026-08-08,2026-08-05,Completed,No,Kavindu Fernando
SR-26-02115,ST-4457,Kindred,Line 2,Proto,High,2,2026-07-30,2026-08-04,2026-07-31,Completed,No,Nethmi Perera
SR-26-02116,ST-4484,Kindred,Line 2,Fit,Normal,2,2026-07-30,2026-08-05,2026-08-02,Completed,No,Dulani Jayasuriya
SR-26-02117,ST-4407,Velora,Line 3,Fit,Normal,6,2026-07-31,2026-08-07,2026-08-03,Completed,No,Hiruni Gunasekara
SR-26-02118,ST-4468,Lunaria,Line 1,Size Set,High,16,2026-07-31,2026-08-08,2026-08-05,Completed,No,Kavindu Fernando
SR-26-02119,ST-4438,Kindred,Line 6,Proto,Normal,1,2026-07-31,2026-08-04,2026-08-04,Completed,No,Hiruni Gunasekara
SR-26-02120,ST-4443,Aurelle,Line 1,Salesman Sample (SMS),Urgent,21,2026-07-31,2026-08-10,2026-08-05,Completed,No,Nethmi Perera
SR-26-02121,ST-4495,Aurelle,Line 5,Fit,High,4,2026-07-31,2026-08-07,2026-08-03,Completed,No,Dulani Jayasuriya
SR-26-02122,ST-4446,Velora,Line 3,Fit,Normal,6,2026-07-31,2026-08-06,2026-08-05,Completed,No,Ashen Rathnayake
SR-26-02123,ST-4428,Aurelle,Line 5,Proto,Normal,2,2026-08-01,2026-08-05,2026-08-02,Completed,No,Sachini Silva
SR-26-02124,ST-4433,Aurelle,Line 1,Salesman Sample (SMS),Normal,34,2026-08-01,2026-08-10,2026-08-11,Completed,No,Hiruni Gunasekara
SR-26-02125,ST-4443,Aurelle,Line 3,Salesman Sample (SMS),High,21,2026-08-01,2026-08-11,2026-08-08,Completed,No,Ashen Rathnayake
SR-26-02126,ST-4425,Velora,Line 3,Size Set,Normal,6,2026-08-01,2026-08-09,2026-08-09,Completed,No,Ashen Rathnayake
SR-26-02127,ST-4465,Aurelle,Line 2,Proto,Normal,1,2026-08-01,2026-08-05,2026-08-07,Completed,Yes,Ashen Rathnayake
SR-26-02128,ST-4467,Lunaria,Line 1,Fit,High,5,2026-08-03,2026-08-10,2026-08-07,Completed,No,Kavindu Fernando
SR-26-02129,ST-4511,Velora,Line 3,Fit,Normal,5,2026-08-04,2026-08-09,2026-08-07,Completed,No,Hiruni Gunasekara
SR-26-02130,ST-4434,Aurelle,Line 6,Salesman Sample (SMS),Normal,48,2026-08-04,2026-08-15,2026-08-14,Completed,No,Kavindu Fernando
SR-26-02131,ST-4503,Aurelle,Line 1,Salesman Sample (SMS),Normal,28,2026-08-04,2026-08-14,2026-08-12,Completed,No,Nethmi Perera
SR-26-02132,ST-4410,Aurelle,Line 2,Pre-Production,Normal,19,2026-08-04,2026-08-12,2026-08-11,Completed,No,Ashen Rathnayake
SR-26-02133,ST-4462,Kindred,Line 4,Fit,Normal,6,2026-08-04,2026-08-09,2026-08-09,Completed,No,Sachini Silva
SR-26-02134,ST-4444,Lunaria,Line 2,Fit,High,6,2026-08-04,2026-08-11,2026-08-08,Completed,No,Kavindu Fernando
SR-26-02135,ST-4422,Velora,Line 2,Size Set,Normal,15,2026-08-05,2026-08-13,2026-08-12,Completed,No,Hiruni Gunasekara
SR-26-02136,ST-4514,Lunaria,Line 3,Fit,High,5,2026-08-05,2026-08-11,2026-08-09,Completed,No,Dulani Jayasuriya
SR-26-02137,ST-4410,Aurelle,Line 1,Pre-Production,Normal,13,2026-08-05,2026-08-14,2026-08-11,Completed,No,Nethmi Perera
SR-26-02138,ST-4512,Aurelle,Line 3,Fit,Normal,6,2026-08-05,2026-08-10,2026-08-09,Completed,No,Kavindu Fernando
SR-26-02139,ST-4442,Velora,Line 3,Fit,Normal,4,2026-08-05,2026-08-11,2026-08-09,Completed,No,Hiruni Gunasekara
SR-26-02140,ST-4455,Velora,Line 6,Size Set,Normal,8,2026-08-05,2026-08-12,2026-08-12,Completed,No,Dulani Jayasuriya
SR-26-02141,ST-4417,Lunaria,Line 3,Proto,Normal,2,2026-08-05,2026-08-11,2026-08-09,Completed,No,Dulani Jayasuriya
SR-26-02142,ST-4451,Aurelle,Line 6,Pre-Production,High,22,2026-08-06,2026-08-14,2026-08-16,Completed,No,Dulani Jayasuriya
SR-26-02143,ST-4434,Aurelle,Line 4,Fit,Normal,6,2026-08-06,2026-08-12,2026-08-10,Completed,No,Hiruni Gunasekara
SR-26-02144,ST-4501,Aurelle,Line 5,Salesman Sample (SMS),Normal,50,2026-08-06,2026-08-17,2026-08-15,Completed,No,Nethmi Perera
SR-26-02145,ST-4510,Lunaria,Line 4,Proto,Urgent,2,2026-08-06,2026-08-11,2026-08-08,Completed,No,Dulani Jayasuriya
SR-26-02146,ST-4461,Kindred,Line 5,Fit,Normal,6,2026-08-06,2026-08-13,2026-08-10,Completed,No,Kavindu Fernando
SR-26-02147,ST-4508,Aurelle,Line 6,Pre-Production,High,16,2026-08-06,2026-08-14,2026-08-16,Completed,No,Nethmi Perera
SR-26-02148,ST-4519,Velora,Line 5,Proto,Normal,2,2026-08-06,2026-08-12,2026-08-11,Completed,No,Hiruni Gunasekara
SR-26-02149,ST-4447,Lunaria,Line 6,Proto,Normal,3,2026-08-07,2026-08-11,2026-08-11,Completed,No,Dulani Jayasuriya
SR-26-02150,ST-4462,Kindred,Line 3,Proto,High,2,2026-08-07,2026-08-12,2026-08-10,Completed,No,Dulani Jayasuriya
SR-26-02151,ST-4457,Kindred,Line 4,Fit,Normal,5,2026-08-07,2026-08-14,2026-08-09,Completed,No,Dulani Jayasuriya
SR-26-02152,ST-4467,Lunaria,Line 5,Fit,Normal,3,2026-08-08,2026-08-14,2026-08-12,Completed,No,Kavindu Fernando
SR-26-02153,ST-4420,Aurelle,Line 3,Fit,Normal,4,2026-08-08,2026-08-15,2026-08-10,Completed,No,Hiruni Gunasekara
SR-26-02154,ST-4415,Aurelle,Line 2,Pre-Production,Normal,22,2026-08-08,2026-08-17,2026-08-15,Completed,No,Hiruni Gunasekara
SR-26-02155,ST-4407,Velora,Line 6,Salesman Sample (SMS),Normal,57,2026-08-08,2026-08-18,2026-08-17,Completed,No,Kavindu Fernando
SR-26-02156,ST-4419,Kindred,Line 3,Pre-Production,Normal,21,2026-08-08,2026-08-17,2026-08-18,Completed,Yes,Dulani Jayasuriya
SR-26-02157,ST-4485,Velora,Line 1,Proto,Normal,2,2026-08-08,2026-08-14,2026-08-11,Completed,No,Nethmi Perera
SR-26-02158,ST-4447,Lunaria,Line 5,Pre-Production,Normal,20,2026-08-10,2026-08-20,2026-08-19,Completed,No,Kavindu Fernando
SR-26-02159,ST-4504,Aurelle,Line 1,Fit,Normal,3,2026-08-10,2026-08-16,2026-08-13,Completed,No,Nethmi Perera
SR-26-02160,ST-4480,Velora,Line 2,Proto,Normal,2,2026-08-10,2026-08-15,2026-08-14,Completed,No,Sachini Silva
SR-26-02161,ST-4406,Aurelle,Line 5,Size Set,Normal,13,2026-08-11,2026-08-20,2026-08-16,Completed,No,Nethmi Perera
SR-26-02162,ST-4493,Kindred,Line 5,Salesman Sample (SMS),High,23,2026-08-11,2026-08-21,2026-08-19,Completed,No,Hiruni Gunasekara
SR-26-02163,ST-4457,Kindred,Line 2,Fit,Normal,5,2026-08-11,2026-08-17,2026-08-15,Completed,No,Ashen Rathnayake
SR-26-02164,ST-4425,Velora,Line 3,Pre-Production,Normal,11,2026-08-11,2026-08-20,2026-08-18,Completed,No,Hiruni Gunasekara
SR-26-02165,ST-4436,Aurelle,Line 1,Size Set,Normal,13,2026-08-11,2026-08-18,2026-08-20,Completed,No,Dulani Jayasuriya
SR-26-02166,ST-4506,Aurelle,Line 2,Size Set,High,7,2026-08-12,2026-08-21,2026-08-17,Completed,No,Hiruni Gunasekara
SR-26-02167,ST-4439,Aurelle,Line 5,Fit,Normal,5,2026-08-12,2026-08-17,2026-08-17,Completed,No,Hiruni Gunasekara
SR-26-02168,ST-4416,Lunaria,Line 6,Fit,Normal,2,2026-08-12,2026-08-18,2026-08-18,Completed,No,Hiruni Gunasekara
SR-26-02169,ST-4432,Kindred,Line 2,Proto,High,1,2026-08-13,2026-08-18,2026-08-18,Completed,No,Kavindu Fernando
SR-26-02170,ST-4466,Lunaria,Line 3,Fit,High,5,2026-08-13,2026-08-20,2026-08-16,Completed,No,Hiruni Gunasekara
SR-26-02171,ST-4416,Lunaria,Line 2,Proto,Normal,2,2026-08-13,2026-08-17,2026-08-15,Completed,No,Ashen Rathnayake
SR-26-02172,ST-4463,Velora,Line 5,Pre-Production,Urgent,15,2026-08-13,2026-08-22,2026-08-20,Completed,No,Ashen Rathnayake
SR-26-02173,ST-4507,Aurelle,Line 2,Proto,Normal,3,2026-08-13,2026-08-18,2026-08-17,Completed,No,Ashen Rathnayake
SR-26-02174,ST-4431,Kindred,Line 4,Salesman Sample (SMS),Normal,55,2026-08-14,2026-08-24,2026-08-22,Completed,No,Kavindu Fernando
SR-26-02175,ST-4517,Aurelle,Line 3,Pre-Production,Urgent,12,2026-08-14,2026-08-23,2026-08-20,Completed,No,Sachini Silva
SR-26-02176,ST-4437,Lunaria,Line 6,Salesman Sample (SMS),Urgent,54,2026-08-14,2026-08-23,2026-08-23,Completed,No,Nethmi Perera
SR-26-02177,ST-4419,Kindred,Line 2,Fit,Normal,5,2026-08-14,2026-08-21,2026-08-18,Completed,No,Sachini Silva
SR-26-02178,ST-4453,Lunaria,Line 6,Size Set,High,8,2026-08-14,2026-08-22,2026-08-25,Completed,Yes,Dulani Jayasuriya
SR-26-02179,ST-4514,Lunaria,Line 5,Pre-Production,High,11,2026-08-14,2026-08-23,2026-08-25,Completed,No,Hiruni Gunasekara
SR-26-02180,ST-4404,Lunaria,Line 1,Salesman Sample (SMS),Urgent,29,2026-08-14,2026-08-24,2026-08-22,Completed,No,Nethmi Perera
SR-26-02181,ST-4479,Aurelle,Line 1,Size Set,Normal,7,2026-08-14,2026-08-21,2026-08-21,Completed,No,Kavindu Fernando
SR-26-02182,ST-4486,Velora,Line 5,Fit,Normal,6,2026-08-15,2026-08-20,2026-08-19,Completed,No,Nethmi Perera
SR-26-02183,ST-4421,Kindred,Line 6,Salesman Sample (SMS),Normal,43,2026-08-17,2026-08-27,2026-08-28,Completed,No,Sachini Silva
SR-26-02184,ST-4422,Velora,Line 5,Pre-Production,Normal,10,2026-08-17,2026-08-26,2026-08-26,Completed,No,Dulani Jayasuriya
SR-26-02185,ST-4458,Aurelle,Line 2,Proto,Normal,3,2026-08-17,2026-08-23,2026-08-22,Completed,No,Dulani Jayasuriya
SR-26-02186,ST-4402,Northline,Line 6,Salesman Sample (SMS),Normal,50,2026-08-17,2026-08-27,2026-08-24,Completed,No,Nethmi Perera
SR-26-02187,ST-4449,Lunaria,Line 1,Salesman Sample (SMS),Normal,20,2026-08-17,2026-08-28,2026-08-25,Completed,No,Nethmi Perera
SR-26-02188,ST-4469,Northline,Line 6,Salesman Sample (SMS),Normal,36,2026-08-18,2026-08-29,2026-08-27,Completed,No,Kavindu Fernando
SR-26-02189,ST-4454,Aurelle,Line 5,Pre-Production,Normal,13,2026-08-18,2026-08-28,2026-08-24,Completed,No,Hiruni Gunasekara
SR-26-02190,ST-4495,Aurelle,Line 4,Proto,Normal,3,2026-08-18,2026-08-22,2026-08-21,Completed,No,Hiruni Gunasekara
SR-26-02191,ST-4412,Velora,Line 3,Proto,Normal,1,2026-08-18,2026-08-24,2026-08-22,Completed,No,Dulani Jayasuriya
SR-26-02192,ST-4457,Kindred,Line 4,Proto,Urgent,3,2026-08-18,2026-08-23,2026-08-21,Completed,No,Hiruni Gunasekara
SR-26-02193,ST-4494,Velora,Line 1,Salesman Sample (SMS),Normal,56,2026-08-19,2026-08-28,2026-08-26,Completed,No,Sachini Silva
SR-26-02194,ST-4439,Aurelle,Line 3,Proto,Urgent,1,2026-08-19,2026-08-22,2026-08-27,Completed,Yes,Dulani Jayasuriya
SR-26-02195,ST-4449,Lunaria,Line 6,Size Set,High,6,2026-08-19,2026-08-26,2026-08-25,Completed,No,Ashen Rathnayake
SR-26-02196,ST-4442,Velora,Line 3,Fit,Urgent,6,2026-08-19,2026-08-23,2026-08-22,Completed,No,Nethmi Perera
SR-26-02197,ST-4434,Aurelle,Line 4,Fit,Normal,6,2026-08-19,2026-08-26,2026-08-24,Completed,No,Nethmi Perera
SR-26-02198,ST-4415,Aurelle,Line 6,Salesman Sample (SMS),Normal,41,2026-08-20,2026-08-29,2026-08-28,Completed,No,Sachini Silva
SR-26-02199,ST-4433,Aurelle,Line 1,Size Set,Urgent,17,2026-08-20,2026-08-28,2026-08-23,Completed,No,Hiruni Gunasekara
SR-26-02200,ST-4469,Northline,Line 1,Fit,Normal,4,2026-08-20,2026-08-27,2026-08-25,Completed,No,Dulani Jayasuriya
SR-26-02201,ST-4494,Velora,Line 4,Fit,Normal,5,2026-08-20,2026-08-27,2026-08-26,Completed,No,Ashen Rathnayake
SR-26-02202,ST-4481,Aurelle,Line 3,Fit,Normal,6,2026-08-20,2026-08-26,2026-08-25,Completed,No,Ashen Rathnayake
SR-26-02203,ST-4439,Aurelle,Line 3,Size Set,Normal,18,2026-08-20,2026-08-28,2026-08-25,Completed,No,Hiruni Gunasekara
SR-26-02204,ST-4498,Velora,Line 1,Fit,Urgent,5,2026-08-21,2026-08-25,2026-08-25,Completed,No,Hiruni Gunasekara
SR-26-02205,ST-4421,Kindred,Line 6,Pre-Production,Normal,27,2026-08-21,2026-08-29,2026-08-28,Completed,No,Hiruni Gunasekara
SR-26-02206,ST-4417,Lunaria,Line 5,Fit,Normal,2,2026-08-21,2026-08-28,2026-08-28,Completed,No,Dulani Jayasuriya
SR-26-02207,ST-4475,Velora,Line 3,Fit,Normal,4,2026-08-21,2026-08-28,2026-08-27,Completed,No,Hiruni Gunasekara
SR-26-02208,ST-4418,Velora,Line 4,Salesman Sample (SMS),Normal,37,2026-08-22,2026-08-31,2026-09-01,Completed,No,Hiruni Gunasekara
SR-26-02209,ST-4484,Kindred,Line 5,Proto,High,2,2026-08-22,2026-08-26,2026-08-25,Completed,No,Ashen Rathnayake
SR-26-02210,ST-4460,Velora,Line 3,Fit,Normal,3,2026-08-22,2026-08-29,2026-08-27,Completed,No,Hiruni Gunasekara
SR-26-02211,ST-4503,Aurelle,Line 5,Proto,Normal,2,2026-08-22,2026-08-28,2026-08-24,Completed,No,Dulani Jayasuriya
SR-26-02212,ST-4420,Aurelle,Line 4,Fit,Urgent,2,2026-08-22,2026-08-27,2026-08-26,Completed,No,Sachini Silva
SR-26-02213,ST-4461,Kindred,Line 6,Fit,Normal,4,2026-08-22,2026-08-27,2026-08-28,Completed,No,Sachini Silva
SR-26-02214,ST-4511,Velora,Line 3,Pre-Production,High,11,2026-08-22,2026-08-30,2026-08-30,Completed,No,Sachini Silva
SR-26-02215,ST-4425,Velora,Line 2,Pre-Production,Normal,21,2026-08-22,2026-09-01,2026-08-30,Completed,No,Dulani Jayasuriya
SR-26-02216,ST-4516,Velora,Line 6,Proto,Normal,1,2026-08-24,2026-08-30,2026-08-27,Completed,No,Sachini Silva
SR-26-02217,ST-4452,Aurelle,Line 3,Salesman Sample (SMS),Normal,52,2026-08-24,2026-09-02,2026-09-01,Completed,No,Sachini Silva
SR-26-02218,ST-4448,Kindred,Line 3,Size Set,Urgent,17,2026-08-24,2026-08-31,2026-08-31,Completed,No,Sachini Silva
SR-26-02219,ST-4501,Aurelle,Line 5,Salesman Sample (SMS),Normal,40,2026-08-24,2026-09-03,2026-08-31,Completed,No,Sachini Silva
SR-26-02220,ST-4407,Velora,Line 1,Proto,Normal,1,2026-08-24,2026-08-29,2026-08-27,Completed,No,Ashen Rathnayake
SR-26-02221,ST-4438,Kindred,Line 2,Proto,Normal,1,2026-08-24,2026-08-28,2026-08-29,Completed,No,Hiruni Gunasekara
SR-26-02222,ST-4400,Velora,Line 6,Proto,Normal,2,2026-08-24,2026-08-30,2026-08-31,Completed,No,Hiruni Gunasekara
SR-26-02223,ST-4441,Northline,Line 4,Size Set,Normal,12,2026-08-24,2026-09-01,2026-09-02,Completed,No,Ashen Rathnayake
SR-26-02224,ST-4496,Velora,Line 4,Proto,Normal,3,2026-08-24,2026-08-28,2026-08-28,Completed,No,Kavindu Fernando
SR-26-02225,ST-4452,Aurelle,Line 5,Size Set,Normal,20,2026-08-24,2026-08-31,2026-08-30,Completed,No,Kavindu Fernando
SR-26-02226,ST-4468,Lunaria,Line 1,Proto,Urgent,3,2026-08-25,2026-08-28,2026-08-27,Completed,No,Dulani Jayasuriya
SR-26-02227,ST-4420,Aurelle,Line 4,Size Set,Normal,16,2026-08-25,2026-09-03,2026-09-01,Completed,No,Sachini Silva
SR-26-02228,ST-4465,Aurelle,Line 6,Proto,Normal,3,2026-08-25,2026-08-29,2026-08-30,Completed,No,Sachini Silva
SR-26-02229,ST-4433,Aurelle,Line 1,Proto,Normal,1,2026-08-25,2026-08-29,2026-08-28,Completed,No,Hiruni Gunasekara
SR-26-02230,ST-4502,Velora,Line 6,Fit,Urgent,6,2026-08-25,2026-08-30,2026-08-28,Completed,No,Ashen Rathnayake
SR-26-02231,ST-4423,Aurelle,Line 6,Proto,Normal,1,2026-08-26,2026-09-01,2026-08-30,Completed,No,Sachini Silva
SR-26-02232,ST-4518,Northline,Line 3,Pre-Production,Normal,25,2026-08-26,2026-09-03,2026-08-31,Completed,No,Ashen Rathnayake
SR-26-02233,ST-4432,Kindred,Line 2,Size Set,Normal,10,2026-08-26,2026-09-04,2026-09-02,Completed,No,Kavindu Fernando
SR-26-02234,ST-4451,Aurelle,Line 2,Proto,High,1,2026-08-27,2026-09-01,2026-08-30,Completed,No,Sachini Silva
SR-26-02235,ST-4475,Velora,Line 5,Size Set,Normal,8,2026-08-27,2026-09-03,2026-09-03,Completed,No,Dulani Jayasuriya
SR-26-02236,ST-4411,Aurelle,Line 1,Fit,Normal,4,2026-08-27,2026-09-02,2026-09-03,Completed,Yes,Sachini Silva
SR-26-02237,ST-4477,Velora,Line 4,Fit,Normal,5,2026-08-27,2026-09-03,2026-09-04,Completed,No,Ashen Rathnayake
SR-26-02238,ST-4463,Velora,Line 6,Size Set,Urgent,20,2026-08-27,2026-09-04,2026-09-02,Completed,No,Nethmi Perera
SR-26-02239,ST-4464,Aurelle,Line 5,Proto,Urgent,1,2026-08-27,2026-08-30,2026-08-29,Completed,No,Sachini Silva
SR-26-02240,ST-4456,Lunaria,Line 6,Fit,Normal,6,2026-08-27,2026-09-03,2026-08-31,Completed,No,Hiruni Gunasekara
SR-26-02241,ST-4412,Velora,Line 5,Salesman Sample (SMS),Normal,56,2026-08-27,2026-09-07,2026-09-07,Completed,No,Sachini Silva
SR-26-02242,ST-4496,Velora,Line 1,Proto,High,3,2026-08-27,2026-08-31,2026-08-31,Completed,No,Hiruni Gunasekara
SR-26-02243,ST-4438,Kindred,Line 4,Fit,Normal,2,2026-08-27,2026-09-03,2026-08-31,Completed,No,Ashen Rathnayake
SR-26-02244,ST-4400,Velora,Line 6,Salesman Sample (SMS),Normal,21,2026-08-28,2026-09-08,2026-09-08,Completed,No,Kavindu Fernando
SR-26-02245,ST-4514,Lunaria,Line 2,Fit,Normal,3,2026-08-28,2026-09-02,2026-08-30,Completed,No,Hiruni Gunasekara
SR-26-02246,ST-4487,Northline,Line 1,Salesman Sample (SMS),Normal,21,2026-08-28,2026-09-08,2026-09-06,Completed,No,Kavindu Fernando
SR-26-02247,ST-4406,Aurelle,Line 1,Salesman Sample (SMS),Normal,42,2026-08-28,2026-09-08,2026-09-06,Completed,No,Hiruni Gunasekara
SR-26-02248,ST-4437,Lunaria,Line 3,Proto,Urgent,2,2026-08-29,2026-09-03,2026-09-01,Completed,No,Sachini Silva
SR-26-02249,ST-4487,Northline,Line 2,Proto,Normal,1,2026-08-29,2026-09-04,2026-08-30,Completed,No,Kavindu Fernando
SR-26-02250,ST-4417,Lunaria,Line 6,Pre-Production,Normal,23,2026-08-29,2026-09-06,2026-09-08,Completed,No,Kavindu Fernando
SR-26-02251,ST-4440,Northline,Line 3,Fit,Normal,5,2026-08-29,2026-09-03,2026-09-17,Completed,No,Nethmi Perera
SR-26-02252,ST-4467,Lunaria,Line 2,Pre-Production,High,17,2026-08-31,2026-09-09,2026-09-23,Completed,No,Sachini Silva
SR-26-02253,ST-4516,Velora,Line 6,Proto,Normal,2,2026-08-31,2026-09-06,2026-09-04,Completed,No,Kavindu Fernando
SR-26-02254,ST-4425,Velora,Line 3,Pre-Production,Normal,26,2026-08-31,2026-09-08,2026-09-11,Completed,No,Ashen Rathnayake
SR-26-02255,ST-4404,Lunaria,Line 4,Size Set,Normal,15,2026-08-31,2026-09-08,2026-09-23,Completed,No,Hiruni Gunasekara
SR-26-02256,ST-4435,Aurelle,Line 1,Size Set,Normal,14,2026-09-01,2026-09-10,2026-09-08,Completed,No,Kavindu Fernando
SR-26-02257,ST-4461,Kindred,Line 2,Fit,High,4,2026-09-01,2026-09-08,2026-09-28,Completed,No,Nethmi Perera
SR-26-02258,ST-4413,Lunaria,Line 4,Size Set,Normal,17,2026-09-01,2026-09-09,2026-09-19,Completed,No,Hiruni Gunasekara
SR-26-02259,ST-4498,Velora,Line 3,Proto,Normal,1,2026-09-01,2026-09-06,2026-09-27,Completed,Yes,Kavindu Fernando
SR-26-02260,ST-4500,Kindred,Line 5,Fit,Normal,5,2026-09-01,2026-09-08,2026-09-07,Completed,No,Hiruni Gunasekara
SR-26-02261,ST-4513,Aurelle,Line 2,Pre-Production,Normal,21,2026-09-02,2026-09-11,2026-09-10,Completed,No,Sachini Silva
SR-26-02262,ST-4515,Kindred,Line 1,Salesman Sample (SMS),High,27,2026-09-02,2026-09-13,2026-09-09,Completed,No,Nethmi Perera
SR-26-02263,ST-4421,Kindred,Line 4,Fit,Normal,5,2026-09-02,2026-09-08,2026-09-19,Completed,No,Nethmi Perera
SR-26-02264,ST-4419,Kindred,Line 3,Fit,Normal,2,2026-09-02,2026-09-07,2026-09-24,Completed,No,Kavindu Fernando
SR-26-02265,ST-4506,Aurelle,Line 2,Proto,Normal,1,2026-09-02,2026-09-07,2026-09-04,Completed,No,Dulani Jayasuriya
SR-26-02266,ST-4454,Aurelle,Line 3,Fit,Normal,2,2026-09-02,2026-09-09,2026-09-07,Completed,No,Dulani Jayasuriya
SR-26-02267,ST-4470,Aurelle,Line 5,Salesman Sample (SMS),Normal,45,2026-09-02,2026-09-12,2026-09-27,Completed,No,Nethmi Perera
SR-26-02268,ST-4423,Aurelle,Line 6,Pre-Production,Normal,27,2026-09-03,2026-09-12,2026-09-11,Completed,No,Nethmi Perera
SR-26-02269,ST-4466,Lunaria,Line 4,Proto,High,2,2026-09-03,2026-09-07,2026-09-04,Completed,No,Sachini Silva
SR-26-02270,ST-4440,Northline,Line 5,Proto,Normal,1,2026-09-03,2026-09-09,2026-09-06,Completed,No,Sachini Silva
SR-26-02271,ST-4417,Lunaria,Line 1,Proto,Normal,3,2026-09-03,2026-09-07,2026-09-06,Completed,No,Kavindu Fernando
SR-26-02272,ST-4404,Lunaria,Line 3,Fit,Normal,4,2026-09-03,2026-09-08,2026-09-08,Completed,No,Sachini Silva
SR-26-02273,ST-4491,Kindred,Line 6,Proto,Normal,1,2026-09-03,2026-09-09,2026-09-09,Completed,No,Nethmi Perera
SR-26-02274,ST-4485,Velora,Line 6,Fit,Urgent,4,2026-09-04,2026-09-10,2026-09-08,Completed,No,Sachini Silva
SR-26-02275,ST-4452,Aurelle,Line 6,Pre-Production,Normal,14,2026-09-04,2026-09-13,2026-09-12,Completed,No,Ashen Rathnayake
SR-26-02276,ST-4489,Northline,Line 2,Pre-Production,High,20,2026-09-04,2026-09-13,2026-09-26,Completed,No,Nethmi Perera
SR-26-02277,ST-4451,Aurelle,Line 1,Salesman Sample (SMS),High,38,2026-09-04,2026-09-13,2026-09-10,Completed,No,Ashen Rathnayake
SR-26-02278,ST-4499,Lunaria,Line 4,Fit,Normal,5,2026-09-04,2026-09-09,2026-09-21,Completed,No,Ashen Rathnayake
SR-26-02279,ST-4437,Lunaria,Line 2,Proto,Normal,2,2026-09-04,2026-09-10,2026-09-07,Completed,No,Kavindu Fernando
SR-26-02280,ST-4457,Kindred,Line 6,Fit,High,5,2026-09-05,2026-09-10,2026-09-09,Completed,No,Dulani Jayasuriya
SR-26-02281,ST-4417,Lunaria,Line 4,Pre-Production,Normal,18,2026-09-05,2026-09-15,2026-09-12,Completed,No,Kavindu Fernando
SR-26-02282,ST-4431,Kindred,Line 3,Fit,Normal,6,2026-09-05,2026-09-12,2026-09-20,Completed,No,Ashen Rathnayake
SR-26-02283,ST-4458,Aurelle,Line 1,Pre-Production,High,28,2026-09-05,2026-09-14,2026-09-14,Completed,No,Hiruni Gunasekara
SR-26-02284,ST-4441,Northline,Line 2,Proto,High,2,2026-09-05,2026-09-11,2026-09-21,Completed,No,Ashen Rathnayake
SR-26-02285,ST-4423,Aurelle,Line 6,Fit,Urgent,4,2026-09-05,2026-09-11,2026-09-11,Completed,No,Nethmi Perera
SR-26-02286,ST-4467,Lunaria,Line 6,Proto,High,1,2026-09-05,2026-09-10,2026-09-09,Completed,No,Sachini Silva
SR-26-02287,ST-4465,Aurelle,Line 5,Proto,Urgent,3,2026-09-07,2026-09-11,2026-09-12,Completed,No,Nethmi Perera
SR-26-02288,ST-4493,Kindred,Line 3,Proto,Urgent,1,2026-09-07,2026-09-12,2026-09-14,Completed,No,Sachini Silva
SR-26-02289,ST-4410,Aurelle,Line 5,Proto,High,2,2026-09-07,2026-09-13,2026-09-11,Completed,No,Dulani Jayasuriya
SR-26-02290,ST-4464,Aurelle,Line 2,Fit,Normal,4,2026-09-08,2026-09-14,2026-09-26,Completed,No,Kavindu Fernando
SR-26-02291,ST-4443,Aurelle,Line 6,Pre-Production,Normal,22,2026-09-08,2026-09-16,2026-09-17,Completed,No,Kavindu Fernando
SR-26-02292,ST-4470,Aurelle,Line 1,Fit,Normal,4,2026-09-09,2026-09-15,2026-09-12,Completed,No,Ashen Rathnayake
SR-26-02293,ST-4450,Lunaria,Line 5,Size Set,High,8,2026-09-09,2026-09-16,2026-09-16,Completed,No,Nethmi Perera
SR-26-02294,ST-4455,Velora,Line 2,Proto,High,1,2026-09-09,2026-09-15,2026-09-11,Completed,No,Kavindu Fernando
SR-26-02295,ST-4446,Velora,Line 3,Proto,Normal,1,2026-09-09,2026-09-15,2026-09-30,Completed,No,Ashen Rathnayake
SR-26-02296,ST-4482,Aurelle,Line 2,Fit,Normal,4,2026-09-09,2026-09-16,2026-09-14,Completed,No,Ashen Rathnayake
SR-26-02297,ST-4474,Kindred,Line 3,Salesman Sample (SMS),Normal,60,2026-09-09,2026-09-19,2026-09-17,Completed,No,Ashen Rathnayake
SR-26-02298,ST-4493,Kindred,Line 4,Pre-Production,Normal,10,2026-09-09,2026-09-19,2026-09-18,Completed,No,Dulani Jayasuriya
SR-26-02299,ST-4430,Lunaria,Line 2,Fit,Normal,5,2026-09-09,2026-09-15,2026-09-15,Completed,No,Nethmi Perera
SR-26-02300,ST-4465,Aurelle,Line 2,Pre-Production,Normal,11,2026-09-09,2026-09-17,2026-09-16,Completed,No,Nethmi Perera
SR-26-02301,ST-4438,Kindred,Line 4,Proto,Normal,3,2026-09-10,2026-09-16,2026-09-13,Completed,No,Dulani Jayasuriya
SR-26-02302,ST-4486,Velora,Line 1,Proto,High,1,2026-09-10,2026-09-15,2026-09-13,Completed,No,Hiruni Gunasekara
SR-26-02303,ST-4466,Lunaria,Line 1,Proto,Normal,3,2026-09-10,2026-09-16,2026-09-28,Completed,No,Ashen Rathnayake
SR-26-02304,ST-4416,Lunaria,Line 2,Salesman Sample (SMS),Normal,23,2026-09-10,2026-09-20,2026-09-16,Completed,No,Sachini Silva
SR-26-02305,ST-4401,Kindred,Line 5,Fit,Normal,5,2026-09-11,2026-09-18,2026-09-27,Completed,No,Nethmi Perera
SR-26-02306,ST-4509,Kindred,Line 4,Pre-Production,Normal,11,2026-09-11,2026-09-20,2026-10-02,Completed,No,Kavindu Fernando
SR-26-02307,ST-4418,Velora,Line 4,Fit,Normal,3,2026-09-11,2026-09-17,,QC,No,Kavindu Fernando
SR-26-02308,ST-4496,Velora,Line 4,Size Set,Normal,7,2026-09-11,2026-09-20,2026-09-18,Completed,No,Sachini Silva
SR-26-02309,ST-4492,Aurelle,Line 2,Pre-Production,Urgent,13,2026-09-12,2026-09-19,2026-09-18,Completed,No,Hiruni Gunasekara
SR-26-02310,ST-4459,Lunaria,Line 4,Pre-Production,High,18,2026-09-12,2026-09-20,2026-09-20,Completed,No,Ashen Rathnayake
SR-26-02311,ST-4469,Northline,Line 6,Salesman Sample (SMS),High,30,2026-09-14,2026-09-25,2026-09-21,Completed,No,Ashen Rathnayake
SR-26-02312,ST-4460,Velora,Line 1,Fit,Normal,5,2026-09-14,2026-09-20,2026-09-20,Completed,No,Kavindu Fernando
SR-26-02313,ST-4420,Aurelle,Line 6,Fit,Normal,6,2026-09-15,2026-09-21,2026-09-21,Completed,No,Nethmi Perera
SR-26-02314,ST-4409,Northline,Line 3,Pre-Production,Normal,22,2026-09-15,2026-09-23,2026-09-21,Completed,No,Ashen Rathnayake
SR-26-02315,ST-4511,Velora,Line 4,Proto,Normal,1,2026-09-15,2026-09-20,2026-09-18,Completed,No,Nethmi Perera
SR-26-02316,ST-4464,Aurelle,Line 5,Fit,Urgent,4,2026-09-15,2026-09-21,2026-10-01,Completed,No,Nethmi Perera
SR-26-02317,ST-4427,Aurelle,Line 6,Size Set,High,11,2026-09-15,2026-09-24,2026-09-25,Completed,No,Kavindu Fernando
SR-26-02318,ST-4448,Kindred,Line 6,Fit,High,3,2026-09-15,2026-09-22,2026-09-25,Completed,Yes,Ashen Rathnayake
SR-26-02319,ST-4419,Kindred,Line 4,Fit,High,6,2026-09-15,2026-09-22,2026-09-20,Completed,No,Kavindu Fernando
SR-26-02320,ST-4504,Aurelle,Line 4,Proto,Normal,3,2026-09-16,2026-09-22,2026-09-19,Completed,No,Sachini Silva
SR-26-02321,ST-4436,Aurelle,Line 1,Fit,Normal,2,2026-09-16,2026-09-23,,In Progress,No,Sachini Silva
SR-26-02322,ST-4509,Kindred,Line 1,Proto,Normal,2,2026-09-16,2026-09-22,2026-09-17,Completed,No,Kavindu Fernando
SR-26-02323,ST-4495,Aurelle,Line 5,Pre-Production,High,15,2026-09-16,2026-09-25,2026-09-24,Completed,No,Nethmi Perera
SR-26-02324,ST-4473,Lunaria,Line 1,Salesman Sample (SMS),High,39,2026-09-17,2026-09-26,,In Progress,No,Hiruni Gunasekara
SR-26-02325,ST-4446,Velora,Line 3,Size Set,Normal,10,2026-09-17,2026-09-24,,In Progress,No,Hiruni Gunasekara
SR-26-02326,ST-4401,Kindred,Line 6,Size Set,Normal,13,2026-09-18,2026-09-27,,In Progress,No,Sachini Silva
SR-26-02327,ST-4515,Kindred,Line 6,Fit,Normal,4,2026-09-18,2026-09-23,2026-09-24,Completed,No,Hiruni Gunasekara
SR-26-02328,ST-4411,Aurelle,Line 4,Pre-Production,Normal,12,2026-09-18,2026-09-27,,In Progress,No,Sachini Silva
SR-26-02329,ST-4474,Kindred,Line 4,Fit,Normal,2,2026-09-18,2026-09-25,,In Progress,No,Sachini Silva
SR-26-02330,ST-4409,Northline,Line 4,Fit,High,6,2026-09-18,2026-09-25,,In Progress,No,Sachini Silva
SR-26-02331,ST-4487,Northline,Line 2,Salesman Sample (SMS),Normal,49,2026-09-18,2026-09-27,,In Progress,No,Sachini Silva
SR-26-02332,ST-4443,Aurelle,Line 3,Fit,High,6,2026-09-18,2026-09-24,2026-09-22,Completed,No,Hiruni Gunasekara
SR-26-02333,ST-4490,Northline,Line 6,Size Set,Urgent,10,2026-09-19,2026-09-26,,In Progress,No,Hiruni Gunasekara
SR-26-02334,ST-4455,Velora,Line 3,Fit,High,5,2026-09-19,2026-09-24,2026-09-22,Completed,No,Dulani Jayasuriya
SR-26-02335,ST-4415,Aurelle,Line 1,Proto,High,2,2026-09-19,2026-09-24,2026-09-22,Completed,No,Nethmi Perera
SR-26-02336,ST-4437,Lunaria,Line 3,Proto,Normal,1,2026-09-19,2026-09-23,2026-09-24,Completed,No,Dulani Jayasuriya
SR-26-02337,ST-4486,Velora,Line 3,Pre-Production,Normal,15,2026-09-19,2026-09-29,,In Progress,No,Sachini Silva
SR-26-02338,ST-4444,Lunaria,Line 5,Size Set,Normal,13,2026-09-21,2026-09-30,,In Progress,No,Dulani Jayasuriya
SR-26-02339,ST-4436,Aurelle,Line 5,Fit,Normal,2,2026-09-21,2026-09-28,,In Progress,No,Ashen Rathnayake
SR-26-02340,ST-4515,Kindred,Line 3,Proto,Urgent,3,2026-09-21,2026-09-24,2026-09-23,Completed,No,Kavindu Fernando
SR-26-02341,ST-4422,Velora,Line 6,Proto,High,1,2026-09-21,2026-09-25,2026-09-25,Completed,No,Sachini Silva
SR-26-02342,ST-4504,Aurelle,Line 6,Size Set,Normal,7,2026-09-21,2026-09-28,2026-09-29,Completed,No,Ashen Rathnayake
SR-26-02343,ST-4426,Kindred,Line 5,Pre-Production,Normal,26,2026-09-21,2026-10-01,2026-10-01,Completed,No,Kavindu Fernando
SR-26-02344,ST-4434,Aurelle,Line 4,Proto,High,2,2026-09-22,2026-09-28,2026-09-25,Completed,No,Ashen Rathnayake
SR-26-02345,ST-4472,Northline,Line 6,Pre-Production,Normal,10,2026-09-22,2026-10-01,2026-10-01,Completed,No,Nethmi Perera
SR-26-02346,ST-4501,Aurelle,Line 6,Fit,Normal,4,2026-09-22,2026-09-27,2026-09-28,Completed,No,Kavindu Fernando
SR-26-02347,ST-4411,Aurelle,Line 4,Fit,High,4,2026-09-22,2026-09-29,,In Progress,No,Sachini Silva
SR-26-02348,ST-4413,Lunaria,Line 3,Proto,Normal,3,2026-09-22,2026-09-28,2026-09-24,Completed,No,Ashen Rathnayake
SR-26-02349,ST-4437,Lunaria,Line 5,Proto,Normal,1,2026-09-23,2026-09-27,2026-09-26,Completed,No,Nethmi Perera
SR-26-02350,ST-4405,Velora,Line 1,Salesman Sample (SMS),Normal,29,2026-09-23,2026-10-03,2026-10-01,Completed,No,Sachini Silva
SR-26-02351,ST-4419,Kindred,Line 4,Fit,Normal,6,2026-09-23,2026-09-28,,In Progress,No,Sachini Silva
SR-26-02352,ST-4495,Aurelle,Line 5,Proto,Normal,2,2026-09-23,2026-09-28,,In Progress,No,Ashen Rathnayake
SR-26-02353,ST-4489,Northline,Line 4,Size Set,Normal,12,2026-09-23,2026-10-02,,Rework,Yes,Hiruni Gunasekara
SR-26-02354,ST-4405,Velora,Line 5,Fit,Normal,5,2026-09-23,2026-09-29,2026-09-28,Completed,No,Hiruni Gunasekara
SR-26-02355,ST-4408,Velora,Line 2,Fit,Normal,4,2026-09-23,2026-09-28,2026-09-26,Completed,No,Dulani Jayasuriya
SR-26-02356,ST-4458,Aurelle,Line 6,Fit,High,4,2026-09-24,2026-09-29,2026-09-30,Completed,No,Kavindu Fernando
SR-26-02357,ST-4431,Kindred,Line 3,Size Set,Normal,12,2026-09-24,2026-10-03,2026-10-01,Completed,No,Sachini Silva
SR-26-02358,ST-4518,Northline,Line 3,Proto,Normal,3,2026-09-24,2026-09-29,2026-09-27,Completed,No,Sachini Silva
SR-26-02359,ST-4459,Lunaria,Line 2,Proto,Normal,3,2026-09-24,2026-09-29,2026-09-27,Completed,No,Kavindu Fernando
SR-26-02360,ST-4453,Lunaria,Line 6,Salesman Sample (SMS),High,24,2026-09-24,2026-10-03,2026-09-30,Completed,No,Kavindu Fernando
SR-26-02361,ST-4457,Kindred,Line 6,Pre-Production,Normal,23,2026-09-24,2026-10-03,,In Progress,No,Nethmi Perera
SR-26-02362,ST-4430,Lunaria,Line 2,Fit,High,5,2026-09-24,2026-10-01,,In Progress,No,Sachini Silva
SR-26-02363,ST-4516,Velora,Line 2,Fit,Normal,2,2026-09-24,2026-09-29,2026-10-01,Completed,Yes,Hiruni Gunasekara
SR-26-02364,ST-4492,Aurelle,Line 3,Proto,High,2,2026-09-25,2026-10-01,2026-09-30,Completed,No,Dulani Jayasuriya
SR-26-02365,ST-4478,Aurelle,Line 2,Fit,Normal,5,2026-09-25,2026-10-01,,In Progress,No,Sachini Silva
SR-26-02366,ST-4516,Velora,Line 4,Fit,Normal,2,2026-09-25,2026-10-01,2026-10-01,Completed,No,Kavindu Fernando
SR-26-02367,ST-4403,Aurelle,Line 5,Proto,Normal,3,2026-09-25,2026-09-30,2026-09-29,Completed,No,Dulani Jayasuriya
SR-26-02368,ST-4414,Aurelle,Line 1,Fit,High,4,2026-09-26,2026-10-02,2026-10-01,Completed,No,Nethmi Perera
SR-26-02369,ST-4449,Lunaria,Line 1,Fit,Normal,2,2026-09-26,2026-10-01,2026-10-02,Completed,No,Kavindu Fernando
SR-26-02370,ST-4471,Northline,Line 2,Proto,Urgent,2,2026-09-26,2026-09-30,,In Progress,No,Sachini Silva
SR-26-02371,ST-4426,Kindred,Line 4,Pre-Production,Normal,29,2026-09-26,2026-10-05,,QC,No,Hiruni Gunasekara
SR-26-02372,ST-4457,Kindred,Line 6,Proto,Normal,1,2026-09-26,2026-09-30,2026-09-29,Completed,No,Dulani Jayasuriya
SR-26-02373,ST-4514,Lunaria,Line 4,Fit,High,3,2026-09-26,2026-10-03,,In Progress,No,Ashen Rathnayake
SR-26-02374,ST-4442,Velora,Line 2,Salesman Sample (SMS),Normal,34,2026-09-26,2026-10-06,,QC,No,Kavindu Fernando
SR-26-02375,ST-4405,Velora,Line 1,Proto,Normal,3,2026-09-26,2026-10-01,,Approved,No,Ashen Rathnayake
SR-26-02376,ST-4442,Velora,Line 4,Pre-Production,Normal,17,2026-09-28,2026-10-07,,Approved,No,Ashen Rathnayake
SR-26-02377,ST-4419,Kindred,Line 1,Pre-Production,Normal,24,2026-09-28,2026-10-06,,In Progress,No,Ashen Rathnayake
SR-26-02378,ST-4512,Aurelle,Line 3,Pre-Production,Normal,21,2026-09-28,2026-10-07,,In Progress,No,Dulani Jayasuriya
SR-26-02379,ST-4503,Aurelle,Line 6,Size Set,Normal,7,2026-09-28,2026-10-07,,Approved,No,Sachini Silva
SR-26-02380,ST-4518,Northline,Line 1,Size Set,High,8,2026-09-28,2026-10-05,,In Progress,No,Kavindu Fernando
SR-26-02381,ST-4424,Kindred,Line 1,Pre-Production,Normal,27,2026-09-28,2026-10-08,,In Progress,No,Kavindu Fernando
SR-26-02382,ST-4436,Aurelle,Line 5,Salesman Sample (SMS),Normal,38,2026-09-28,2026-10-08,,In Progress,No,Ashen Rathnayake
SR-26-02383,ST-4413,Lunaria,Line 3,Fit,Normal,6,2026-09-29,2026-10-05,,QC,No,Sachini Silva
SR-26-02384,ST-4501,Aurelle,Line 2,Fit,Normal,3,2026-09-29,2026-10-05,,In Progress,No,Nethmi Perera
SR-26-02385,ST-4461,Kindred,Line 4,Fit,Normal,5,2026-09-29,2026-10-05,,QC,No,Dulani Jayasuriya
SR-26-02386,ST-4426,Kindred,Line 1,Size Set,Normal,19,2026-09-29,2026-10-06,,Approved,No,Nethmi Perera
SR-26-02387,ST-4483,Aurelle,Line 4,Proto,Urgent,3,2026-09-29,2026-10-03,2026-10-01,Completed,No,Ashen Rathnayake
SR-26-02388,ST-4417,Lunaria,Line 1,Size Set,Normal,17,2026-09-29,2026-10-08,,In Progress,No,Kavindu Fernando
SR-26-02389,ST-4468,Lunaria,Line 1,Fit,Normal,2,2026-09-29,2026-10-06,,QC,No,Hiruni Gunasekara
SR-26-02390,ST-4461,Kindred,Line 4,Fit,Normal,2,2026-09-30,2026-10-07,,Approved,No,Kavindu Fernando
SR-26-02391,ST-4439,Aurelle,Line 1,Fit,Normal,2,2026-09-30,2026-10-05,,In Progress,No,Dulani Jayasuriya
SR-26-02392,ST-4504,Aurelle,Line 5,Fit,Normal,6,2026-09-30,2026-10-05,,In Progress,No,Ashen Rathnayake
SR-26-02393,ST-4428,Aurelle,Line 5,Salesman Sample (SMS),Normal,46,2026-09-30,2026-10-09,,Submitted,No,Sachini Silva
SR-26-02394,ST-4424,Kindred,Line 5,Size Set,Normal,8,2026-10-01,2026-10-09,,Approved,No,Dulani Jayasuriya
SR-26-02395,ST-4475,Velora,Line 2,Proto,High,1,2026-10-01,2026-10-05,2026-10-02,Completed,No,Nethmi Perera
SR-26-02396,ST-4419,Kindred,Line 4,Size Set,Normal,10,2026-10-01,2026-10-10,,Approved,No,Sachini Silva
SR-26-02397,ST-4473,Lunaria,Line 5,Fit,Normal,5,2026-10-01,2026-10-08,,In Progress,No,Hiruni Gunasekara
SR-26-02398,ST-4448,Kindred,Line 3,Proto,High,1,2026-10-01,2026-10-05,,Approved,No,Nethmi Perera
SR-26-02399,ST-4407,Velora,Line 4,Proto,Normal,3,2026-10-01,2026-10-05,,In Progress,No,Sachini Silva
SR-26-02400,ST-4457,Kindred,Line 1,Proto,Normal,1,2026-10-01,2026-10-05,,In Progress,No,Kavindu Fernando
