History ID,Request,Old Status,New Status,Changed On,Changed By
SH-000001,SR-24-00001,Submitted,Approved,2024-10-02,Dulani Jayasuriya
SH-000002,SR-24-00001,Approved,In Progress,2024-10-03,Dulani Jayasuriya
SH-000003,SR-24-00001,In Progress,QC,2024-10-03,Dulani Jayasuriya
SH-000004,SR-24-00001,QC,Completed,2024-10-04,Dulani Jayasuriya
SH-000005,SR-24-00002,Submitted,Approved,2024-10-03,Sachini Silva
SH-000006,SR-24-00002,Approved,In Progress,2024-10-04,Sachini Silva
SH-000007,SR-24-00002,In Progress,QC,2024-10-05,Sachini Silva
SH-000008,SR-24-00002,QC,Completed,2024-10-07,Sachini Silva
SH-000009,SR-24-00003,Submitted,Approved,2024-10-02,Dulani Jayasuriya
SH-000010,SR-24-00003,Approved,In Progress,2024-10-04,Dulani Jayasuriya
SH-000011,SR-24-00003,In Progress,QC,2024-10-05,Dulani Jayasuriya
SH-000012,SR-24-00003,QC,Rework,2024-10-06,Dulani Jayasuriya
SH-000013,SR-24-00003,Rework,QC,2024-10-08,Dulani Jayasuriya
SH-000014,SR-24-00003,QC,Completed,2024-10-09,Dulani Jayasuriya
SH-000015,SR-24-00004,Submitted,Approved,2024-10-03,Hiruni Gunasekara
SH-000016,SR-24-00004,Approved,In Progress,2024-10-05,Hiruni Gunasekara
SH-000017,SR-24-00004,In Progress,QC,2024-10-06,Hiruni Gunasekara
SH-000018,SR-24-00004,QC,Completed,2024-10-08,Hiruni Gunasekara
SH-000019,SR-24-00005,Submitted,Approved,2024-10-02,Dulani Jayasuriya
SH-000020,SR-24-00005,Approved,In Progress,2024-10-03,Dulani Jayasuriya
SH-000021,SR-24-00005,In Progress,QC,2024-10-04,Dulani Jayasuriya
SH-000022,SR-24-00005,QC,Completed,2024-10-04,Dulani Jayasuriya
SH-000023,SR-24-00006,Submitted,Approved,2024-10-03,Nethmi Perera
SH-000024,SR-24-00006,Approved,In Progress,2024-10-04,Nethmi Perera
SH-000025,SR-24-00006,In Progress,QC,2024-10-05,Nethmi Perera
SH-000026,SR-24-00006,QC,Completed,2024-10-06,Nethmi Perera
SH-000027,SR-24-00007,Submitted,Approved,2024-10-03,Ashen Rathnayake
SH-000028,SR-24-00007,Approved,In Progress,2024-10-04,Ashen Rathnayake
SH-000029,SR-24-00007,In Progress,QC,2024-10-05,Ashen Rathnayake
SH-000030,SR-24-00007,QC,Completed,2024-10-05,Ashen Rathnayake
SH-000031,SR-24-00008,Submitted,Approved,2024-10-04,Dulani Jayasuriya
SH-000032,SR-24-00008,Approved,In Progress,2024-10-05,Dulani Jayasuriya
SH-000033,SR-24-00008,In Progress,QC,2024-10-06,Dulani Jayasuriya
SH-000034,SR-24-00008,QC,Completed,2024-10-07,Dulani Jayasuriya
SH-000035,SR-24-00009,Submitted,Approved,2024-10-05,Ashen Rathnayake
SH-000036,SR-24-00009,Approved,In Progress,2024-10-06,Ashen Rathnayake
SH-000037,SR-24-00009,In Progress,QC,2024-10-08,Ashen Rathnayake
SH-000038,SR-24-00009,QC,Completed,2024-10-09,Ashen Rathnayake
SH-000039,SR-24-00010,Submitted,Approved,2024-10-05,Dulani Jayasuriya
SH-000040,SR-24-00010,Approved,In Progress,2024-10-06,Dulani Jayasuriya
SH-000041,SR-24-00010,In Progress,QC,2024-10-06,Dulani Jayasuriya
SH-000042,SR-24-00010,QC,Completed,2024-10-07,Dulani Jayasuriya
SH-000043,SR-24-00011,Submitted,Approved,2024-10-04,Ashen Rathnayake
SH-000044,SR-24-00011,Approved,In Progress,2024-10-04,Ashen Rathnayake
SH-000045,SR-24-00011,In Progress,QC,2024-10-05,Ashen Rathnayake
SH-000046,SR-24-00011,QC,Completed,2024-10-05,Ashen Rathnayake
SH-000047,SR-24-00012,Submitted,Approved,2024-10-05,Nethmi Perera
SH-000048,SR-24-00012,Approved,In Progress,2024-10-06,Nethmi Perera
SH-000049,SR-24-00012,In Progress,QC,2024-10-06,Nethmi Perera
SH-000050,SR-24-00012,QC,Completed,2024-10-07,Nethmi Perera
SH-000051,SR-24-00013,Submitted,Approved,2024-10-05,Sachini Silva
SH-000052,SR-24-00013,Approved,In Progress,2024-10-06,Sachini Silva
SH-000053,SR-24-00013,In Progress,QC,2024-10-06,Sachini Silva
SH-000054,SR-24-00013,QC,Completed,2024-10-07,Sachini Silva
SH-000055,SR-24-00014,Submitted,Approved,2024-10-06,Ashen Rathnayake
SH-000056,SR-24-00014,Approved,In Progress,2024-10-07,Ashen Rathnayake
SH-000057,SR-24-00014,In Progress,QC,2024-10-08,Ashen Rathnayake
SH-000058,SR-24-00014,QC,Completed,2024-10-10,Ashen Rathnayake
SH-000059,SR-24-00015,Submitted,Approved,2024-10-06,Kavindu Fernando
SH-000060,SR-24-00015,Approved,In Progress,2024-10-08,Kavindu Fernando
SH-000061,SR-24-00015,In Progress,QC,2024-10-09,Kavindu Fernando
SH-000062,SR-24-00015,QC,Completed,2024-10-11,Kavindu Fernando
SH-000063,SR-24-00016,Submitted,Approved,2024-10-09,Dulani Jayasuriya
SH-000064,SR-24-00016,Approved,In Progress,2024-10-10,Dulani Jayasuriya
SH-000065,SR-24-00016,In Progress,QC,2024-10-11,Dulani Jayasuriya
SH-000066,SR-24-00016,QC,Completed,2024-10-13,Dulani Jayasuriya
SH-000067,SR-24-00017,Submitted,Approved,2024-10-08,Nethmi Perera
SH-000068,SR-24-00017,Approved,In Progress,2024-10-09,Nethmi Perera
SH-000069,SR-24-00017,In Progress,QC,2024-10-11,Nethmi Perera
SH-000070,SR-24-00017,QC,Completed,2024-10-12,Nethmi Perera
SH-000071,SR-24-00018,Submitted,Approved,2024-10-09,Ashen Rathnayake
SH-000072,SR-24-00018,Approved,In Progress,2024-10-10,Ashen Rathnayake
SH-000073,SR-24-00018,In Progress,QC,2024-10-12,Ashen Rathnayake
SH-000074,SR-24-00018,QC,Completed,2024-10-13,Ashen Rathnayake
SH-000075,SR-24-00019,Submitted,Approved,2024-10-09,Hiruni Gunasekara
SH-000076,SR-24-00019,Approved,In Progress,2024-10-10,Hiruni Gunasekara
SH-000077,SR-24-00019,In Progress,QC,2024-10-11,Hiruni Gunasekara
SH-000078,SR-24-00019,QC,Completed,2024-10-12,Hiruni Gunasekara
SH-000079,SR-24-00020,Submitted,Approved,2024-10-11,Nethmi Perera
SH-000080,SR-24-00020,Approved,In Progress,2024-10-13,Nethmi Perera
SH-000081,SR-24-00020,In Progress,QC,2024-10-15,Nethmi Perera
SH-000082,SR-24-00020,QC,Completed,2024-10-17,Nethmi Perera
SH-000083,SR-24-00021,Submitted,Approved,2024-10-10,Dulani Jayasuriya
SH-000084,SR-24-00021,Approved,In Progress,2024-10-11,Dulani Jayasuriya
SH-000085,SR-24-00021,In Progress,QC,2024-10-13,Dulani Jayasuriya
SH-000086,SR-24-00021,QC,Completed,2024-10-14,Dulani Jayasuriya
SH-000087,SR-24-00022,Submitted,Approved,2024-10-10,Ashen Rathnayake
SH-000088,SR-24-00022,Approved,In Progress,2024-10-11,Ashen Rathnayake
SH-000089,SR-24-00022,In Progress,QC,2024-10-12,Ashen Rathnayake
SH-000090,SR-24-00022,QC,Completed,2024-10-13,Ashen Rathnayake
SH-000091,SR-24-00023,Submitted,Approved,2024-10-11,Kavindu Fernando
SH-000092,SR-24-00023,Approved,In Progress,2024-10-12,Kavindu Fernando
SH-000093,SR-24-00023,In Progress,QC,2024-10-12,Kavindu Fernando
SH-000094,SR-24-00023,QC,Completed,2024-10-13,Kavindu Fernando
SH-000095,SR-24-00024,Submitted,Approved,2024-10-11,Kavindu Fernando
SH-000096,SR-24-00024,Approved,In Progress,2024-10-12,Kavindu Fernando
SH-000097,SR-24-00024,In Progress,QC,2024-10-12,Kavindu Fernando
SH-000098,SR-24-00024,QC,Completed,2024-10-13,Kavindu Fernando
SH-000099,SR-24-00025,Submitted,Approved,2024-10-11,Sachini Silva
SH-000100,SR-24-00025,Approved,In Progress,2024-10-12,Sachini Silva
SH-000101,SR-24-00025,In Progress,QC,2024-10-13,Sachini Silva
SH-000102,SR-24-00025,QC,Completed,2024-10-14,Sachini Silva
SH-000103,SR-24-00026,Submitted,Approved,2024-10-10,Sachini Silva
SH-000104,SR-24-00026,Approved,In Progress,2024-10-11,Sachini Silva
SH-000105,SR-24-00026,In Progress,QC,2024-10-12,Sachini Silva
SH-000106,SR-24-00026,QC,Completed,2024-10-12,Sachini Silva
SH-000107,SR-24-00027,Submitted,Approved,2024-10-12,Sachini Silva
SH-000108,SR-24-00027,Approved,In Progress,2024-10-13,Sachini Silva
SH-000109,SR-24-00027,In Progress,QC,2024-10-15,Sachini Silva
SH-000110,SR-24-00027,QC,Completed,2024-10-16,Sachini Silva
SH-000111,SR-24-00028,Submitted,Approved,2024-10-12,Sachini Silva
SH-000112,SR-24-00028,Approved,In Progress,2024-10-13,Sachini Silva
SH-000113,SR-24-00028,In Progress,QC,2024-10-14,Sachini Silva
SH-000114,SR-24-00028,QC,Completed,2024-10-14,Sachini Silva
SH-000115,SR-24-00029,Submitted,Approved,2024-10-14,Nethmi Perera
SH-000116,SR-24-00029,Approved,In Progress,2024-10-15,Nethmi Perera
SH-000117,SR-24-00029,In Progress,QC,2024-10-16,Nethmi Perera
SH-000118,SR-24-00029,QC,Completed,2024-10-18,Nethmi Perera
SH-000119,SR-24-00030,Submitted,Approved,2024-10-16,Kavindu Fernando
SH-000120,SR-24-00030,Approved,In Progress,2024-10-18,Kavindu Fernando
SH-000121,SR-24-00030,In Progress,QC,2024-10-21,Kavindu Fernando
SH-000122,SR-24-00030,QC,Completed,2024-10-23,Kavindu Fernando
SH-000123,SR-24-00031,Submitted,Approved,2024-10-15,Nethmi Perera
SH-000124,SR-24-00031,Approved,In Progress,2024-10-16,Nethmi Perera
SH-000125,SR-24-00031,In Progress,QC,2024-10-17,Nethmi Perera
SH-000126,SR-24-00031,QC,Completed,2024-10-18,Nethmi Perera
SH-000127,SR-24-00032,Submitted,Approved,2024-10-15,Kavindu Fernando
SH-000128,SR-24-00032,Approved,In Progress,2024-10-16,Kavindu Fernando
SH-000129,SR-24-00032,In Progress,QC,2024-10-18,Kavindu Fernando
SH-000130,SR-24-00032,QC,Completed,2024-10-19,Kavindu Fernando
SH-000131,SR-24-00033,Submitted,Approved,2024-10-16,Nethmi Perera
SH-000132,SR-24-00033,Approved,In Progress,2024-10-18,Nethmi Perera
SH-000133,SR-24-00033,In Progress,QC,2024-10-20,Nethmi Perera
SH-000134,SR-24-00033,QC,Completed,2024-10-22,Nethmi Perera
SH-000135,SR-24-00034,Submitted,Approved,2024-10-16,Nethmi Perera
SH-000136,SR-24-00034,Approved,In Progress,2024-10-18,Nethmi Perera
SH-000137,SR-24-00034,In Progress,QC,2024-10-20,Nethmi Perera
SH-000138,SR-24-00034,QC,Rework,2024-10-23,Nethmi Perera
SH-000139,SR-24-00034,Rework,QC,2024-10-25,Nethmi Perera
SH-000140,SR-24-00034,QC,Completed,2024-10-27,Nethmi Perera
SH-000141,SR-24-00035,Submitted,Approved,2024-10-15,Kavindu Fernando
SH-000142,SR-24-00035,Approved,In Progress,2024-10-16,Kavindu Fernando
SH-000143,SR-24-00035,In Progress,QC,2024-10-17,Kavindu Fernando
SH-000144,SR-24-00035,QC,Completed,2024-10-17,Kavindu Fernando
SH-000145,SR-24-00036,Submitted,Approved,2024-10-17,Kavindu Fernando
SH-000146,SR-24-00036,Approved,In Progress,2024-10-18,Kavindu Fernando
SH-000147,SR-24-00036,In Progress,QC,2024-10-19,Kavindu Fernando
SH-000148,SR-24-00036,QC,Completed,2024-10-21,Kavindu Fernando
SH-000149,SR-24-00037,Submitted,Approved,2024-10-16,Nethmi Perera
SH-000150,SR-24-00037,Approved,In Progress,2024-10-16,Nethmi Perera
SH-000151,SR-24-00037,In Progress,QC,2024-10-17,Nethmi Perera
SH-000152,SR-24-00037,QC,Completed,2024-10-17,Nethmi Perera
SH-000153,SR-24-00038,Submitted,Approved,2024-10-17,Hiruni Gunasekara
SH-000154,SR-24-00038,Approved,In Progress,2024-10-18,Hiruni Gunasekara
SH-000155,SR-24-00038,In Progress,QC,2024-10-19,Hiruni Gunasekara
SH-000156,SR-24-00038,QC,Completed,2024-10-20,Hiruni Gunasekara
SH-000157,SR-24-00039,Submitted,Approved,2024-10-17,Sachini Silva
SH-000158,SR-24-00039,Approved,In Progress,2024-10-18,Sachini Silva
SH-000159,SR-24-00039,In Progress,QC,2024-10-18,Sachini Silva
SH-000160,SR-24-00039,QC,Completed,2024-10-19,Sachini Silva
SH-000161,SR-24-00040,Submitted,Approved,2024-10-17,Hiruni Gunasekara
SH-000162,SR-24-00040,Approved,In Progress,2024-10-18,Hiruni Gunasekara
SH-000163,SR-24-00040,In Progress,QC,2024-10-19,Hiruni Gunasekara
SH-000164,SR-24-00040,QC,Completed,2024-10-19,Hiruni Gunasekara
SH-000165,SR-24-00041,Submitted,Approved,2024-10-20,Nethmi Perera
SH-000166,SR-24-00041,Approved,In Progress,2024-10-21,Nethmi Perera
SH-000167,SR-24-00041,In Progress,QC,2024-10-22,Nethmi Perera
SH-000168,SR-24-00041,QC,Completed,2024-10-24,Nethmi Perera
SH-000169,SR-24-00042,Submitted,Approved,2024-10-18,Dulani Jayasuriya
SH-000170,SR-24-00042,Approved,In Progress,2024-10-19,Dulani Jayasuriya
SH-000171,SR-24-00042,In Progress,QC,2024-10-20,Dulani Jayasuriya
SH-000172,SR-24-00042,QC,Completed,2024-10-20,Dulani Jayasuriya
SH-000173,SR-24-00043,Submitted,Approved,2024-10-20,Ashen Rathnayake
SH-000174,SR-24-00043,Approved,In Progress,2024-10-21,Ashen Rathnayake
SH-000175,SR-24-00043,In Progress,QC,2024-10-22,Ashen Rathnayake
SH-000176,SR-24-00043,QC,Completed,2024-10-24,Ashen Rathnayake
SH-000177,SR-24-00044,Submitted,Approved,2024-10-19,Dulani Jayasuriya
SH-000178,SR-24-00044,Approved,In Progress,2024-10-20,Dulani Jayasuriya
SH-000179,SR-24-00044,In Progress,QC,2024-10-21,Dulani Jayasuriya
SH-000180,SR-24-00044,QC,Completed,2024-10-21,Dulani Jayasuriya
SH-000181,SR-24-00045,Submitted,Approved,2024-10-21,Hiruni Gunasekara
SH-000182,SR-24-00045,Approved,In Progress,2024-10-22,Hiruni Gunasekara
SH-000183,SR-24-00045,In Progress,QC,2024-10-23,Hiruni Gunasekara
SH-000184,SR-24-00045,QC,Completed,2024-10-25,Hiruni Gunasekara
SH-000185,SR-24-00046,Submitted,Approved,2024-10-20,Ashen Rathnayake
SH-000186,SR-24-00046,Approved,In Progress,2024-10-21,Ashen Rathnayake
SH-000187,SR-24-00046,In Progress,QC,2024-10-23,Ashen Rathnayake
SH-000188,SR-24-00046,QC,Completed,2024-10-24,Ashen Rathnayake
SH-000189,SR-24-00047,Submitted,Approved,2024-10-22,Dulani Jayasuriya
SH-000190,SR-24-00047,Approved,In Progress,2024-10-23,Dulani Jayasuriya
SH-000191,SR-24-00047,In Progress,QC,2024-10-23,Dulani Jayasuriya
SH-000192,SR-24-00047,QC,Completed,2024-10-24,Dulani Jayasuriya
SH-000193,SR-24-00048,Submitted,Approved,2024-10-22,Ashen Rathnayake
SH-000194,SR-24-00048,Approved,In Progress,2024-10-23,Ashen Rathnayake
SH-000195,SR-24-00048,In Progress,QC,2024-10-23,Ashen Rathnayake
SH-000196,SR-24-00048,QC,Completed,2024-10-24,Ashen Rathnayake
SH-000197,SR-24-00049,Submitted,Approved,2024-10-22,Kavindu Fernando
SH-000198,SR-24-00049,Approved,In Progress,2024-10-23,Kavindu Fernando
SH-000199,SR-24-00049,In Progress,QC,2024-10-25,Kavindu Fernando
SH-000200,SR-24-00049,QC,Completed,2024-10-26,Kavindu Fernando
SH-000201,SR-24-00050,Submitted,Approved,2024-10-23,Sachini Silva
SH-000202,SR-24-00050,Approved,In Progress,2024-10-25,Sachini Silva
SH-000203,SR-24-00050,In Progress,QC,2024-10-28,Sachini Silva
SH-000204,SR-24-00050,QC,Completed,2024-10-30,Sachini Silva
SH-000205,SR-24-00051,Submitted,Approved,2024-10-24,Kavindu Fernando
SH-000206,SR-24-00051,Approved,In Progress,2024-10-25,Kavindu Fernando
SH-000207,SR-24-00051,In Progress,QC,2024-10-26,Kavindu Fernando
SH-000208,SR-24-00051,QC,Completed,2024-10-28,Kavindu Fernando
SH-000209,SR-24-00052,Submitted,Approved,2024-10-24,Dulani Jayasuriya
SH-000210,SR-24-00052,Approved,In Progress,2024-10-25,Dulani Jayasuriya
SH-000211,SR-24-00052,In Progress,QC,2024-10-26,Dulani Jayasuriya
SH-000212,SR-24-00052,QC,Completed,2024-10-28,Dulani Jayasuriya
SH-000213,SR-24-00053,Submitted,Approved,2024-10-23,Ashen Rathnayake
SH-000214,SR-24-00053,Approved,In Progress,2024-10-24,Ashen Rathnayake
SH-000215,SR-24-00053,In Progress,QC,2024-10-26,Ashen Rathnayake
SH-000216,SR-24-00053,QC,Completed,2024-10-27,Ashen Rathnayake
SH-000217,SR-24-00054,Submitted,Approved,2024-10-24,Dulani Jayasuriya
SH-000218,SR-24-00054,Approved,In Progress,2024-10-25,Dulani Jayasuriya
SH-000219,SR-24-00054,In Progress,QC,2024-10-25,Dulani Jayasuriya
SH-000220,SR-24-00054,QC,Completed,2024-10-26,Dulani Jayasuriya
SH-000221,SR-24-00055,Submitted,Approved,2024-10-25,Ashen Rathnayake
SH-000222,SR-24-00055,Approved,In Progress,2024-10-26,Ashen Rathnayake
SH-000223,SR-24-00055,In Progress,QC,2024-10-27,Ashen Rathnayake
SH-000224,SR-24-00055,QC,Completed,2024-10-29,Ashen Rathnayake
SH-000225,SR-24-00056,Submitted,Approved,2024-10-23,Sachini Silva
SH-000226,SR-24-00056,Approved,In Progress,2024-10-24,Sachini Silva
SH-000227,SR-24-00056,In Progress,QC,2024-10-25,Sachini Silva
SH-000228,SR-24-00056,QC,Completed,2024-10-25,Sachini Silva
SH-000229,SR-24-00057,Submitted,Approved,2024-10-25,Nethmi Perera
SH-000230,SR-24-00057,Approved,In Progress,2024-10-26,Nethmi Perera
SH-000231,SR-24-00057,In Progress,QC,2024-10-28,Nethmi Perera
SH-000232,SR-24-00057,QC,Completed,2024-10-29,Nethmi Perera
SH-000233,SR-24-00058,Submitted,Approved,2024-10-27,Sachini Silva
SH-000234,SR-24-00058,Approved,In Progress,2024-10-29,Sachini Silva
SH-000235,SR-24-00058,In Progress,QC,2024-10-31,Sachini Silva
SH-000236,SR-24-00058,QC,Completed,2024-11-02,Sachini Silva
SH-000237,SR-24-00059,Submitted,Approved,2024-10-27,Kavindu Fernando
SH-000238,SR-24-00059,Approved,In Progress,2024-10-28,Kavindu Fernando
SH-000239,SR-24-00059,In Progress,QC,2024-10-29,Kavindu Fernando
SH-000240,SR-24-00059,QC,Completed,2024-10-31,Kavindu Fernando
SH-000241,SR-24-00060,Submitted,Approved,2024-10-26,Hiruni Gunasekara
SH-000242,SR-24-00060,Approved,In Progress,2024-10-27,Hiruni Gunasekara
SH-000243,SR-24-00060,In Progress,QC,2024-10-29,Hiruni Gunasekara
SH-000244,SR-24-00060,QC,Completed,2024-10-30,Hiruni Gunasekara
SH-000245,SR-24-00061,Submitted,Approved,2024-10-27,Sachini Silva
SH-000246,SR-24-00061,Approved,In Progress,2024-10-28,Sachini Silva
SH-000247,SR-24-00061,In Progress,QC,2024-10-28,Sachini Silva
SH-000248,SR-24-00061,QC,Completed,2024-10-29,Sachini Silva
SH-000249,SR-24-00062,Submitted,Approved,2024-10-28,Dulani Jayasuriya
SH-000250,SR-24-00062,Approved,In Progress,2024-10-30,Dulani Jayasuriya
SH-000251,SR-24-00062,In Progress,QC,2024-11-01,Dulani Jayasuriya
SH-000252,SR-24-00062,QC,Completed,2024-11-03,Dulani Jayasuriya
SH-000253,SR-24-00063,Submitted,Approved,2024-10-27,Nethmi Perera
SH-000254,SR-24-00063,Approved,In Progress,2024-10-28,Nethmi Perera
SH-000255,SR-24-00063,In Progress,QC,2024-10-30,Nethmi Perera
SH-000256,SR-24-00063,QC,Completed,2024-10-31,Nethmi Perera
SH-000257,SR-24-00064,Submitted,Approved,2024-10-27,Nethmi Perera
SH-000258,SR-24-00064,Approved,In Progress,2024-10-28,Nethmi Perera
SH-000259,SR-24-00064,In Progress,QC,2024-10-30,Nethmi Perera
SH-000260,SR-24-00064,QC,Completed,2024-10-31,Nethmi Perera
SH-000261,SR-24-00065,Submitted,Approved,2024-10-26,Sachini Silva
SH-000262,SR-24-00065,Approved,In Progress,2024-10-27,Sachini Silva
SH-000263,SR-24-00065,In Progress,QC,2024-10-28,Sachini Silva
SH-000264,SR-24-00065,QC,Completed,2024-10-28,Sachini Silva
SH-000265,SR-24-00066,Submitted,Approved,2024-10-30,Nethmi Perera
SH-000266,SR-24-00066,Approved,In Progress,2024-10-31,Nethmi Perera
SH-000267,SR-24-00066,In Progress,QC,2024-11-01,Nethmi Perera
SH-000268,SR-24-00066,QC,Completed,2024-11-03,Nethmi Perera
SH-000269,SR-24-00067,Submitted,Approved,2024-10-30,Nethmi Perera
SH-000270,SR-24-00067,Approved,In Progress,2024-11-01,Nethmi Perera
SH-000271,SR-24-00067,In Progress,QC,2024-11-03,Nethmi Perera
SH-000272,SR-24-00067,QC,Completed,2024-11-05,Nethmi Perera
SH-000273,SR-24-00068,Submitted,Approved,2024-10-29,Ashen Rathnayake
SH-000274,SR-24-00068,Approved,In Progress,2024-10-30,Ashen Rathnayake
SH-000275,SR-24-00068,In Progress,QC,2024-10-31,Ashen Rathnayake
SH-000276,SR-24-00068,QC,Completed,2024-11-01,Ashen Rathnayake
SH-000277,SR-24-00069,Submitted,Approved,2024-10-30,Ashen Rathnayake
SH-000278,SR-24-00069,Approved,In Progress,2024-10-31,Ashen Rathnayake
SH-000279,SR-24-00069,In Progress,QC,2024-11-01,Ashen Rathnayake
SH-000280,SR-24-00069,QC,Completed,2024-11-03,Ashen Rathnayake
SH-000281,SR-24-00070,Submitted,Approved,2024-10-28,Sachini Silva
SH-000282,SR-24-00070,Approved,In Progress,2024-10-29,Sachini Silva
SH-000283,SR-24-00070,In Progress,QC,2024-10-30,Sachini Silva
SH-000284,SR-24-00070,QC,Completed,2024-10-30,Sachini Silva
SH-000285,SR-24-00071,Submitted,Approved,2024-10-31,Sachini Silva
SH-000286,SR-24-00071,Approved,In Progress,2024-11-02,Sachini Silva
SH-000287,SR-24-00071,In Progress,QC,2024-11-05,Sachini Silva
SH-000288,SR-24-00071,QC,Completed,2024-11-07,Sachini Silva
SH-000289,SR-24-00072,Submitted,Approved,2024-10-30,Ashen Rathnayake
SH-000290,SR-24-00072,Approved,In Progress,2024-10-31,Ashen Rathnayake
SH-000291,SR-24-00072,In Progress,QC,2024-11-02,Ashen Rathnayake
SH-000292,SR-24-00072,QC,Completed,2024-11-03,Ashen Rathnayake
SH-000293,SR-24-00073,Submitted,Approved,2024-11-01,Dulani Jayasuriya
SH-000294,SR-24-00073,Approved,In Progress,2024-11-03,Dulani Jayasuriya
SH-000295,SR-24-00073,In Progress,QC,2024-11-05,Dulani Jayasuriya
SH-000296,SR-24-00073,QC,Rework,2024-11-07,Dulani Jayasuriya
SH-000297,SR-24-00073,Rework,QC,2024-11-09,Dulani Jayasuriya
SH-000298,SR-24-00073,QC,Completed,2024-11-11,Dulani Jayasuriya
SH-000299,SR-24-00074,Submitted,Approved,2024-10-31,Hiruni Gunasekara
SH-000300,SR-24-00074,Approved,In Progress,2024-11-01,Hiruni Gunasekara
SH-000301,SR-24-00074,In Progress,QC,2024-11-03,Hiruni Gunasekara
SH-000302,SR-24-00074,QC,Completed,2024-11-04,Hiruni Gunasekara
SH-000303,SR-24-00075,Submitted,Approved,2024-10-31,Kavindu Fernando
SH-000304,SR-24-00075,Approved,In Progress,2024-11-01,Kavindu Fernando
SH-000305,SR-24-00075,In Progress,QC,2024-11-03,Kavindu Fernando
SH-000306,SR-24-00075,QC,Rework,2024-11-04,Kavindu Fernando
SH-000307,SR-24-00075,Rework,QC,2024-11-05,Kavindu Fernando
SH-000308,SR-24-00075,QC,Completed,2024-11-06,Kavindu Fernando
SH-000309,SR-24-00076,Submitted,Approved,2024-11-01,Hiruni Gunasekara
SH-000310,SR-24-00076,Approved,In Progress,2024-11-03,Hiruni Gunasekara
SH-000311,SR-24-00076,In Progress,QC,2024-11-04,Hiruni Gunasekara
SH-000312,SR-24-00076,QC,Completed,2024-11-06,Hiruni Gunasekara
SH-000313,SR-24-00077,Submitted,Approved,2024-11-01,Nethmi Perera
SH-000314,SR-24-00077,Approved,In Progress,2024-11-03,Nethmi Perera
SH-000315,SR-24-00077,In Progress,QC,2024-11-04,Nethmi Perera
SH-000316,SR-24-00077,QC,Completed,2024-11-06,Nethmi Perera
SH-000317,SR-24-00078,Submitted,Approved,2024-10-31,Ashen Rathnayake
SH-000318,SR-24-00078,Approved,In Progress,2024-11-01,Ashen Rathnayake
SH-000319,SR-24-00078,In Progress,QC,2024-11-02,Ashen Rathnayake
SH-000320,SR-24-00078,QC,Completed,2024-11-03,Ashen Rathnayake
SH-000321,SR-24-00079,Submitted,Approved,2024-11-01,Nethmi Perera
SH-000322,SR-24-00079,Approved,In Progress,2024-11-02,Nethmi Perera
SH-000323,SR-24-00079,In Progress,QC,2024-11-02,Nethmi Perera
SH-000324,SR-24-00079,QC,Completed,2024-11-03,Nethmi Perera
SH-000325,SR-24-00080,Submitted,Approved,2024-11-02,Ashen Rathnayake
SH-000326,SR-24-00080,Approved,In Progress,2024-11-03,Ashen Rathnayake
SH-000327,SR-24-00080,In Progress,QC,2024-11-04,Ashen Rathnayake
SH-000328,SR-24-00080,QC,Completed,2024-11-06,Ashen Rathnayake
SH-000329,SR-24-00081,Submitted,Approved,2024-10-31,Nethmi Perera
SH-000330,SR-24-00081,Approved,In Progress,2024-11-01,Nethmi Perera
SH-000331,SR-24-00081,In Progress,QC,2024-11-02,Nethmi Perera
SH-000332,SR-24-00081,QC,Completed,2024-11-02,Nethmi Perera
SH-000333,SR-24-00082,Submitted,Approved,2024-11-02,Kavindu Fernando
SH-000334,SR-24-00082,Approved,In Progress,2024-11-03,Kavindu Fernando
SH-000335,SR-24-00082,In Progress,QC,2024-11-04,Kavindu Fernando
SH-000336,SR-24-00082,QC,Completed,2024-11-05,Kavindu Fernando
SH-000337,SR-24-00083,Submitted,Approved,2024-11-02,Hiruni Gunasekara
SH-000338,SR-24-00083,Approved,In Progress,2024-11-03,Hiruni Gunasekara
SH-000339,SR-24-00083,In Progress,QC,2024-11-05,Hiruni Gunasekara
SH-000340,SR-24-00083,QC,Completed,2024-11-06,Hiruni Gunasekara
SH-000341,SR-24-00084,Submitted,Approved,2024-11-02,Dulani Jayasuriya
SH-000342,SR-24-00084,Approved,In Progress,2024-11-03,Dulani Jayasuriya
SH-000343,SR-24-00084,In Progress,QC,2024-11-04,Dulani Jayasuriya
SH-000344,SR-24-00084,QC,Completed,2024-11-05,Dulani Jayasuriya
SH-000345,SR-24-00085,Submitted,Approved,2024-11-02,Sachini Silva
SH-000346,SR-24-00085,Approved,In Progress,2024-11-02,Sachini Silva
SH-000347,SR-24-00085,In Progress,QC,2024-11-03,Sachini Silva
SH-000348,SR-24-00085,QC,Completed,2024-11-03,Sachini Silva
SH-000349,SR-24-00086,Submitted,Approved,2024-11-02,Kavindu Fernando
SH-000350,SR-24-00086,Approved,In Progress,2024-11-02,Kavindu Fernando
SH-000351,SR-24-00086,In Progress,QC,2024-11-03,Kavindu Fernando
SH-000352,SR-24-00086,QC,Completed,2024-11-03,Kavindu Fernando
SH-000353,SR-24-00087,Submitted,Approved,2024-11-02,Sachini Silva
SH-000354,SR-24-00087,Approved,In Progress,2024-11-03,Sachini Silva
SH-000355,SR-24-00087,In Progress,QC,2024-11-04,Sachini Silva
SH-000356,SR-24-00087,QC,Completed,2024-11-04,Sachini Silva
SH-000357,SR-24-00088,Submitted,Approved,2024-11-03,Dulani Jayasuriya
SH-000358,SR-24-00088,Approved,In Progress,2024-11-04,Dulani Jayasuriya
SH-000359,SR-24-00088,In Progress,QC,2024-11-06,Dulani Jayasuriya
SH-000360,SR-24-00088,QC,Completed,2024-11-07,Dulani Jayasuriya
SH-000361,SR-24-00089,Submitted,Approved,2024-11-03,Nethmi Perera
SH-000362,SR-24-00089,Approved,In Progress,2024-11-04,Nethmi Perera
SH-000363,SR-24-00089,In Progress,QC,2024-11-04,Nethmi Perera
SH-000364,SR-24-00089,QC,Completed,2024-11-05,Nethmi Perera
SH-000365,SR-24-00090,Submitted,Approved,2024-11-05,Kavindu Fernando
SH-000366,SR-24-00090,Approved,In Progress,2024-11-06,Kavindu Fernando
SH-000367,SR-24-00090,In Progress,QC,2024-11-07,Kavindu Fernando
SH-000368,SR-24-00090,QC,Completed,2024-11-08,Kavindu Fernando
SH-000369,SR-24-00091,Submitted,Approved,2024-11-06,Hiruni Gunasekara
SH-000370,SR-24-00091,Approved,In Progress,2024-11-08,Hiruni Gunasekara
SH-000371,SR-24-00091,In Progress,QC,2024-11-10,Hiruni Gunasekara
SH-000372,SR-24-00091,QC,Completed,2024-11-12,Hiruni Gunasekara
SH-000373,SR-24-00092,Submitted,Approved,2024-11-04,Hiruni Gunasekara
SH-000374,SR-24-00092,Approved,In Progress,2024-11-04,Hiruni Gunasekara
SH-000375,SR-24-00092,In Progress,QC,2024-11-05,Hiruni Gunasekara
SH-000376,SR-24-00092,QC,Completed,2024-11-05,Hiruni Gunasekara
SH-000377,SR-24-00093,Submitted,Approved,2024-11-05,Nethmi Perera
SH-000378,SR-24-00093,Approved,In Progress,2024-11-06,Nethmi Perera
SH-000379,SR-24-00093,In Progress,QC,2024-11-08,Nethmi Perera
SH-000380,SR-24-00093,QC,Completed,2024-11-09,Nethmi Perera
SH-000381,SR-24-00094,Submitted,Approved,2024-11-06,Ashen Rathnayake
SH-000382,SR-24-00094,Approved,In Progress,2024-11-08,Ashen Rathnayake
SH-000383,SR-24-00094,In Progress,QC,2024-11-10,Ashen Rathnayake
SH-000384,SR-24-00094,QC,Completed,2024-11-12,Ashen Rathnayake
SH-000385,SR-24-00095,Submitted,Approved,2024-11-05,Nethmi Perera
SH-000386,SR-24-00095,Approved,In Progress,2024-11-06,Nethmi Perera
SH-000387,SR-24-00095,In Progress,QC,2024-11-07,Nethmi Perera
SH-000388,SR-24-00095,QC,Completed,2024-11-07,Nethmi Perera
SH-000389,SR-24-00096,Submitted,Approved,2024-11-07,Sachini Silva
SH-000390,SR-24-00096,Approved,In Progress,2024-11-09,Sachini Silva
SH-000391,SR-24-00096,In Progress,QC,2024-11-10,Sachini Silva
SH-000392,SR-24-00096,QC,Completed,2024-11-12,Sachini Silva
SH-000393,SR-24-00097,Submitted,Approved,2024-11-07,Kavindu Fernando
SH-000394,SR-24-00097,Approved,In Progress,2024-11-09,Kavindu Fernando
SH-000395,SR-24-00097,In Progress,QC,2024-11-10,Kavindu Fernando
SH-000396,SR-24-00097,QC,Completed,2024-11-12,Kavindu Fernando
SH-000397,SR-24-00098,Submitted,Approved,2024-11-07,Nethmi Perera
SH-000398,SR-24-00098,Approved,In Progress,2024-11-09,Nethmi Perera
SH-000399,SR-24-00098,In Progress,QC,2024-11-12,Nethmi Perera
SH-000400,SR-24-00098,QC,Completed,2024-11-14,Nethmi Perera
SH-000401,SR-24-00099,Submitted,Approved,2024-11-07,Sachini Silva
SH-000402,SR-24-00099,Approved,In Progress,2024-11-08,Sachini Silva
SH-000403,SR-24-00099,In Progress,QC,2024-11-09,Sachini Silva
SH-000404,SR-24-00099,QC,Completed,2024-11-10,Sachini Silva
SH-000405,SR-24-00100,Submitted,Approved,2024-11-07,Kavindu Fernando
SH-000406,SR-24-00100,Approved,In Progress,2024-11-08,Kavindu Fernando
SH-000407,SR-24-00100,In Progress,QC,2024-11-09,Kavindu Fernando
SH-000408,SR-24-00100,QC,Completed,2024-11-10,Kavindu Fernando
SH-000409,SR-24-00101,Submitted,Approved,2024-11-09,Sachini Silva
SH-000410,SR-24-00101,Approved,In Progress,2024-11-10,Sachini Silva
SH-000411,SR-24-00101,In Progress,QC,2024-11-11,Sachini Silva
SH-000412,SR-24-00101,QC,Completed,2024-11-13,Sachini Silva
SH-000413,SR-24-00102,Submitted,Approved,2024-11-08,Nethmi Perera
SH-000414,SR-24-00102,Approved,In Progress,2024-11-09,Nethmi Perera
SH-000415,SR-24-00102,In Progress,QC,2024-11-10,Nethmi Perera
SH-000416,SR-24-00102,QC,Completed,2024-11-11,Nethmi Perera
SH-000417,SR-24-00103,Submitted,Approved,2024-11-09,Ashen Rathnayake
SH-000418,SR-24-00103,Approved,In Progress,2024-11-11,Ashen Rathnayake
SH-000419,SR-24-00103,In Progress,QC,2024-11-12,Ashen Rathnayake
SH-000420,SR-24-00103,QC,Completed,2024-11-14,Ashen Rathnayake
SH-000421,SR-24-00104,Submitted,Approved,2024-11-08,Hiruni Gunasekara
SH-000422,SR-24-00104,Approved,In Progress,2024-11-09,Hiruni Gunasekara
SH-000423,SR-24-00104,In Progress,QC,2024-11-10,Hiruni Gunasekara
SH-000424,SR-24-00104,QC,Completed,2024-11-11,Hiruni Gunasekara
SH-000425,SR-24-00105,Submitted,Approved,2024-11-10,Dulani Jayasuriya
SH-000426,SR-24-00105,Approved,In Progress,2024-11-11,Dulani Jayasuriya
SH-000427,SR-24-00105,In Progress,QC,2024-11-12,Dulani Jayasuriya
SH-000428,SR-24-00105,QC,Completed,2024-11-14,Dulani Jayasuriya
SH-000429,SR-24-00106,Submitted,Approved,2024-11-10,Hiruni Gunasekara
SH-000430,SR-24-00106,Approved,In Progress,2024-11-12,Hiruni Gunasekara
SH-000431,SR-24-00106,In Progress,QC,2024-11-13,Hiruni Gunasekara
SH-000432,SR-24-00106,QC,Rework,2024-11-14,Hiruni Gunasekara
SH-000433,SR-24-00106,Rework,QC,2024-11-16,Hiruni Gunasekara
SH-000434,SR-24-00106,QC,Completed,2024-11-17,Hiruni Gunasekara
SH-000435,SR-24-00107,Submitted,Approved,2024-11-10,Hiruni Gunasekara
SH-000436,SR-24-00107,Approved,In Progress,2024-11-11,Hiruni Gunasekara
SH-000437,SR-24-00107,In Progress,QC,2024-11-11,Hiruni Gunasekara
SH-000438,SR-24-00107,QC,Completed,2024-11-12,Hiruni Gunasekara
SH-000439,SR-24-00108,Submitted,Approved,2024-11-11,Hiruni Gunasekara
SH-000440,SR-24-00108,Approved,In Progress,2024-11-13,Hiruni Gunasekara
SH-000441,SR-24-00108,In Progress,QC,2024-11-14,Hiruni Gunasekara
SH-000442,SR-24-00108,QC,Completed,2024-11-16,Hiruni Gunasekara
SH-000443,SR-24-00109,Submitted,Approved,2024-11-12,Dulani Jayasuriya
SH-000444,SR-24-00109,Approved,In Progress,2024-11-13,Dulani Jayasuriya
SH-000445,SR-24-00109,In Progress,QC,2024-11-14,Dulani Jayasuriya
SH-000446,SR-24-00109,QC,Rework,2024-11-15,Dulani Jayasuriya
SH-000447,SR-24-00109,Rework,QC,2024-11-16,Dulani Jayasuriya
SH-000448,SR-24-00109,QC,Completed,2024-11-17,Dulani Jayasuriya
SH-000449,SR-24-00110,Submitted,Approved,2024-11-13,Kavindu Fernando
SH-000450,SR-24-00110,Approved,In Progress,2024-11-15,Kavindu Fernando
SH-000451,SR-24-00110,In Progress,QC,2024-11-16,Kavindu Fernando
SH-000452,SR-24-00110,QC,Completed,2024-11-18,Kavindu Fernando
SH-000453,SR-24-00111,Submitted,Approved,2024-11-12,Ashen Rathnayake
SH-000454,SR-24-00111,Approved,In Progress,2024-11-13,Ashen Rathnayake
SH-000455,SR-24-00111,In Progress,QC,2024-11-13,Ashen Rathnayake
SH-000456,SR-24-00111,QC,Completed,2024-11-14,Ashen Rathnayake
SH-000457,SR-24-00112,Submitted,Approved,2024-11-12,Nethmi Perera
SH-000458,SR-24-00112,Approved,In Progress,2024-11-13,Nethmi Perera
SH-000459,SR-24-00112,In Progress,QC,2024-11-15,Nethmi Perera
SH-000460,SR-24-00112,QC,Completed,2024-11-16,Nethmi Perera
SH-000461,SR-24-00113,Submitted,Approved,2024-11-11,Ashen Rathnayake
SH-000462,SR-24-00113,Approved,In Progress,2024-11-11,Ashen Rathnayake
SH-000463,SR-24-00113,In Progress,QC,2024-11-12,Ashen Rathnayake
SH-000464,SR-24-00113,QC,Completed,2024-11-12,Ashen Rathnayake
SH-000465,SR-24-00114,Submitted,Approved,2024-11-12,Ashen Rathnayake
SH-000466,SR-24-00114,Approved,In Progress,2024-11-13,Ashen Rathnayake
SH-000467,SR-24-00114,In Progress,QC,2024-11-13,Ashen Rathnayake
SH-000468,SR-24-00114,QC,Completed,2024-11-14,Ashen Rathnayake
SH-000469,SR-24-00115,Submitted,Approved,2024-11-14,Hiruni Gunasekara
SH-000470,SR-24-00115,Approved,In Progress,2024-11-15,Hiruni Gunasekara
SH-000471,SR-24-00115,In Progress,QC,2024-11-17,Hiruni Gunasekara
SH-000472,SR-24-00115,QC,Rework,2024-11-19,Hiruni Gunasekara
SH-000473,SR-24-00115,Rework,QC,2024-11-20,Hiruni Gunasekara
SH-000474,SR-24-00115,QC,Completed,2024-11-22,Hiruni Gunasekara
SH-000475,SR-24-00116,Submitted,Approved,2024-11-14,Kavindu Fernando
SH-000476,SR-24-00116,Approved,In Progress,2024-11-16,Kavindu Fernando
SH-000477,SR-24-00116,In Progress,QC,2024-11-17,Kavindu Fernando
SH-000478,SR-24-00116,QC,Completed,2024-11-19,Kavindu Fernando
SH-000479,SR-24-00117,Submitted,Approved,2024-11-12,Sachini Silva
SH-000480,SR-24-00117,Approved,In Progress,2024-11-13,Sachini Silva
SH-000481,SR-24-00117,In Progress,QC,2024-11-14,Sachini Silva
SH-000482,SR-24-00117,QC,Completed,2024-11-14,Sachini Silva
SH-000483,SR-24-00118,Submitted,Approved,2024-11-14,Kavindu Fernando
SH-000484,SR-24-00118,Approved,In Progress,2024-11-16,Kavindu Fernando
SH-000485,SR-24-00118,In Progress,QC,2024-11-17,Kavindu Fernando
SH-000486,SR-24-00118,QC,Completed,2024-11-19,Kavindu Fernando
SH-000487,SR-24-00119,Submitted,Approved,2024-11-13,Kavindu Fernando
SH-000488,SR-24-00119,Approved,In Progress,2024-11-14,Kavindu Fernando
SH-000489,SR-24-00119,In Progress,QC,2024-11-15,Kavindu Fernando
SH-000490,SR-24-00119,QC,Completed,2024-11-16,Kavindu Fernando
SH-000491,SR-24-00120,Submitted,Approved,2024-11-14,Dulani Jayasuriya
SH-000492,SR-24-00120,Approved,In Progress,2024-11-17,Dulani Jayasuriya
SH-000493,SR-24-00120,In Progress,QC,2024-11-20,Dulani Jayasuriya
SH-000494,SR-24-00120,QC,Completed,2024-11-22,Dulani Jayasuriya
SH-000495,SR-24-00121,Submitted,Approved,2024-11-13,Ashen Rathnayake
SH-000496,SR-24-00121,Approved,In Progress,2024-11-14,Ashen Rathnayake
SH-000497,SR-24-00121,In Progress,QC,2024-11-15,Ashen Rathnayake
SH-000498,SR-24-00121,QC,Completed,2024-11-16,Ashen Rathnayake
SH-000499,SR-24-00122,Submitted,Approved,2024-11-14,Kavindu Fernando
SH-000500,SR-24-00122,Approved,In Progress,2024-11-16,Kavindu Fernando
SH-000501,SR-24-00122,In Progress,QC,2024-11-18,Kavindu Fernando
SH-000502,SR-24-00122,QC,Completed,2024-11-20,Kavindu Fernando
SH-000503,SR-24-00123,Submitted,Approved,2024-11-15,Ashen Rathnayake
SH-000504,SR-24-00123,Approved,In Progress,2024-11-18,Ashen Rathnayake
SH-000505,SR-24-00123,In Progress,QC,2024-11-21,Ashen Rathnayake
SH-000506,SR-24-00123,QC,Completed,2024-11-23,Ashen Rathnayake
SH-000507,SR-24-00124,Submitted,Approved,2024-11-15,Hiruni Gunasekara
SH-000508,SR-24-00124,Approved,In Progress,2024-11-17,Hiruni Gunasekara
SH-000509,SR-24-00124,In Progress,QC,2024-11-19,Hiruni Gunasekara
SH-000510,SR-24-00124,QC,Completed,2024-11-21,Hiruni Gunasekara
SH-000511,SR-24-00125,Submitted,Approved,2024-11-15,Hiruni Gunasekara
SH-000512,SR-24-00125,Approved,In Progress,2024-11-17,Hiruni Gunasekara
SH-000513,SR-24-00125,In Progress,QC,2024-11-18,Hiruni Gunasekara
SH-000514,SR-24-00125,QC,Completed,2024-11-20,Hiruni Gunasekara
SH-000515,SR-24-00126,Submitted,Approved,2024-11-14,Kavindu Fernando
SH-000516,SR-24-00126,Approved,In Progress,2024-11-15,Kavindu Fernando
SH-000517,SR-24-00126,In Progress,QC,2024-11-16,Kavindu Fernando
SH-000518,SR-24-00126,QC,Completed,2024-11-17,Kavindu Fernando
SH-000519,SR-24-00127,Submitted,Approved,2024-11-13,Ashen Rathnayake
SH-000520,SR-24-00127,Approved,In Progress,2024-11-13,Ashen Rathnayake
SH-000521,SR-24-00127,In Progress,QC,2024-11-14,Ashen Rathnayake
SH-000522,SR-24-00127,QC,Completed,2024-11-14,Ashen Rathnayake
SH-000523,SR-24-00128,Submitted,Approved,2024-11-14,Ashen Rathnayake
SH-000524,SR-24-00128,Approved,In Progress,2024-11-15,Ashen Rathnayake
SH-000525,SR-24-00128,In Progress,QC,2024-11-16,Ashen Rathnayake
SH-000526,SR-24-00128,QC,Completed,2024-11-16,Ashen Rathnayake
SH-000527,SR-24-00129,Submitted,Approved,2024-11-15,Hiruni Gunasekara
SH-000528,SR-24-00129,Approved,In Progress,2024-11-16,Hiruni Gunasekara
SH-000529,SR-24-00129,In Progress,QC,2024-11-18,Hiruni Gunasekara
SH-000530,SR-24-00129,QC,Completed,2024-11-19,Hiruni Gunasekara
SH-000531,SR-24-00130,Submitted,Approved,2024-11-16,Sachini Silva
SH-000532,SR-24-00130,Approved,In Progress,2024-11-17,Sachini Silva
SH-000533,SR-24-00130,In Progress,QC,2024-11-19,Sachini Silva
SH-000534,SR-24-00130,QC,Completed,2024-11-20,Sachini Silva
SH-000535,SR-24-00131,Submitted,Approved,2024-11-16,Ashen Rathnayake
SH-000536,SR-24-00131,Approved,In Progress,2024-11-17,Ashen Rathnayake
SH-000537,SR-24-00131,In Progress,QC,2024-11-19,Ashen Rathnayake
SH-000538,SR-24-00131,QC,Completed,2024-11-20,Ashen Rathnayake
SH-000539,SR-24-00132,Submitted,Approved,2024-11-17,Nethmi Perera
SH-000540,SR-24-00132,Approved,In Progress,2024-11-19,Nethmi Perera
SH-000541,SR-24-00132,In Progress,QC,2024-11-22,Nethmi Perera
SH-000542,SR-24-00132,QC,Completed,2024-11-24,Nethmi Perera
SH-000543,SR-24-00133,Submitted,Approved,2024-11-17,Kavindu Fernando
SH-000544,SR-24-00133,Approved,In Progress,2024-11-19,Kavindu Fernando
SH-000545,SR-24-00133,In Progress,QC,2024-11-20,Kavindu Fernando
SH-000546,SR-24-00133,QC,Completed,2024-11-22,Kavindu Fernando
SH-000547,SR-24-00134,Submitted,Approved,2024-11-17,Nethmi Perera
SH-000548,SR-24-00134,Approved,In Progress,2024-11-18,Nethmi Perera
SH-000549,SR-24-00134,In Progress,QC,2024-11-19,Nethmi Perera
SH-000550,SR-24-00134,QC,Completed,2024-11-20,Nethmi Perera
SH-000551,SR-24-00135,Submitted,Approved,2024-11-18,Kavindu Fernando
SH-000552,SR-24-00135,Approved,In Progress,2024-11-20,Kavindu Fernando
SH-000553,SR-24-00135,In Progress,QC,2024-11-23,Kavindu Fernando
SH-000554,SR-24-00135,QC,Completed,2024-11-25,Kavindu Fernando
SH-000555,SR-24-00136,Submitted,Approved,2024-11-20,Kavindu Fernando
SH-000556,SR-24-00136,Approved,In Progress,2024-11-21,Kavindu Fernando
SH-000557,SR-24-00136,In Progress,QC,2024-11-22,Kavindu Fernando
SH-000558,SR-24-00136,QC,Completed,2024-11-24,Kavindu Fernando
SH-000559,SR-24-00137,Submitted,Approved,2024-11-18,Kavindu Fernando
SH-000560,SR-24-00137,Approved,In Progress,2024-11-19,Kavindu Fernando
SH-000561,SR-24-00137,In Progress,QC,2024-11-20,Kavindu Fernando
SH-000562,SR-24-00137,QC,Completed,2024-11-20,Kavindu Fernando
SH-000563,SR-24-00138,Submitted,Approved,2024-11-18,Nethmi Perera
SH-000564,SR-24-00138,Approved,In Progress,2024-11-19,Nethmi Perera
SH-000565,SR-24-00138,In Progress,QC,2024-11-20,Nethmi Perera
SH-000566,SR-24-00138,QC,Rework,2024-11-20,Nethmi Perera
SH-000567,SR-24-00138,Rework,QC,2024-11-20,Nethmi Perera
SH-000568,SR-24-00138,QC,Completed,2024-11-21,Nethmi Perera
SH-000569,SR-24-00139,Submitted,Approved,2024-11-19,Nethmi Perera
SH-000570,SR-24-00139,Approved,In Progress,2024-11-19,Nethmi Perera
SH-000571,SR-24-00139,In Progress,QC,2024-11-20,Nethmi Perera
SH-000572,SR-24-00139,QC,Completed,2024-11-20,Nethmi Perera
SH-000573,SR-24-00140,Submitted,Approved,2024-11-21,Hiruni Gunasekara
SH-000574,SR-24-00140,Approved,In Progress,2024-11-22,Hiruni Gunasekara
SH-000575,SR-24-00140,In Progress,QC,2024-11-23,Hiruni Gunasekara
SH-000576,SR-24-00140,QC,Completed,2024-11-25,Hiruni Gunasekara
SH-000577,SR-24-00141,Submitted,Approved,2024-11-20,Ashen Rathnayake
SH-000578,SR-24-00141,Approved,In Progress,2024-11-21,Ashen Rathnayake
SH-000579,SR-24-00141,In Progress,QC,2024-11-22,Ashen Rathnayake
SH-000580,SR-24-00141,QC,Completed,2024-11-23,Ashen Rathnayake
SH-000581,SR-24-00142,Submitted,Approved,2024-11-22,Dulani Jayasuriya
SH-000582,SR-24-00142,Approved,In Progress,2024-11-24,Dulani Jayasuriya
SH-000583,SR-24-00142,In Progress,QC,2024-11-27,Dulani Jayasuriya
SH-000584,SR-24-00142,QC,Completed,2024-11-29,Dulani Jayasuriya
SH-000585,SR-24-00143,Submitted,Approved,2024-11-21,Dulani Jayasuriya
SH-000586,SR-24-00143,Approved,In Progress,2024-11-22,Dulani Jayasuriya
SH-000587,SR-24-00143,In Progress,QC,2024-11-22,Dulani Jayasuriya
SH-000588,SR-24-00143,QC,Completed,2024-11-23,Dulani Jayasuriya
SH-000589,SR-24-00144,Submitted,Approved,2024-11-21,Sachini Silva
SH-000590,SR-24-00144,Approved,In Progress,2024-11-22,Sachini Silva
SH-000591,SR-24-00144,In Progress,QC,2024-11-24,Sachini Silva
SH-000592,SR-24-00144,QC,Rework,2024-11-25,Sachini Silva
SH-000593,SR-24-00144,Rework,QC,2024-11-26,Sachini Silva
SH-000594,SR-24-00144,QC,Completed,2024-11-27,Sachini Silva
SH-000595,SR-24-00145,Submitted,Approved,2024-11-21,Sachini Silva
SH-000596,SR-24-00145,Approved,In Progress,2024-11-22,Sachini Silva
SH-000597,SR-24-00145,In Progress,QC,2024-11-23,Sachini Silva
SH-000598,SR-24-00145,QC,Completed,2024-11-24,Sachini Silva
SH-000599,SR-24-00146,Submitted,Approved,2024-11-22,Sachini Silva
SH-000600,SR-24-00146,Approved,In Progress,2024-11-23,Sachini Silva
SH-000601,SR-24-00146,In Progress,QC,2024-11-23,Sachini Silva
SH-000602,SR-24-00146,QC,Completed,2024-11-24,Sachini Silva
SH-000603,SR-24-00147,Submitted,Approved,2024-11-23,Sachini Silva
SH-000604,SR-24-00147,Approved,In Progress,2024-11-24,Sachini Silva
SH-000605,SR-24-00147,In Progress,QC,2024-11-26,Sachini Silva
SH-000606,SR-24-00147,QC,Completed,2024-11-27,Sachini Silva
SH-000607,SR-24-00148,Submitted,Approved,2024-11-22,Nethmi Perera
SH-000608,SR-24-00148,Approved,In Progress,2024-11-23,Nethmi Perera
SH-000609,SR-24-00148,In Progress,QC,2024-11-24,Nethmi Perera
SH-000610,SR-24-00148,QC,Completed,2024-11-24,Nethmi Perera
SH-000611,SR-24-00149,Submitted,Approved,2024-11-25,Nethmi Perera
SH-000612,SR-24-00149,Approved,In Progress,2024-11-28,Nethmi Perera
SH-000613,SR-24-00149,In Progress,QC,2024-12-01,Nethmi Perera
SH-000614,SR-24-00149,QC,Completed,2024-12-03,Nethmi Perera
SH-000615,SR-24-00150,Submitted,Approved,2024-11-26,Dulani Jayasuriya
SH-000616,SR-24-00150,Approved,In Progress,2024-11-27,Dulani Jayasuriya
SH-000617,SR-24-00150,In Progress,QC,2024-11-29,Dulani Jayasuriya
SH-000618,SR-24-00150,QC,Completed,2024-11-30,Dulani Jayasuriya
SH-000619,SR-24-00151,Submitted,Approved,2024-11-27,Nethmi Perera
SH-000620,SR-24-00151,Approved,In Progress,2024-11-29,Nethmi Perera
SH-000621,SR-24-00151,In Progress,QC,2024-12-01,Nethmi Perera
SH-000622,SR-24-00151,QC,Completed,2024-12-03,Nethmi Perera
SH-000623,SR-24-00152,Submitted,Approved,2024-11-27,Kavindu Fernando
SH-000624,SR-24-00152,Approved,In Progress,2024-11-28,Kavindu Fernando
SH-000625,SR-24-00152,In Progress,QC,2024-11-29,Kavindu Fernando
SH-000626,SR-24-00152,QC,Rework,2024-12-01,Kavindu Fernando
SH-000627,SR-24-00152,Rework,QC,2024-12-03,Kavindu Fernando
SH-000628,SR-24-00152,QC,Completed,2024-12-04,Kavindu Fernando
SH-000629,SR-24-00153,Submitted,Approved,2024-11-27,Dulani Jayasuriya
SH-000630,SR-24-00153,Approved,In Progress,2024-11-28,Dulani Jayasuriya
SH-000631,SR-24-00153,In Progress,QC,2024-11-29,Dulani Jayasuriya
SH-000632,SR-24-00153,QC,Completed,2024-11-30,Dulani Jayasuriya
SH-000633,SR-24-00154,Submitted,Approved,2024-11-28,Hiruni Gunasekara
SH-000634,SR-24-00154,Approved,In Progress,2024-11-30,Hiruni Gunasekara
SH-000635,SR-24-00154,In Progress,QC,2024-12-01,Hiruni Gunasekara
SH-000636,SR-24-00154,QC,Completed,2024-12-03,Hiruni Gunasekara
SH-000637,SR-24-00155,Submitted,Approved,2024-11-28,Dulani Jayasuriya
SH-000638,SR-24-00155,Approved,In Progress,2024-11-30,Dulani Jayasuriya
SH-000639,SR-24-00155,In Progress,QC,2024-12-03,Dulani Jayasuriya
SH-000640,SR-24-00155,QC,Completed,2024-12-05,Dulani Jayasuriya
SH-000641,SR-24-00156,Submitted,Approved,2024-11-28,Ashen Rathnayake
SH-000642,SR-24-00156,Approved,In Progress,2024-11-29,Ashen Rathnayake
SH-000643,SR-24-00156,In Progress,QC,2024-11-30,Ashen Rathnayake
SH-000644,SR-24-00156,QC,Completed,2024-12-02,Ashen Rathnayake
SH-000645,SR-24-00157,Submitted,Approved,2024-11-27,Kavindu Fernando
SH-000646,SR-24-00157,Approved,In Progress,2024-11-28,Kavindu Fernando
SH-000647,SR-24-00157,In Progress,QC,2024-11-29,Kavindu Fernando
SH-000648,SR-24-00157,QC,Completed,2024-11-30,Kavindu Fernando
SH-000649,SR-24-00158,Submitted,Approved,2024-11-28,Ashen Rathnayake
SH-000650,SR-24-00158,Approved,In Progress,2024-11-29,Ashen Rathnayake
SH-000651,SR-24-00158,In Progress,QC,2024-11-30,Ashen Rathnayake
SH-000652,SR-24-00158,QC,Completed,2024-12-02,Ashen Rathnayake
SH-000653,SR-24-00159,Submitted,Approved,2024-11-26,Nethmi Perera
SH-000654,SR-24-00159,Approved,In Progress,2024-11-27,Nethmi Perera
SH-000655,SR-24-00159,In Progress,QC,2024-11-28,Nethmi Perera
SH-000656,SR-24-00159,QC,Completed,2024-11-28,Nethmi Perera
SH-000657,SR-24-00160,Submitted,Approved,2024-11-28,Dulani Jayasuriya
SH-000658,SR-24-00160,Approved,In Progress,2024-11-29,Dulani Jayasuriya
SH-000659,SR-24-00160,In Progress,QC,2024-11-30,Dulani Jayasuriya
SH-000660,SR-24-00160,QC,Completed,2024-12-01,Dulani Jayasuriya
SH-000661,SR-24-00161,Submitted,Approved,2024-11-29,Nethmi Perera
SH-000662,SR-24-00161,Approved,In Progress,2024-12-01,Nethmi Perera
SH-000663,SR-24-00161,In Progress,QC,2024-12-03,Nethmi Perera
SH-000664,SR-24-00161,QC,Completed,2024-12-05,Nethmi Perera
SH-000665,SR-24-00162,Submitted,Approved,2024-11-28,Nethmi Perera
SH-000666,SR-24-00162,Approved,In Progress,2024-11-29,Nethmi Perera
SH-000667,SR-24-00162,In Progress,QC,2024-11-30,Nethmi Perera
SH-000668,SR-24-00162,QC,Completed,2024-12-01,Nethmi Perera
SH-000669,SR-24-00163,Submitted,Approved,2024-11-29,Kavindu Fernando
SH-000670,SR-24-00163,Approved,In Progress,2024-11-30,Kavindu Fernando
SH-000671,SR-24-00163,In Progress,QC,2024-12-01,Kavindu Fernando
SH-000672,SR-24-00163,QC,Completed,2024-12-02,Kavindu Fernando
SH-000673,SR-24-00164,Submitted,Approved,2024-11-30,Nethmi Perera
SH-000674,SR-24-00164,Approved,In Progress,2024-12-02,Nethmi Perera
SH-000675,SR-24-00164,In Progress,QC,2024-12-05,Nethmi Perera
SH-000676,SR-24-00164,QC,Completed,2024-12-07,Nethmi Perera
SH-000677,SR-24-00165,Submitted,Approved,2024-11-30,Kavindu Fernando
SH-000678,SR-24-00165,Approved,In Progress,2024-12-01,Kavindu Fernando
SH-000679,SR-24-00165,In Progress,QC,2024-12-02,Kavindu Fernando
SH-000680,SR-24-00165,QC,Completed,2024-12-04,Kavindu Fernando
SH-000681,SR-24-00166,Submitted,Approved,2024-11-30,Sachini Silva
SH-000682,SR-24-00166,Approved,In Progress,2024-12-01,Sachini Silva
SH-000683,SR-24-00166,In Progress,QC,2024-12-03,Sachini Silva
SH-000684,SR-24-00166,QC,Completed,2024-12-04,Sachini Silva
SH-000685,SR-24-00167,Submitted,Approved,2024-11-29,Kavindu Fernando
SH-000686,SR-24-00167,Approved,In Progress,2024-11-30,Kavindu Fernando
SH-000687,SR-24-00167,In Progress,QC,2024-12-01,Kavindu Fernando
SH-000688,SR-24-00167,QC,Completed,2024-12-01,Kavindu Fernando
SH-000689,SR-24-00168,Submitted,Approved,2024-11-29,Sachini Silva
SH-000690,SR-24-00168,Approved,In Progress,2024-11-30,Sachini Silva
SH-000691,SR-24-00168,In Progress,QC,2024-12-01,Sachini Silva
SH-000692,SR-24-00168,QC,Completed,2024-12-01,Sachini Silva
SH-000693,SR-24-00169,Submitted,Approved,2024-11-30,Hiruni Gunasekara
SH-000694,SR-24-00169,Approved,In Progress,2024-12-01,Hiruni Gunasekara
SH-000695,SR-24-00169,In Progress,QC,2024-12-01,Hiruni Gunasekara
SH-000696,SR-24-00169,QC,Completed,2024-12-02,Hiruni Gunasekara
SH-000697,SR-24-00170,Submitted,Approved,2024-11-30,Kavindu Fernando
SH-000698,SR-24-00170,Approved,In Progress,2024-12-01,Kavindu Fernando
SH-000699,SR-24-00170,In Progress,QC,2024-12-02,Kavindu Fernando
SH-000700,SR-24-00170,QC,Completed,2024-12-03,Kavindu Fernando
SH-000701,SR-24-00171,Submitted,Approved,2024-11-30,Dulani Jayasuriya
SH-000702,SR-24-00171,Approved,In Progress,2024-12-01,Dulani Jayasuriya
SH-000703,SR-24-00171,In Progress,QC,2024-12-03,Dulani Jayasuriya
SH-000704,SR-24-00171,QC,Completed,2024-12-04,Dulani Jayasuriya
SH-000705,SR-24-00172,Submitted,Approved,2024-11-30,Dulani Jayasuriya
SH-000706,SR-24-00172,Approved,In Progress,2024-12-01,Dulani Jayasuriya
SH-000707,SR-24-00172,In Progress,QC,2024-12-03,Dulani Jayasuriya
SH-000708,SR-24-00172,QC,Completed,2024-12-04,Dulani Jayasuriya
SH-000709,SR-24-00173,Submitted,Approved,2024-12-04,Ashen Rathnayake
SH-000710,SR-24-00173,Approved,In Progress,2024-12-06,Ashen Rathnayake
SH-000711,SR-24-00173,In Progress,QC,2024-12-07,Ashen Rathnayake
SH-000712,SR-24-00173,QC,Completed,2024-12-09,Ashen Rathnayake
SH-000713,SR-24-00174,Submitted,Approved,2024-12-03,Dulani Jayasuriya
SH-000714,SR-24-00174,Approved,In Progress,2024-12-04,Dulani Jayasuriya
SH-000715,SR-24-00174,In Progress,QC,2024-12-05,Dulani Jayasuriya
SH-000716,SR-24-00174,QC,Completed,2024-12-06,Dulani Jayasuriya
SH-000717,SR-24-00175,Submitted,Approved,2024-12-05,Nethmi Perera
SH-000718,SR-24-00175,Approved,In Progress,2024-12-07,Nethmi Perera
SH-000719,SR-24-00175,In Progress,QC,2024-12-08,Nethmi Perera
SH-000720,SR-24-00175,QC,Completed,2024-12-10,Nethmi Perera
SH-000721,SR-24-00176,Submitted,Approved,2024-12-06,Sachini Silva
SH-000722,SR-24-00176,Approved,In Progress,2024-12-07,Sachini Silva
SH-000723,SR-24-00176,In Progress,QC,2024-12-08,Sachini Silva
SH-000724,SR-24-00176,QC,Completed,2024-12-09,Sachini Silva
SH-000725,SR-24-00177,Submitted,Approved,2024-12-07,Ashen Rathnayake
SH-000726,SR-24-00177,Approved,In Progress,2024-12-07,Ashen Rathnayake
SH-000727,SR-24-00177,In Progress,QC,2024-12-08,Ashen Rathnayake
SH-000728,SR-24-00177,QC,Rework,2024-12-09,Ashen Rathnayake
SH-000729,SR-24-00177,Rework,QC,2024-12-09,Ashen Rathnayake
SH-000730,SR-24-00177,QC,Completed,2024-12-10,Ashen Rathnayake
SH-000731,SR-24-00178,Submitted,Approved,2024-12-08,Ashen Rathnayake
SH-000732,SR-24-00178,Approved,In Progress,2024-12-09,Ashen Rathnayake
SH-000733,SR-24-00178,In Progress,QC,2024-12-10,Ashen Rathnayake
SH-000734,SR-24-00178,QC,Completed,2024-12-12,Ashen Rathnayake
SH-000735,SR-24-00179,Submitted,Approved,2024-12-09,Kavindu Fernando
SH-000736,SR-24-00179,Approved,In Progress,2024-12-11,Kavindu Fernando
SH-000737,SR-24-00179,In Progress,QC,2024-12-12,Kavindu Fernando
SH-000738,SR-24-00179,QC,Completed,2024-12-14,Kavindu Fernando
SH-000739,SR-24-00180,Submitted,Approved,2024-12-09,Kavindu Fernando
SH-000740,SR-24-00180,Approved,In Progress,2024-12-11,Kavindu Fernando
SH-000741,SR-24-00180,In Progress,QC,2024-12-13,Kavindu Fernando
SH-000742,SR-24-00180,QC,Completed,2024-12-15,Kavindu Fernando
SH-000743,SR-24-00181,Submitted,Approved,2024-12-07,Hiruni Gunasekara
SH-000744,SR-24-00181,Approved,In Progress,2024-12-07,Hiruni Gunasekara
SH-000745,SR-24-00181,In Progress,QC,2024-12-08,Hiruni Gunasekara
SH-000746,SR-24-00181,QC,Completed,2024-12-08,Hiruni Gunasekara
SH-000747,SR-24-00182,Submitted,Approved,2024-12-11,Hiruni Gunasekara
SH-000748,SR-24-00182,Approved,In Progress,2024-12-12,Hiruni Gunasekara
SH-000749,SR-24-00182,In Progress,QC,2024-12-12,Hiruni Gunasekara
SH-000750,SR-24-00182,QC,Completed,2024-12-13,Hiruni Gunasekara
SH-000751,SR-24-00183,Submitted,Approved,2024-12-11,Ashen Rathnayake
SH-000752,SR-24-00183,Approved,In Progress,2024-12-12,Ashen Rathnayake
SH-000753,SR-24-00183,In Progress,QC,2024-12-12,Ashen Rathnayake
SH-000754,SR-24-00183,QC,Completed,2024-12-13,Ashen Rathnayake
SH-000755,SR-24-00184,Submitted,Approved,2024-12-11,Dulani Jayasuriya
SH-000756,SR-24-00184,Approved,In Progress,2024-12-12,Dulani Jayasuriya
SH-000757,SR-24-00184,In Progress,QC,2024-12-12,Dulani Jayasuriya
SH-000758,SR-24-00184,QC,Completed,2024-12-13,Dulani Jayasuriya
SH-000759,SR-24-00185,Submitted,Approved,2024-12-13,Kavindu Fernando
SH-000760,SR-24-00185,Approved,In Progress,2024-12-15,Kavindu Fernando
SH-000761,SR-24-00185,In Progress,QC,2024-12-17,Kavindu Fernando
SH-000762,SR-24-00185,QC,Completed,2024-12-19,Kavindu Fernando
SH-000763,SR-24-00186,Submitted,Approved,2024-12-13,Hiruni Gunasekara
SH-000764,SR-24-00186,Approved,In Progress,2024-12-14,Hiruni Gunasekara
SH-000765,SR-24-00186,In Progress,QC,2024-12-14,Hiruni Gunasekara
SH-000766,SR-24-00186,QC,Completed,2024-12-15,Hiruni Gunasekara
SH-000767,SR-24-00187,Submitted,Approved,2024-12-15,Ashen Rathnayake
SH-000768,SR-24-00187,Approved,In Progress,2024-12-16,Ashen Rathnayake
SH-000769,SR-24-00187,In Progress,QC,2024-12-18,Ashen Rathnayake
SH-000770,SR-24-00187,QC,Completed,2024-12-19,Ashen Rathnayake
SH-000771,SR-24-00188,Submitted,Approved,2024-12-18,Kavindu Fernando
SH-000772,SR-24-00188,Approved,In Progress,2024-12-19,Kavindu Fernando
SH-000773,SR-24-00188,In Progress,QC,2024-12-20,Kavindu Fernando
SH-000774,SR-24-00188,QC,Rework,2024-12-22,Kavindu Fernando
SH-000775,SR-24-00188,Rework,QC,2024-12-24,Kavindu Fernando
SH-000776,SR-24-00188,QC,Completed,2024-12-25,Kavindu Fernando
SH-000777,SR-24-00189,Submitted,Approved,2024-12-17,Hiruni Gunasekara
SH-000778,SR-24-00189,Approved,In Progress,2024-12-18,Hiruni Gunasekara
SH-000779,SR-24-00189,In Progress,QC,2024-12-19,Hiruni Gunasekara
SH-000780,SR-24-00189,QC,Completed,2024-12-20,Hiruni Gunasekara
SH-000781,SR-24-00190,Submitted,Approved,2024-12-16,Nethmi Perera
SH-000782,SR-24-00190,Approved,In Progress,2024-12-17,Nethmi Perera
SH-000783,SR-24-00190,In Progress,QC,2024-12-18,Nethmi Perera
SH-000784,SR-24-00190,QC,Completed,2024-12-18,Nethmi Perera
SH-000785,SR-24-00191,Submitted,Approved,2024-12-19,Nethmi Perera
SH-000786,SR-24-00191,Approved,In Progress,2024-12-20,Nethmi Perera
SH-000787,SR-24-00191,In Progress,QC,2024-12-21,Nethmi Perera
SH-000788,SR-24-00191,QC,Completed,2024-12-23,Nethmi Perera
SH-000789,SR-24-00192,Submitted,Approved,2024-12-20,Sachini Silva
SH-000790,SR-24-00192,Approved,In Progress,2024-12-21,Sachini Silva
SH-000791,SR-24-00192,In Progress,QC,2024-12-22,Sachini Silva
SH-000792,SR-24-00192,QC,Completed,2024-12-24,Sachini Silva
SH-000793,SR-24-00193,Submitted,Approved,2024-12-20,Dulani Jayasuriya
SH-000794,SR-24-00193,Approved,In Progress,2024-12-21,Dulani Jayasuriya
SH-000795,SR-24-00193,In Progress,QC,2024-12-21,Dulani Jayasuriya
SH-000796,SR-24-00193,QC,Completed,2024-12-22,Dulani Jayasuriya
SH-000797,SR-24-00194,Submitted,Approved,2024-12-19,Sachini Silva
SH-000798,SR-24-00194,Approved,In Progress,2024-12-20,Sachini Silva
SH-000799,SR-24-00194,In Progress,QC,2024-12-21,Sachini Silva
SH-000800,SR-24-00194,QC,Completed,2024-12-21,Sachini Silva
SH-000801,SR-24-00195,Submitted,Approved,2024-12-20,Kavindu Fernando
SH-000802,SR-24-00195,Approved,In Progress,2024-12-20,Kavindu Fernando
SH-000803,SR-24-00195,In Progress,QC,2024-12-21,Kavindu Fernando
SH-000804,SR-24-00195,QC,Completed,2024-12-21,Kavindu Fernando
SH-000805,SR-24-00196,Submitted,Approved,2024-12-20,Sachini Silva
SH-000806,SR-24-00196,Approved,In Progress,2024-12-20,Sachini Silva
SH-000807,SR-24-00196,In Progress,QC,2024-12-21,Sachini Silva
SH-000808,SR-24-00196,QC,Completed,2024-12-21,Sachini Silva
SH-000809,SR-24-00197,Submitted,Approved,2024-12-23,Hiruni Gunasekara
SH-000810,SR-24-00197,Approved,In Progress,2024-12-24,Hiruni Gunasekara
SH-000811,SR-24-00197,In Progress,QC,2024-12-25,Hiruni Gunasekara
SH-000812,SR-24-00197,QC,Completed,2024-12-27,Hiruni Gunasekara
SH-000813,SR-24-00198,Submitted,Approved,2024-12-22,Sachini Silva
SH-000814,SR-24-00198,Approved,In Progress,2024-12-23,Sachini Silva
SH-000815,SR-24-00198,In Progress,QC,2024-12-25,Sachini Silva
SH-000816,SR-24-00198,QC,Completed,2024-12-26,Sachini Silva
SH-000817,SR-24-00199,Submitted,Approved,2024-12-22,Nethmi Perera
SH-000818,SR-24-00199,Approved,In Progress,2024-12-23,Nethmi Perera
SH-000819,SR-24-00199,In Progress,QC,2024-12-24,Nethmi Perera
SH-000820,SR-24-00199,QC,Completed,2024-12-25,Nethmi Perera
SH-000821,SR-24-00200,Submitted,Approved,2024-12-22,Hiruni Gunasekara
SH-000822,SR-24-00200,Approved,In Progress,2024-12-23,Hiruni Gunasekara
SH-000823,SR-24-00200,In Progress,QC,2024-12-23,Hiruni Gunasekara
SH-000824,SR-24-00200,QC,Completed,2024-12-24,Hiruni Gunasekara
SH-000825,SR-24-00201,Submitted,Approved,2024-12-25,Sachini Silva
SH-000826,SR-24-00201,Approved,In Progress,2024-12-26,Sachini Silva
SH-000827,SR-24-00201,In Progress,QC,2024-12-27,Sachini Silva
SH-000828,SR-24-00201,QC,Completed,2024-12-29,Sachini Silva
SH-000829,SR-24-00202,Submitted,Approved,2024-12-24,Hiruni Gunasekara
SH-000830,SR-24-00202,Approved,In Progress,2024-12-25,Hiruni Gunasekara
SH-000831,SR-24-00202,In Progress,QC,2024-12-27,Hiruni Gunasekara
SH-000832,SR-24-00202,QC,Completed,2024-12-28,Hiruni Gunasekara
SH-000833,SR-24-00203,Submitted,Approved,2024-12-25,Ashen Rathnayake
SH-000834,SR-24-00203,Approved,In Progress,2024-12-26,Ashen Rathnayake
SH-000835,SR-24-00203,In Progress,QC,2024-12-27,Ashen Rathnayake
SH-000836,SR-24-00203,QC,Completed,2024-12-29,Ashen Rathnayake
SH-000837,SR-24-00204,Submitted,Approved,2024-12-25,Kavindu Fernando
SH-000838,SR-24-00204,Approved,In Progress,2024-12-27,Kavindu Fernando
SH-000839,SR-24-00204,In Progress,QC,2024-12-28,Kavindu Fernando
SH-000840,SR-24-00204,QC,Completed,2024-12-30,Kavindu Fernando
SH-000841,SR-24-00205,Submitted,Approved,2024-12-25,Dulani Jayasuriya
SH-000842,SR-24-00205,Approved,In Progress,2024-12-26,Dulani Jayasuriya
SH-000843,SR-24-00205,In Progress,QC,2024-12-26,Dulani Jayasuriya
SH-000844,SR-24-00205,QC,Completed,2024-12-27,Dulani Jayasuriya
SH-000845,SR-24-00206,Submitted,Approved,2024-12-25,Ashen Rathnayake
SH-000846,SR-24-00206,Approved,In Progress,2024-12-25,Ashen Rathnayake
SH-000847,SR-24-00206,In Progress,QC,2024-12-26,Ashen Rathnayake
SH-000848,SR-24-00206,QC,Completed,2024-12-26,Ashen Rathnayake
SH-000849,SR-24-00207,Submitted,Approved,2024-12-26,Nethmi Perera
SH-000850,SR-24-00207,Approved,In Progress,2024-12-27,Nethmi Perera
SH-000851,SR-24-00207,In Progress,QC,2024-12-29,Nethmi Perera
SH-000852,SR-24-00207,QC,Completed,2024-12-30,Nethmi Perera
SH-000853,SR-24-00208,Submitted,Approved,2024-12-28,Nethmi Perera
SH-000854,SR-24-00208,Approved,In Progress,2024-12-30,Nethmi Perera
SH-000855,SR-24-00208,In Progress,QC,2024-12-31,Nethmi Perera
SH-000856,SR-24-00208,QC,Completed,2025-01-02,Nethmi Perera
SH-000857,SR-24-00209,Submitted,Approved,2024-12-27,Kavindu Fernando
SH-000858,SR-24-00209,Approved,In Progress,2024-12-28,Kavindu Fernando
SH-000859,SR-24-00209,In Progress,QC,2024-12-30,Kavindu Fernando
SH-000860,SR-24-00209,QC,Completed,2024-12-31,Kavindu Fernando
SH-000861,SR-24-00210,Submitted,Approved,2024-12-27,Dulani Jayasuriya
SH-000862,SR-24-00210,Approved,In Progress,2024-12-28,Dulani Jayasuriya
SH-000863,SR-24-00210,In Progress,QC,2024-12-29,Dulani Jayasuriya
SH-000864,SR-24-00210,QC,Completed,2024-12-30,Dulani Jayasuriya
SH-000865,SR-24-00211,Submitted,Approved,2024-12-28,Kavindu Fernando
SH-000866,SR-24-00211,Approved,In Progress,2024-12-29,Kavindu Fernando
SH-000867,SR-24-00211,In Progress,QC,2024-12-30,Kavindu Fernando
SH-000868,SR-24-00211,QC,Completed,2024-12-31,Kavindu Fernando
SH-000869,SR-24-00212,Submitted,Approved,2024-12-29,Nethmi Perera
SH-000870,SR-24-00212,Approved,In Progress,2024-12-31,Nethmi Perera
SH-000871,SR-24-00212,In Progress,QC,2025-01-01,Nethmi Perera
SH-000872,SR-24-00212,QC,Completed,2025-01-03,Nethmi Perera
SH-000873,SR-24-00213,Submitted,Approved,2024-12-29,Nethmi Perera
SH-000874,SR-24-00213,Approved,In Progress,2024-12-31,Nethmi Perera
SH-000875,SR-24-00213,In Progress,QC,2025-01-03,Nethmi Perera
SH-000876,SR-24-00213,QC,Completed,2025-01-05,Nethmi Perera
SH-000877,SR-24-00214,Submitted,Approved,2024-12-29,Sachini Silva
SH-000878,SR-24-00214,Approved,In Progress,2024-12-30,Sachini Silva
SH-000879,SR-24-00214,In Progress,QC,2024-12-31,Sachini Silva
SH-000880,SR-24-00214,QC,Completed,2025-01-02,Sachini Silva
SH-000881,SR-24-00215,Submitted,Approved,2024-12-29,Sachini Silva
SH-000882,SR-24-00215,Approved,In Progress,2024-12-30,Sachini Silva
SH-000883,SR-24-00215,In Progress,QC,2024-12-31,Sachini Silva
SH-000884,SR-24-00215,QC,Completed,2025-01-01,Sachini Silva
SH-000885,SR-24-00216,Submitted,Approved,2024-12-30,Dulani Jayasuriya
SH-000886,SR-24-00216,Approved,In Progress,2025-01-01,Dulani Jayasuriya
SH-000887,SR-24-00216,In Progress,QC,2025-01-04,Dulani Jayasuriya
SH-000888,SR-24-00216,QC,Completed,2025-01-06,Dulani Jayasuriya
SH-000889,SR-24-00217,Submitted,Approved,2024-12-29,Kavindu Fernando
SH-000890,SR-24-00217,Approved,In Progress,2024-12-30,Kavindu Fernando
SH-000891,SR-24-00217,In Progress,QC,2025-01-01,Kavindu Fernando
SH-000892,SR-24-00217,QC,Completed,2025-01-02,Kavindu Fernando
SH-000893,SR-24-00218,Submitted,Approved,2024-12-30,Hiruni Gunasekara
SH-000894,SR-24-00218,Approved,In Progress,2025-01-01,Hiruni Gunasekara
SH-000895,SR-24-00218,In Progress,QC,2025-01-03,Hiruni Gunasekara
SH-000896,SR-24-00218,QC,Completed,2025-01-05,Hiruni Gunasekara
SH-000897,SR-24-00219,Submitted,Approved,2024-12-30,Dulani Jayasuriya
SH-000898,SR-24-00219,Approved,In Progress,2024-12-31,Dulani Jayasuriya
SH-000899,SR-24-00219,In Progress,QC,2025-01-01,Dulani Jayasuriya
SH-000900,SR-24-00219,QC,Rework,2025-01-03,Dulani Jayasuriya
SH-000901,SR-24-00219,Rework,QC,2025-01-05,Dulani Jayasuriya
SH-000902,SR-24-00219,QC,Completed,2025-01-06,Dulani Jayasuriya
SH-000903,SR-24-00220,Submitted,Approved,2025-01-01,Kavindu Fernando
SH-000904,SR-24-00220,Approved,In Progress,2025-01-02,Kavindu Fernando
SH-000905,SR-24-00220,In Progress,QC,2025-01-03,Kavindu Fernando
SH-000906,SR-24-00220,QC,Rework,2025-01-05,Kavindu Fernando
SH-000907,SR-24-00220,Rework,QC,2025-01-07,Kavindu Fernando
SH-000908,SR-24-00220,QC,Completed,2025-01-08,Kavindu Fernando
SH-000909,SR-24-00221,Submitted,Approved,2024-12-31,Hiruni Gunasekara
SH-000910,SR-24-00221,Approved,In Progress,2025-01-01,Hiruni Gunasekara
SH-000911,SR-24-00221,In Progress,QC,2025-01-02,Hiruni Gunasekara
SH-000912,SR-24-00221,QC,Completed,2025-01-03,Hiruni Gunasekara
SH-000913,SR-24-00222,Submitted,Approved,2025-01-01,Nethmi Perera
SH-000914,SR-24-00222,Approved,In Progress,2025-01-02,Nethmi Perera
SH-000915,SR-24-00222,In Progress,QC,2025-01-04,Nethmi Perera
SH-000916,SR-24-00222,QC,Rework,2025-01-05,Nethmi Perera
SH-000917,SR-24-00222,Rework,QC,2025-01-06,Nethmi Perera
SH-000918,SR-24-00222,QC,Completed,2025-01-07,Nethmi Perera
SH-000919,SR-24-00223,Submitted,Approved,2025-01-01,Kavindu Fernando
SH-000920,SR-24-00223,Approved,In Progress,2025-01-02,Kavindu Fernando
SH-000921,SR-24-00223,In Progress,QC,2025-01-03,Kavindu Fernando
SH-000922,SR-24-00223,QC,Completed,2025-01-04,Kavindu Fernando
SH-000923,SR-24-00224,Submitted,Approved,2025-01-01,Hiruni Gunasekara
SH-000924,SR-24-00224,Approved,In Progress,2025-01-02,Hiruni Gunasekara
SH-000925,SR-24-00224,In Progress,QC,2025-01-03,Hiruni Gunasekara
SH-000926,SR-24-00224,QC,Completed,2025-01-04,Hiruni Gunasekara
SH-000927,SR-24-00225,Submitted,Approved,2025-01-01,Dulani Jayasuriya
SH-000928,SR-24-00225,Approved,In Progress,2025-01-02,Dulani Jayasuriya
SH-000929,SR-24-00225,In Progress,QC,2025-01-04,Dulani Jayasuriya
SH-000930,SR-24-00225,QC,Completed,2025-01-05,Dulani Jayasuriya
SH-000931,SR-25-00226,Submitted,Approved,2025-01-03,Kavindu Fernando
SH-000932,SR-25-00226,Approved,In Progress,2025-01-05,Kavindu Fernando
SH-000933,SR-25-00226,In Progress,QC,2025-01-06,Kavindu Fernando
SH-000934,SR-25-00226,QC,Completed,2025-01-08,Kavindu Fernando
SH-000935,SR-25-00227,Submitted,Approved,2025-01-03,Kavindu Fernando
SH-000936,SR-25-00227,Approved,In Progress,2025-01-05,Kavindu Fernando
SH-000937,SR-25-00227,In Progress,QC,2025-01-07,Kavindu Fernando
SH-000938,SR-25-00227,QC,Completed,2025-01-09,Kavindu Fernando
SH-000939,SR-25-00228,Submitted,Approved,2025-01-03,Hiruni Gunasekara
SH-000940,SR-25-00228,Approved,In Progress,2025-01-05,Hiruni Gunasekara
SH-000941,SR-25-00228,In Progress,QC,2025-01-06,Hiruni Gunasekara
SH-000942,SR-25-00228,QC,Completed,2025-01-08,Hiruni Gunasekara
SH-000943,SR-25-00229,Submitted,Approved,2025-01-04,Nethmi Perera
SH-000944,SR-25-00229,Approved,In Progress,2025-01-06,Nethmi Perera
SH-000945,SR-25-00229,In Progress,QC,2025-01-07,Nethmi Perera
SH-000946,SR-25-00229,QC,Completed,2025-01-09,Nethmi Perera
SH-000947,SR-25-00230,Submitted,Approved,2025-01-04,Ashen Rathnayake
SH-000948,SR-25-00230,Approved,In Progress,2025-01-06,Ashen Rathnayake
SH-000949,SR-25-00230,In Progress,QC,2025-01-09,Ashen Rathnayake
SH-000950,SR-25-00230,QC,Completed,2025-01-11,Ashen Rathnayake
SH-000951,SR-25-00231,Submitted,Approved,2025-01-05,Sachini Silva
SH-000952,SR-25-00231,Approved,In Progress,2025-01-06,Sachini Silva
SH-000953,SR-25-00231,In Progress,QC,2025-01-07,Sachini Silva
SH-000954,SR-25-00231,QC,Completed,2025-01-09,Sachini Silva
SH-000955,SR-25-00232,Submitted,Approved,2025-01-04,Kavindu Fernando
SH-000956,SR-25-00232,Approved,In Progress,2025-01-05,Kavindu Fernando
SH-000957,SR-25-00232,In Progress,QC,2025-01-07,Kavindu Fernando
SH-000958,SR-25-00232,QC,Rework,2025-01-08,Kavindu Fernando
SH-000959,SR-25-00232,Rework,QC,2025-01-09,Kavindu Fernando
SH-000960,SR-25-00232,QC,Completed,2025-01-10,Kavindu Fernando
SH-000961,SR-25-00233,Submitted,Approved,2025-01-03,Kavindu Fernando
SH-000962,SR-25-00233,Approved,In Progress,2025-01-03,Kavindu Fernando
SH-000963,SR-25-00233,In Progress,QC,2025-01-04,Kavindu Fernando
SH-000964,SR-25-00233,QC,Completed,2025-01-04,Kavindu Fernando
SH-000965,SR-25-00234,Submitted,Approved,2025-01-05,Sachini Silva
SH-000966,SR-25-00234,Approved,In Progress,2025-01-07,Sachini Silva
SH-000967,SR-25-00234,In Progress,QC,2025-01-08,Sachini Silva
SH-000968,SR-25-00234,QC,Completed,2025-01-10,Sachini Silva
SH-000969,SR-25-00235,Submitted,Approved,2025-01-05,Nethmi Perera
SH-000970,SR-25-00235,Approved,In Progress,2025-01-06,Nethmi Perera
SH-000971,SR-25-00235,In Progress,QC,2025-01-07,Nethmi Perera
SH-000972,SR-25-00235,QC,Completed,2025-01-09,Nethmi Perera
SH-000973,SR-25-00236,Submitted,Approved,2025-01-04,Dulani Jayasuriya
SH-000974,SR-25-00236,Approved,In Progress,2025-01-05,Dulani Jayasuriya
SH-000975,SR-25-00236,In Progress,QC,2025-01-06,Dulani Jayasuriya
SH-000976,SR-25-00236,QC,Rework,2025-01-07,Dulani Jayasuriya
SH-000977,SR-25-00236,Rework,QC,2025-01-08,Dulani Jayasuriya
SH-000978,SR-25-00236,QC,Completed,2025-01-09,Dulani Jayasuriya
SH-000979,SR-25-00237,Submitted,Approved,2025-01-05,Nethmi Perera
SH-000980,SR-25-00237,Approved,In Progress,2025-01-06,Nethmi Perera
SH-000981,SR-25-00237,In Progress,QC,2025-01-07,Nethmi Perera
SH-000982,SR-25-00237,QC,Completed,2025-01-08,Nethmi Perera
SH-000983,SR-25-00238,Submitted,Approved,2025-01-04,Kavindu Fernando
SH-000984,SR-25-00238,Approved,In Progress,2025-01-04,Kavindu Fernando
SH-000985,SR-25-00238,In Progress,QC,2025-01-05,Kavindu Fernando
SH-000986,SR-25-00238,QC,Completed,2025-01-05,Kavindu Fernando
SH-000987,SR-25-00239,Submitted,Approved,2025-01-08,Ashen Rathnayake
SH-000988,SR-25-00239,Approved,In Progress,2025-01-10,Ashen Rathnayake
SH-000989,SR-25-00239,In Progress,QC,2025-01-13,Ashen Rathnayake
SH-000990,SR-25-00239,QC,Completed,2025-01-15,Ashen Rathnayake
SH-000991,SR-25-00240,Submitted,Approved,2025-01-08,Hiruni Gunasekara
SH-000992,SR-25-00240,Approved,In Progress,2025-01-09,Hiruni Gunasekara
SH-000993,SR-25-00240,In Progress,QC,2025-01-10,Hiruni Gunasekara
SH-000994,SR-25-00240,QC,Completed,2025-01-12,Hiruni Gunasekara
SH-000995,SR-25-00241,Submitted,Approved,2025-01-08,Nethmi Perera
SH-000996,SR-25-00241,Approved,In Progress,2025-01-09,Nethmi Perera
SH-000997,SR-25-00241,In Progress,QC,2025-01-11,Nethmi Perera
SH-000998,SR-25-00241,QC,Rework,2025-01-13,Nethmi Perera
SH-000999,SR-25-00241,Rework,QC,2025-01-14,Nethmi Perera
SH-001000,SR-25-00241,QC,Completed,2025-01-16,Nethmi Perera
SH-001001,SR-25-00242,Submitted,Approved,2025-01-07,Hiruni Gunasekara
SH-001002,SR-25-00242,Approved,In Progress,2025-01-07,Hiruni Gunasekara
SH-001003,SR-25-00242,In Progress,QC,2025-01-08,Hiruni Gunasekara
SH-001004,SR-25-00242,QC,Completed,2025-01-08,Hiruni Gunasekara
SH-001005,SR-25-00243,Submitted,Approved,2025-01-08,Kavindu Fernando
SH-001006,SR-25-00243,Approved,In Progress,2025-01-09,Kavindu Fernando
SH-001007,SR-25-00243,In Progress,QC,2025-01-11,Kavindu Fernando
SH-001008,SR-25-00243,QC,Completed,2025-01-12,Kavindu Fernando
SH-001009,SR-25-00244,Submitted,Approved,2025-01-07,Ashen Rathnayake
SH-001010,SR-25-00244,Approved,In Progress,2025-01-08,Ashen Rathnayake
SH-001011,SR-25-00244,In Progress,QC,2025-01-09,Ashen Rathnayake
SH-001012,SR-25-00244,QC,Completed,2025-01-09,Ashen Rathnayake
SH-001013,SR-25-00245,Submitted,Approved,2025-01-10,Ashen Rathnayake
SH-001014,SR-25-00245,Approved,In Progress,2025-01-11,Ashen Rathnayake
SH-001015,SR-25-00245,In Progress,QC,2025-01-12,Ashen Rathnayake
SH-001016,SR-25-00245,QC,Completed,2025-01-14,Ashen Rathnayake
SH-001017,SR-25-00246,Submitted,Approved,2025-01-09,Nethmi Perera
SH-001018,SR-25-00246,Approved,In Progress,2025-01-10,Nethmi Perera
SH-001019,SR-25-00246,In Progress,QC,2025-01-12,Nethmi Perera
SH-001020,SR-25-00246,QC,Completed,2025-01-13,Nethmi Perera
SH-001021,SR-25-00247,Submitted,Approved,2025-01-10,Hiruni Gunasekara
SH-001022,SR-25-00247,Approved,In Progress,2025-01-11,Hiruni Gunasekara
SH-001023,SR-25-00247,In Progress,QC,2025-01-12,Hiruni Gunasekara
SH-001024,SR-25-00247,QC,Completed,2025-01-14,Hiruni Gunasekara
SH-001025,SR-25-00248,Submitted,Approved,2025-01-11,Ashen Rathnayake
SH-001026,SR-25-00248,Approved,In Progress,2025-01-13,Ashen Rathnayake
SH-001027,SR-25-00248,In Progress,QC,2025-01-14,Ashen Rathnayake
SH-001028,SR-25-00248,QC,Completed,2025-01-16,Ashen Rathnayake
SH-001029,SR-25-00249,Submitted,Approved,2025-01-11,Nethmi Perera
SH-001030,SR-25-00249,Approved,In Progress,2025-01-12,Nethmi Perera
SH-001031,SR-25-00249,In Progress,QC,2025-01-13,Nethmi Perera
SH-001032,SR-25-00249,QC,Completed,2025-01-15,Nethmi Perera
SH-001033,SR-25-00250,Submitted,Approved,2025-01-09,Nethmi Perera
SH-001034,SR-25-00250,Approved,In Progress,2025-01-10,Nethmi Perera
SH-001035,SR-25-00250,In Progress,QC,2025-01-11,Nethmi Perera
SH-001036,SR-25-00250,QC,Completed,2025-01-11,Nethmi Perera
SH-001037,SR-25-00251,Submitted,Approved,2025-01-11,Kavindu Fernando
SH-001038,SR-25-00251,Approved,In Progress,2025-01-12,Kavindu Fernando
SH-001039,SR-25-00251,In Progress,QC,2025-01-13,Kavindu Fernando
SH-001040,SR-25-00251,QC,Completed,2025-01-14,Kavindu Fernando
SH-001041,SR-25-00252,Submitted,Approved,2025-01-11,Nethmi Perera
SH-001042,SR-25-00252,Approved,In Progress,2025-01-12,Nethmi Perera
SH-001043,SR-25-00252,In Progress,QC,2025-01-14,Nethmi Perera
SH-001044,SR-25-00252,QC,Completed,2025-01-15,Nethmi Perera
SH-001045,SR-25-00253,Submitted,Approved,2025-01-11,Ashen Rathnayake
SH-001046,SR-25-00253,Approved,In Progress,2025-01-12,Ashen Rathnayake
SH-001047,SR-25-00253,In Progress,QC,2025-01-12,Ashen Rathnayake
SH-001048,SR-25-00253,QC,Completed,2025-01-13,Ashen Rathnayake
SH-001049,SR-25-00254,Submitted,Approved,2025-01-11,Dulani Jayasuriya
SH-001050,SR-25-00254,Approved,In Progress,2025-01-12,Dulani Jayasuriya
SH-001051,SR-25-00254,In Progress,QC,2025-01-14,Dulani Jayasuriya
SH-001052,SR-25-00254,QC,Completed,2025-01-15,Dulani Jayasuriya
SH-001053,SR-25-00255,Submitted,Approved,2025-01-12,Hiruni Gunasekara
SH-001054,SR-25-00255,Approved,In Progress,2025-01-13,Hiruni Gunasekara
SH-001055,SR-25-00255,In Progress,QC,2025-01-13,Hiruni Gunasekara
SH-001056,SR-25-00255,QC,Completed,2025-01-14,Hiruni Gunasekara
SH-001057,SR-25-00256,Submitted,Approved,2025-01-12,Ashen Rathnayake
SH-001058,SR-25-00256,Approved,In Progress,2025-01-13,Ashen Rathnayake
SH-001059,SR-25-00256,In Progress,QC,2025-01-14,Ashen Rathnayake
SH-001060,SR-25-00256,QC,Rework,2025-01-15,Ashen Rathnayake
SH-001061,SR-25-00256,Rework,QC,2025-01-16,Ashen Rathnayake
SH-001062,SR-25-00256,QC,Completed,2025-01-17,Ashen Rathnayake
SH-001063,SR-25-00257,Submitted,Approved,2025-01-12,Nethmi Perera
SH-001064,SR-25-00257,Approved,In Progress,2025-01-13,Nethmi Perera
SH-001065,SR-25-00257,In Progress,QC,2025-01-13,Nethmi Perera
SH-001066,SR-25-00257,QC,Completed,2025-01-14,Nethmi Perera
SH-001067,SR-25-00258,Submitted,Approved,2025-01-13,Nethmi Perera
SH-001068,SR-25-00258,Approved,In Progress,2025-01-15,Nethmi Perera
SH-001069,SR-25-00258,In Progress,QC,2025-01-16,Nethmi Perera
SH-001070,SR-25-00258,QC,Completed,2025-01-18,Nethmi Perera
SH-001071,SR-25-00259,Submitted,Approved,2025-01-12,Ashen Rathnayake
SH-001072,SR-25-00259,Approved,In Progress,2025-01-13,Ashen Rathnayake
SH-001073,SR-25-00259,In Progress,QC,2025-01-14,Ashen Rathnayake
SH-001074,SR-25-00259,QC,Completed,2025-01-15,Ashen Rathnayake
SH-001075,SR-25-00260,Submitted,Approved,2025-01-13,Kavindu Fernando
SH-001076,SR-25-00260,Approved,In Progress,2025-01-14,Kavindu Fernando
SH-001077,SR-25-00260,In Progress,QC,2025-01-15,Kavindu Fernando
SH-001078,SR-25-00260,QC,Completed,2025-01-15,Kavindu Fernando
SH-001079,SR-25-00261,Submitted,Approved,2025-01-15,Nethmi Perera
SH-001080,SR-25-00261,Approved,In Progress,2025-01-17,Nethmi Perera
SH-001081,SR-25-00261,In Progress,QC,2025-01-19,Nethmi Perera
SH-001082,SR-25-00261,QC,Completed,2025-01-21,Nethmi Perera
SH-001083,SR-25-00262,Submitted,Approved,2025-01-15,Sachini Silva
SH-001084,SR-25-00262,Approved,In Progress,2025-01-17,Sachini Silva
SH-001085,SR-25-00262,In Progress,QC,2025-01-18,Sachini Silva
SH-001086,SR-25-00262,QC,Completed,2025-01-20,Sachini Silva
SH-001087,SR-25-00263,Submitted,Approved,2025-01-15,Sachini Silva
SH-001088,SR-25-00263,Approved,In Progress,2025-01-16,Sachini Silva
SH-001089,SR-25-00263,In Progress,QC,2025-01-17,Sachini Silva
SH-001090,SR-25-00263,QC,Completed,2025-01-17,Sachini Silva
SH-001091,SR-25-00264,Submitted,Approved,2025-01-15,Nethmi Perera
SH-001092,SR-25-00264,Approved,In Progress,2025-01-16,Nethmi Perera
SH-001093,SR-25-00264,In Progress,QC,2025-01-17,Nethmi Perera
SH-001094,SR-25-00264,QC,Completed,2025-01-17,Nethmi Perera
SH-001095,SR-25-00265,Submitted,Approved,2025-01-18,Sachini Silva
SH-001096,SR-25-00265,Approved,In Progress,2025-01-19,Sachini Silva
SH-001097,SR-25-00265,In Progress,QC,2025-01-20,Sachini Silva
SH-001098,SR-25-00265,QC,Completed,2025-01-22,Sachini Silva
SH-001099,SR-25-00266,Submitted,Approved,2025-01-16,Ashen Rathnayake
SH-001100,SR-25-00266,Approved,In Progress,2025-01-16,Ashen Rathnayake
SH-001101,SR-25-00266,In Progress,QC,2025-01-17,Ashen Rathnayake
SH-001102,SR-25-00266,QC,Completed,2025-01-17,Ashen Rathnayake
SH-001103,SR-25-00267,Submitted,Approved,2025-01-16,Dulani Jayasuriya
SH-001104,SR-25-00267,Approved,In Progress,2025-01-17,Dulani Jayasuriya
SH-001105,SR-25-00267,In Progress,QC,2025-01-18,Dulani Jayasuriya
SH-001106,SR-25-00267,QC,Completed,2025-01-18,Dulani Jayasuriya
SH-001107,SR-25-00268,Submitted,Approved,2025-01-17,Ashen Rathnayake
SH-001108,SR-25-00268,Approved,In Progress,2025-01-17,Ashen Rathnayake
SH-001109,SR-25-00268,In Progress,QC,2025-01-18,Ashen Rathnayake
SH-001110,SR-25-00268,QC,Rework,2025-01-19,Ashen Rathnayake
SH-001111,SR-25-00268,Rework,QC,2025-01-19,Ashen Rathnayake
SH-001112,SR-25-00268,QC,Completed,2025-01-20,Ashen Rathnayake
SH-001113,SR-25-00269,Submitted,Approved,2025-01-17,Dulani Jayasuriya
SH-001114,SR-25-00269,Approved,In Progress,2025-01-18,Dulani Jayasuriya
SH-001115,SR-25-00269,In Progress,QC,2025-01-19,Dulani Jayasuriya
SH-001116,SR-25-00269,QC,Completed,2025-01-20,Dulani Jayasuriya
SH-001117,SR-25-00270,Submitted,Approved,2025-01-19,Dulani Jayasuriya
SH-001118,SR-25-00270,Approved,In Progress,2025-01-21,Dulani Jayasuriya
SH-001119,SR-25-00270,In Progress,QC,2025-01-22,Dulani Jayasuriya
SH-001120,SR-25-00270,QC,Completed,2025-01-24,Dulani Jayasuriya
SH-001121,SR-25-00271,Submitted,Approved,2025-01-18,Kavindu Fernando
SH-001122,SR-25-00271,Approved,In Progress,2025-01-19,Kavindu Fernando
SH-001123,SR-25-00271,In Progress,QC,2025-01-21,Kavindu Fernando
SH-001124,SR-25-00271,QC,Completed,2025-01-22,Kavindu Fernando
SH-001125,SR-25-00272,Submitted,Approved,2025-01-19,Sachini Silva
SH-001126,SR-25-00272,Approved,In Progress,2025-01-20,Sachini Silva
SH-001127,SR-25-00272,In Progress,QC,2025-01-20,Sachini Silva
SH-001128,SR-25-00272,QC,Completed,2025-01-21,Sachini Silva
SH-001129,SR-25-00273,Submitted,Approved,2025-01-19,Sachini Silva
SH-001130,SR-25-00273,Approved,In Progress,2025-01-20,Sachini Silva
SH-001131,SR-25-00273,In Progress,QC,2025-01-20,Sachini Silva
SH-001132,SR-25-00273,QC,Completed,2025-01-21,Sachini Silva
SH-001133,SR-25-00274,Submitted,Approved,2025-01-18,Hiruni Gunasekara
SH-001134,SR-25-00274,Approved,In Progress,2025-01-18,Hiruni Gunasekara
SH-001135,SR-25-00274,In Progress,QC,2025-01-19,Hiruni Gunasekara
SH-001136,SR-25-00274,QC,Completed,2025-01-19,Hiruni Gunasekara
SH-001137,SR-25-00275,Submitted,Approved,2025-01-18,Kavindu Fernando
SH-001138,SR-25-00275,Approved,In Progress,2025-01-18,Kavindu Fernando
SH-001139,SR-25-00275,In Progress,QC,2025-01-19,Kavindu Fernando
SH-001140,SR-25-00275,QC,Completed,2025-01-19,Kavindu Fernando
SH-001141,SR-25-00276,Submitted,Approved,2025-01-20,Dulani Jayasuriya
SH-001142,SR-25-00276,Approved,In Progress,2025-01-21,Dulani Jayasuriya
SH-001143,SR-25-00276,In Progress,QC,2025-01-22,Dulani Jayasuriya
SH-001144,SR-25-00276,QC,Completed,2025-01-24,Dulani Jayasuriya
SH-001145,SR-25-00277,Submitted,Approved,2025-01-19,Dulani Jayasuriya
SH-001146,SR-25-00277,Approved,In Progress,2025-01-20,Dulani Jayasuriya
SH-001147,SR-25-00277,In Progress,QC,2025-01-22,Dulani Jayasuriya
SH-001148,SR-25-00277,QC,Completed,2025-01-23,Dulani Jayasuriya
SH-001149,SR-25-00278,Submitted,Approved,2025-01-21,Ashen Rathnayake
SH-001150,SR-25-00278,Approved,In Progress,2025-01-22,Ashen Rathnayake
SH-001151,SR-25-00278,In Progress,QC,2025-01-24,Ashen Rathnayake
SH-001152,SR-25-00278,QC,Completed,2025-01-25,Ashen Rathnayake
SH-001153,SR-25-00279,Submitted,Approved,2025-01-22,Dulani Jayasuriya
SH-001154,SR-25-00279,Approved,In Progress,2025-01-24,Dulani Jayasuriya
SH-001155,SR-25-00279,In Progress,QC,2025-01-27,Dulani Jayasuriya
SH-001156,SR-25-00279,QC,Completed,2025-01-29,Dulani Jayasuriya
SH-001157,SR-25-00280,Submitted,Approved,2025-01-21,Hiruni Gunasekara
SH-001158,SR-25-00280,Approved,In Progress,2025-01-22,Hiruni Gunasekara
SH-001159,SR-25-00280,In Progress,QC,2025-01-24,Hiruni Gunasekara
SH-001160,SR-25-00280,QC,Completed,2025-01-25,Hiruni Gunasekara
SH-001161,SR-25-00281,Submitted,Approved,2025-01-21,Nethmi Perera
SH-001162,SR-25-00281,Approved,In Progress,2025-01-22,Nethmi Perera
SH-001163,SR-25-00281,In Progress,QC,2025-01-23,Nethmi Perera
SH-001164,SR-25-00281,QC,Completed,2025-01-24,Nethmi Perera
SH-001165,SR-25-00282,Submitted,Approved,2025-01-21,Nethmi Perera
SH-001166,SR-25-00282,Approved,In Progress,2025-01-22,Nethmi Perera
SH-001167,SR-25-00282,In Progress,QC,2025-01-22,Nethmi Perera
SH-001168,SR-25-00282,QC,Completed,2025-01-23,Nethmi Perera
SH-001169,SR-25-00283,Submitted,Approved,2025-01-21,Dulani Jayasuriya
SH-001170,SR-25-00283,Approved,In Progress,2025-01-22,Dulani Jayasuriya
SH-001171,SR-25-00283,In Progress,QC,2025-01-23,Dulani Jayasuriya
SH-001172,SR-25-00283,QC,Completed,2025-01-23,Dulani Jayasuriya
SH-001173,SR-25-00284,Submitted,Approved,2025-01-21,Ashen Rathnayake
SH-001174,SR-25-00284,Approved,In Progress,2025-01-21,Ashen Rathnayake
SH-001175,SR-25-00284,In Progress,QC,2025-01-22,Ashen Rathnayake
SH-001176,SR-25-00284,QC,Completed,2025-01-22,Ashen Rathnayake
SH-001177,SR-25-00285,Submitted,Approved,2025-01-23,Dulani Jayasuriya
SH-001178,SR-25-00285,Approved,In Progress,2025-01-24,Dulani Jayasuriya
SH-001179,SR-25-00285,In Progress,QC,2025-01-25,Dulani Jayasuriya
SH-001180,SR-25-00285,QC,Completed,2025-01-26,Dulani Jayasuriya
SH-001181,SR-25-00286,Submitted,Approved,2025-01-24,Ashen Rathnayake
SH-001182,SR-25-00286,Approved,In Progress,2025-01-25,Ashen Rathnayake
SH-001183,SR-25-00286,In Progress,QC,2025-01-26,Ashen Rathnayake
SH-001184,SR-25-00286,QC,Completed,2025-01-28,Ashen Rathnayake
SH-001185,SR-25-00287,Submitted,Approved,2025-01-24,Ashen Rathnayake
SH-001186,SR-25-00287,Approved,In Progress,2025-01-25,Ashen Rathnayake
SH-001187,SR-25-00287,In Progress,QC,2025-01-25,Ashen Rathnayake
SH-001188,SR-25-00287,QC,Completed,2025-01-26,Ashen Rathnayake
SH-001189,SR-25-00288,Submitted,Approved,2025-01-25,Hiruni Gunasekara
SH-001190,SR-25-00288,Approved,In Progress,2025-01-26,Hiruni Gunasekara
SH-001191,SR-25-00288,In Progress,QC,2025-01-27,Hiruni Gunasekara
SH-001192,SR-25-00288,QC,Completed,2025-01-29,Hiruni Gunasekara
SH-001193,SR-25-00289,Submitted,Approved,2025-01-24,Hiruni Gunasekara
SH-001194,SR-25-00289,Approved,In Progress,2025-01-25,Hiruni Gunasekara
SH-001195,SR-25-00289,In Progress,QC,2025-01-25,Hiruni Gunasekara
SH-001196,SR-25-00289,QC,Completed,2025-01-26,Hiruni Gunasekara
SH-001197,SR-25-00290,Submitted,Approved,2025-01-23,Hiruni Gunasekara
SH-001198,SR-25-00290,Approved,In Progress,2025-01-24,Hiruni Gunasekara
SH-001199,SR-25-00290,In Progress,QC,2025-01-25,Hiruni Gunasekara
SH-001200,SR-25-00290,QC,Completed,2025-01-25,Hiruni Gunasekara
SH-001201,SR-25-00291,Submitted,Approved,2025-01-24,Nethmi Perera
SH-001202,SR-25-00291,Approved,In Progress,2025-01-25,Nethmi Perera
SH-001203,SR-25-00291,In Progress,QC,2025-01-26,Nethmi Perera
SH-001204,SR-25-00291,QC,Completed,2025-01-27,Nethmi Perera
SH-001205,SR-25-00292,Submitted,Approved,2025-01-25,Sachini Silva
SH-001206,SR-25-00292,Approved,In Progress,2025-01-26,Sachini Silva
SH-001207,SR-25-00292,In Progress,QC,2025-01-28,Sachini Silva
SH-001208,SR-25-00292,QC,Completed,2025-01-29,Sachini Silva
SH-001209,SR-25-00293,Submitted,Approved,2025-01-26,Ashen Rathnayake
SH-001210,SR-25-00293,Approved,In Progress,2025-01-27,Ashen Rathnayake
SH-001211,SR-25-00293,In Progress,QC,2025-01-28,Ashen Rathnayake
SH-001212,SR-25-00293,QC,Completed,2025-01-30,Ashen Rathnayake
SH-001213,SR-25-00294,Submitted,Approved,2025-01-26,Sachini Silva
SH-001214,SR-25-00294,Approved,In Progress,2025-01-28,Sachini Silva
SH-001215,SR-25-00294,In Progress,QC,2025-01-30,Sachini Silva
SH-001216,SR-25-00294,QC,Completed,2025-02-01,Sachini Silva
SH-001217,SR-25-00295,Submitted,Approved,2025-01-25,Hiruni Gunasekara
SH-001218,SR-25-00295,Approved,In Progress,2025-01-26,Hiruni Gunasekara
SH-001219,SR-25-00295,In Progress,QC,2025-01-26,Hiruni Gunasekara
SH-001220,SR-25-00295,QC,Completed,2025-01-27,Hiruni Gunasekara
SH-001221,SR-25-00296,Submitted,Approved,2025-01-26,Nethmi Perera
SH-001222,SR-25-00296,Approved,In Progress,2025-01-27,Nethmi Perera
SH-001223,SR-25-00296,In Progress,QC,2025-01-29,Nethmi Perera
SH-001224,SR-25-00296,QC,Completed,2025-01-30,Nethmi Perera
SH-001225,SR-25-00297,Submitted,Approved,2025-01-26,Ashen Rathnayake
SH-001226,SR-25-00297,Approved,In Progress,2025-01-27,Ashen Rathnayake
SH-001227,SR-25-00297,In Progress,QC,2025-01-27,Ashen Rathnayake
SH-001228,SR-25-00297,QC,Completed,2025-01-28,Ashen Rathnayake
SH-001229,SR-25-00298,Submitted,Approved,2025-01-26,Kavindu Fernando
SH-001230,SR-25-00298,Approved,In Progress,2025-01-27,Kavindu Fernando
SH-001231,SR-25-00298,In Progress,QC,2025-01-27,Kavindu Fernando
SH-001232,SR-25-00298,QC,Completed,2025-01-28,Kavindu Fernando
SH-001233,SR-25-00299,Submitted,Approved,2025-01-27,Ashen Rathnayake
SH-001234,SR-25-00299,Approved,In Progress,2025-01-29,Ashen Rathnayake
SH-001235,SR-25-00299,In Progress,QC,2025-01-30,Ashen Rathnayake
SH-001236,SR-25-00299,QC,Completed,2025-02-01,Ashen Rathnayake
SH-001237,SR-25-00300,Submitted,Approved,2025-01-26,Kavindu Fernando
SH-001238,SR-25-00300,Approved,In Progress,2025-01-27,Kavindu Fernando
SH-001239,SR-25-00300,In Progress,QC,2025-01-27,Kavindu Fernando
SH-001240,SR-25-00300,QC,Completed,2025-01-28,Kavindu Fernando
SH-001241,SR-25-00301,Submitted,Approved,2025-01-28,Nethmi Perera
SH-001242,SR-25-00301,Approved,In Progress,2025-01-29,Nethmi Perera
SH-001243,SR-25-00301,In Progress,QC,2025-01-31,Nethmi Perera
SH-001244,SR-25-00301,QC,Completed,2025-02-01,Nethmi Perera
SH-001245,SR-25-00302,Submitted,Approved,2025-01-28,Hiruni Gunasekara
SH-001246,SR-25-00302,Approved,In Progress,2025-01-29,Hiruni Gunasekara
SH-001247,SR-25-00302,In Progress,QC,2025-01-29,Hiruni Gunasekara
SH-001248,SR-25-00302,QC,Completed,2025-01-30,Hiruni Gunasekara
SH-001249,SR-25-00303,Submitted,Approved,2025-01-29,Sachini Silva
SH-001250,SR-25-00303,Approved,In Progress,2025-01-30,Sachini Silva
SH-001251,SR-25-00303,In Progress,QC,2025-02-01,Sachini Silva
SH-001252,SR-25-00303,QC,Completed,2025-02-02,Sachini Silva
SH-001253,SR-25-00304,Submitted,Approved,2025-01-29,Hiruni Gunasekara
SH-001254,SR-25-00304,Approved,In Progress,2025-01-30,Hiruni Gunasekara
SH-001255,SR-25-00304,In Progress,QC,2025-02-01,Hiruni Gunasekara
SH-001256,SR-25-00304,QC,Completed,2025-02-02,Hiruni Gunasekara
SH-001257,SR-25-00305,Submitted,Approved,2025-01-30,Kavindu Fernando
SH-001258,SR-25-00305,Approved,In Progress,2025-01-31,Kavindu Fernando
SH-001259,SR-25-00305,In Progress,QC,2025-02-02,Kavindu Fernando
SH-001260,SR-25-00305,QC,Completed,2025-02-03,Kavindu Fernando
SH-001261,SR-25-00306,Submitted,Approved,2025-01-30,Nethmi Perera
SH-001262,SR-25-00306,Approved,In Progress,2025-01-31,Nethmi Perera
SH-001263,SR-25-00306,In Progress,QC,2025-02-01,Nethmi Perera
SH-001264,SR-25-00306,QC,Completed,2025-02-02,Nethmi Perera
SH-001265,SR-25-00307,Submitted,Approved,2025-01-30,Kavindu Fernando
SH-001266,SR-25-00307,Approved,In Progress,2025-01-31,Kavindu Fernando
SH-001267,SR-25-00307,In Progress,QC,2025-01-31,Kavindu Fernando
SH-001268,SR-25-00307,QC,Completed,2025-02-01,Kavindu Fernando
SH-001269,SR-25-00308,Submitted,Approved,2025-01-31,Nethmi Perera
SH-001270,SR-25-00308,Approved,In Progress,2025-02-01,Nethmi Perera
SH-001271,SR-25-00308,In Progress,QC,2025-02-02,Nethmi Perera
SH-001272,SR-25-00308,QC,Completed,2025-02-04,Nethmi Perera
SH-001273,SR-25-00309,Submitted,Approved,2025-01-31,Ashen Rathnayake
SH-001274,SR-25-00309,Approved,In Progress,2025-02-02,Ashen Rathnayake
SH-001275,SR-25-00309,In Progress,QC,2025-02-03,Ashen Rathnayake
SH-001276,SR-25-00309,QC,Completed,2025-02-05,Ashen Rathnayake
SH-001277,SR-25-00310,Submitted,Approved,2025-01-30,Kavindu Fernando
SH-001278,SR-25-00310,Approved,In Progress,2025-01-31,Kavindu Fernando
SH-001279,SR-25-00310,In Progress,QC,2025-02-01,Kavindu Fernando
SH-001280,SR-25-00310,QC,Completed,2025-02-01,Kavindu Fernando
SH-001281,SR-25-00311,Submitted,Approved,2025-01-31,Sachini Silva
SH-001282,SR-25-00311,Approved,In Progress,2025-02-01,Sachini Silva
SH-001283,SR-25-00311,In Progress,QC,2025-02-03,Sachini Silva
SH-001284,SR-25-00311,QC,Completed,2025-02-04,Sachini Silva
SH-001285,SR-25-00312,Submitted,Approved,2025-01-30,Nethmi Perera
SH-001286,SR-25-00312,Approved,In Progress,2025-01-30,Nethmi Perera
SH-001287,SR-25-00312,In Progress,QC,2025-01-31,Nethmi Perera
SH-001288,SR-25-00312,QC,Completed,2025-01-31,Nethmi Perera
SH-001289,SR-25-00313,Submitted,Approved,2025-02-01,Nethmi Perera
SH-001290,SR-25-00313,Approved,In Progress,2025-02-02,Nethmi Perera
SH-001291,SR-25-00313,In Progress,QC,2025-02-03,Nethmi Perera
SH-001292,SR-25-00313,QC,Completed,2025-02-04,Nethmi Perera
SH-001293,SR-25-00314,Submitted,Approved,2025-02-01,Nethmi Perera
SH-001294,SR-25-00314,Approved,In Progress,2025-02-02,Nethmi Perera
SH-001295,SR-25-00314,In Progress,QC,2025-02-02,Nethmi Perera
SH-001296,SR-25-00314,QC,Completed,2025-02-03,Nethmi Perera
SH-001297,SR-25-00315,Submitted,Approved,2025-02-01,Ashen Rathnayake
SH-001298,SR-25-00315,Approved,In Progress,2025-02-02,Ashen Rathnayake
SH-001299,SR-25-00315,In Progress,QC,2025-02-04,Ashen Rathnayake
SH-001300,SR-25-00315,QC,Completed,2025-02-05,Ashen Rathnayake
SH-001301,SR-25-00316,Submitted,Approved,2025-02-02,Kavindu Fernando
SH-001302,SR-25-00316,Approved,In Progress,2025-02-03,Kavindu Fernando
SH-001303,SR-25-00316,In Progress,QC,2025-02-05,Kavindu Fernando
SH-001304,SR-25-00316,QC,Completed,2025-02-06,Kavindu Fernando
SH-001305,SR-25-00317,Submitted,Approved,2025-02-01,Ashen Rathnayake
SH-001306,SR-25-00317,Approved,In Progress,2025-02-02,Ashen Rathnayake
SH-001307,SR-25-00317,In Progress,QC,2025-02-03,Ashen Rathnayake
SH-001308,SR-25-00317,QC,Completed,2025-02-03,Ashen Rathnayake
SH-001309,SR-25-00318,Submitted,Approved,2025-02-03,Hiruni Gunasekara
SH-001310,SR-25-00318,Approved,In Progress,2025-02-04,Hiruni Gunasekara
SH-001311,SR-25-00318,In Progress,QC,2025-02-05,Hiruni Gunasekara
SH-001312,SR-25-00318,QC,Completed,2025-02-07,Hiruni Gunasekara
SH-001313,SR-25-00319,Submitted,Approved,2025-02-02,Ashen Rathnayake
SH-001314,SR-25-00319,Approved,In Progress,2025-02-03,Ashen Rathnayake
SH-001315,SR-25-00319,In Progress,QC,2025-02-04,Ashen Rathnayake
SH-001316,SR-25-00319,QC,Completed,2025-02-05,Ashen Rathnayake
SH-001317,SR-25-00320,Submitted,Approved,2025-02-05,Kavindu Fernando
SH-001318,SR-25-00320,Approved,In Progress,2025-02-06,Kavindu Fernando
SH-001319,SR-25-00320,In Progress,QC,2025-02-07,Kavindu Fernando
SH-001320,SR-25-00320,QC,Completed,2025-02-09,Kavindu Fernando
SH-001321,SR-25-00321,Submitted,Approved,2025-02-05,Kavindu Fernando
SH-001322,SR-25-00321,Approved,In Progress,2025-02-07,Kavindu Fernando
SH-001323,SR-25-00321,In Progress,QC,2025-02-09,Kavindu Fernando
SH-001324,SR-25-00321,QC,Completed,2025-02-11,Kavindu Fernando
SH-001325,SR-25-00322,Submitted,Approved,2025-02-06,Dulani Jayasuriya
SH-001326,SR-25-00322,Approved,In Progress,2025-02-08,Dulani Jayasuriya
SH-001327,SR-25-00322,In Progress,QC,2025-02-10,Dulani Jayasuriya
SH-001328,SR-25-00322,QC,Completed,2025-02-12,Dulani Jayasuriya
SH-001329,SR-25-00323,Submitted,Approved,2025-02-05,Ashen Rathnayake
SH-001330,SR-25-00323,Approved,In Progress,2025-02-06,Ashen Rathnayake
SH-001331,SR-25-00323,In Progress,QC,2025-02-06,Ashen Rathnayake
SH-001332,SR-25-00323,QC,Completed,2025-02-07,Ashen Rathnayake
SH-001333,SR-25-00324,Submitted,Approved,2025-02-06,Ashen Rathnayake
SH-001334,SR-25-00324,Approved,In Progress,2025-02-08,Ashen Rathnayake
SH-001335,SR-25-00324,In Progress,QC,2025-02-09,Ashen Rathnayake
SH-001336,SR-25-00324,QC,Completed,2025-02-11,Ashen Rathnayake
SH-001337,SR-25-00325,Submitted,Approved,2025-02-05,Sachini Silva
SH-001338,SR-25-00325,Approved,In Progress,2025-02-06,Sachini Silva
SH-001339,SR-25-00325,In Progress,QC,2025-02-07,Sachini Silva
SH-001340,SR-25-00325,QC,Completed,2025-02-08,Sachini Silva
SH-001341,SR-25-00326,Submitted,Approved,2025-02-05,Nethmi Perera
SH-001342,SR-25-00326,Approved,In Progress,2025-02-06,Nethmi Perera
SH-001343,SR-25-00326,In Progress,QC,2025-02-07,Nethmi Perera
SH-001344,SR-25-00326,QC,Completed,2025-02-08,Nethmi Perera
SH-001345,SR-25-00327,Submitted,Approved,2025-02-04,Ashen Rathnayake
SH-001346,SR-25-00327,Approved,In Progress,2025-02-04,Ashen Rathnayake
SH-001347,SR-25-00327,In Progress,QC,2025-02-05,Ashen Rathnayake
SH-001348,SR-25-00327,QC,Completed,2025-02-05,Ashen Rathnayake
SH-001349,SR-25-00328,Submitted,Approved,2025-02-04,Ashen Rathnayake
SH-001350,SR-25-00328,Approved,In Progress,2025-02-05,Ashen Rathnayake
SH-001351,SR-25-00328,In Progress,QC,2025-02-06,Ashen Rathnayake
SH-001352,SR-25-00328,QC,Completed,2025-02-06,Ashen Rathnayake
SH-001353,SR-25-00329,Submitted,Approved,2025-02-07,Dulani Jayasuriya
SH-001354,SR-25-00329,Approved,In Progress,2025-02-08,Dulani Jayasuriya
SH-001355,SR-25-00329,In Progress,QC,2025-02-09,Dulani Jayasuriya
SH-001356,SR-25-00329,QC,Completed,2025-02-11,Dulani Jayasuriya
SH-001357,SR-25-00330,Submitted,Approved,2025-02-07,Sachini Silva
SH-001358,SR-25-00330,Approved,In Progress,2025-02-08,Sachini Silva
SH-001359,SR-25-00330,In Progress,QC,2025-02-09,Sachini Silva
SH-001360,SR-25-00330,QC,Completed,2025-02-11,Sachini Silva
SH-001361,SR-25-00331,Submitted,Approved,2025-02-06,Hiruni Gunasekara
SH-001362,SR-25-00331,Approved,In Progress,2025-02-07,Hiruni Gunasekara
SH-001363,SR-25-00331,In Progress,QC,2025-02-08,Hiruni Gunasekara
SH-001364,SR-25-00331,QC,Completed,2025-02-09,Hiruni Gunasekara
SH-001365,SR-25-00332,Submitted,Approved,2025-02-06,Dulani Jayasuriya
SH-001366,SR-25-00332,Approved,In Progress,2025-02-07,Dulani Jayasuriya
SH-001367,SR-25-00332,In Progress,QC,2025-02-07,Dulani Jayasuriya
SH-001368,SR-25-00332,QC,Completed,2025-02-08,Dulani Jayasuriya
SH-001369,SR-25-00333,Submitted,Approved,2025-02-08,Ashen Rathnayake
SH-001370,SR-25-00333,Approved,In Progress,2025-02-09,Ashen Rathnayake
SH-001371,SR-25-00333,In Progress,QC,2025-02-10,Ashen Rathnayake
SH-001372,SR-25-00333,QC,Completed,2025-02-12,Ashen Rathnayake
SH-001373,SR-25-00334,Submitted,Approved,2025-02-06,Kavindu Fernando
SH-001374,SR-25-00334,Approved,In Progress,2025-02-07,Kavindu Fernando
SH-001375,SR-25-00334,In Progress,QC,2025-02-08,Kavindu Fernando
SH-001376,SR-25-00334,QC,Completed,2025-02-08,Kavindu Fernando
SH-001377,SR-25-00335,Submitted,Approved,2025-02-08,Sachini Silva
SH-001378,SR-25-00335,Approved,In Progress,2025-02-09,Sachini Silva
SH-001379,SR-25-00335,In Progress,QC,2025-02-09,Sachini Silva
SH-001380,SR-25-00335,QC,Completed,2025-02-10,Sachini Silva
SH-001381,SR-25-00336,Submitted,Approved,2025-02-08,Sachini Silva
SH-001382,SR-25-00336,Approved,In Progress,2025-02-09,Sachini Silva
SH-001383,SR-25-00336,In Progress,QC,2025-02-09,Sachini Silva
SH-001384,SR-25-00336,QC,Completed,2025-02-10,Sachini Silva
SH-001385,SR-25-00337,Submitted,Approved,2025-02-09,Sachini Silva
SH-001386,SR-25-00337,Approved,In Progress,2025-02-10,Sachini Silva
SH-001387,SR-25-00337,In Progress,QC,2025-02-11,Sachini Silva
SH-001388,SR-25-00337,QC,Completed,2025-02-13,Sachini Silva
SH-001389,SR-25-00338,Submitted,Approved,2025-02-09,Sachini Silva
SH-001390,SR-25-00338,Approved,In Progress,2025-02-10,Sachini Silva
SH-001391,SR-25-00338,In Progress,QC,2025-02-10,Sachini Silva
SH-001392,SR-25-00338,QC,Completed,2025-02-11,Sachini Silva
SH-001393,SR-25-00339,Submitted,Approved,2025-02-10,Dulani Jayasuriya
SH-001394,SR-25-00339,Approved,In Progress,2025-02-12,Dulani Jayasuriya
SH-001395,SR-25-00339,In Progress,QC,2025-02-14,Dulani Jayasuriya
SH-001396,SR-25-00339,QC,Completed,2025-02-16,Dulani Jayasuriya
SH-001397,SR-25-00340,Submitted,Approved,2025-02-09,Kavindu Fernando
SH-001398,SR-25-00340,Approved,In Progress,2025-02-10,Kavindu Fernando
SH-001399,SR-25-00340,In Progress,QC,2025-02-10,Kavindu Fernando
SH-001400,SR-25-00340,QC,Completed,2025-02-11,Kavindu Fernando
SH-001401,SR-25-00341,Submitted,Approved,2025-02-09,Kavindu Fernando
SH-001402,SR-25-00341,Approved,In Progress,2025-02-10,Kavindu Fernando
SH-001403,SR-25-00341,In Progress,QC,2025-02-11,Kavindu Fernando
SH-001404,SR-25-00341,QC,Completed,2025-02-12,Kavindu Fernando
SH-001405,SR-25-00342,Submitted,Approved,2025-02-11,Hiruni Gunasekara
SH-001406,SR-25-00342,Approved,In Progress,2025-02-12,Hiruni Gunasekara
SH-001407,SR-25-00342,In Progress,QC,2025-02-12,Hiruni Gunasekara
SH-001408,SR-25-00342,QC,Completed,2025-02-13,Hiruni Gunasekara
SH-001409,SR-25-00343,Submitted,Approved,2025-02-11,Kavindu Fernando
SH-001410,SR-25-00343,Approved,In Progress,2025-02-12,Kavindu Fernando
SH-001411,SR-25-00343,In Progress,QC,2025-02-14,Kavindu Fernando
SH-001412,SR-25-00343,QC,Completed,2025-02-15,Kavindu Fernando
SH-001413,SR-25-00344,Submitted,Approved,2025-02-12,Hiruni Gunasekara
SH-001414,SR-25-00344,Approved,In Progress,2025-02-13,Hiruni Gunasekara
SH-001415,SR-25-00344,In Progress,QC,2025-02-14,Hiruni Gunasekara
SH-001416,SR-25-00344,QC,Completed,2025-02-15,Hiruni Gunasekara
SH-001417,SR-25-00345,Submitted,Approved,2025-02-11,Sachini Silva
SH-001418,SR-25-00345,Approved,In Progress,2025-02-11,Sachini Silva
SH-001419,SR-25-00345,In Progress,QC,2025-02-12,Sachini Silva
SH-001420,SR-25-00345,QC,Completed,2025-02-12,Sachini Silva
SH-001421,SR-25-00346,Submitted,Approved,2025-02-11,Nethmi Perera
SH-001422,SR-25-00346,Approved,In Progress,2025-02-12,Nethmi Perera
SH-001423,SR-25-00346,In Progress,QC,2025-02-13,Nethmi Perera
SH-001424,SR-25-00346,QC,Rework,2025-02-13,Nethmi Perera
SH-001425,SR-25-00346,Rework,QC,2025-02-13,Nethmi Perera
SH-001426,SR-25-00346,QC,Completed,2025-02-14,Nethmi Perera
SH-001427,SR-25-00347,Submitted,Approved,2025-02-12,Hiruni Gunasekara
SH-001428,SR-25-00347,Approved,In Progress,2025-02-13,Hiruni Gunasekara
SH-001429,SR-25-00347,In Progress,QC,2025-02-14,Hiruni Gunasekara
SH-001430,SR-25-00347,QC,Completed,2025-02-14,Hiruni Gunasekara
SH-001431,SR-25-00348,Submitted,Approved,2025-02-13,Nethmi Perera
SH-001432,SR-25-00348,Approved,In Progress,2025-02-14,Nethmi Perera
SH-001433,SR-25-00348,In Progress,QC,2025-02-14,Nethmi Perera
SH-001434,SR-25-00348,QC,Completed,2025-02-15,Nethmi Perera
SH-001435,SR-25-00349,Submitted,Approved,2025-02-14,Dulani Jayasuriya
SH-001436,SR-25-00349,Approved,In Progress,2025-02-15,Dulani Jayasuriya
SH-001437,SR-25-00349,In Progress,QC,2025-02-16,Dulani Jayasuriya
SH-001438,SR-25-00349,QC,Completed,2025-02-17,Dulani Jayasuriya
SH-001439,SR-25-00350,Submitted,Approved,2025-02-14,Kavindu Fernando
SH-001440,SR-25-00350,Approved,In Progress,2025-02-15,Kavindu Fernando
SH-001441,SR-25-00350,In Progress,QC,2025-02-17,Kavindu Fernando
SH-001442,SR-25-00350,QC,Completed,2025-02-18,Kavindu Fernando
SH-001443,SR-25-00351,Submitted,Approved,2025-02-16,Dulani Jayasuriya
SH-001444,SR-25-00351,Approved,In Progress,2025-02-17,Dulani Jayasuriya
SH-001445,SR-25-00351,In Progress,QC,2025-02-18,Dulani Jayasuriya
SH-001446,SR-25-00351,QC,Completed,2025-02-20,Dulani Jayasuriya
SH-001447,SR-25-00352,Submitted,Approved,2025-02-15,Dulani Jayasuriya
SH-001448,SR-25-00352,Approved,In Progress,2025-02-16,Dulani Jayasuriya
SH-001449,SR-25-00352,In Progress,QC,2025-02-18,Dulani Jayasuriya
SH-001450,SR-25-00352,QC,Completed,2025-02-19,Dulani Jayasuriya
SH-001451,SR-25-00353,Submitted,Approved,2025-02-16,Sachini Silva
SH-001452,SR-25-00353,Approved,In Progress,2025-02-18,Sachini Silva
SH-001453,SR-25-00353,In Progress,QC,2025-02-20,Sachini Silva
SH-001454,SR-25-00353,QC,Completed,2025-02-22,Sachini Silva
SH-001455,SR-25-00354,Submitted,Approved,2025-02-15,Hiruni Gunasekara
SH-001456,SR-25-00354,Approved,In Progress,2025-02-16,Hiruni Gunasekara
SH-001457,SR-25-00354,In Progress,QC,2025-02-17,Hiruni Gunasekara
SH-001458,SR-25-00354,QC,Completed,2025-02-18,Hiruni Gunasekara
SH-001459,SR-25-00355,Submitted,Approved,2025-02-16,Dulani Jayasuriya
SH-001460,SR-25-00355,Approved,In Progress,2025-02-18,Dulani Jayasuriya
SH-001461,SR-25-00355,In Progress,QC,2025-02-19,Dulani Jayasuriya
SH-001462,SR-25-00355,QC,Completed,2025-02-21,Dulani Jayasuriya
SH-001463,SR-25-00356,Submitted,Approved,2025-02-15,Nethmi Perera
SH-001464,SR-25-00356,Approved,In Progress,2025-02-16,Nethmi Perera
SH-001465,SR-25-00356,In Progress,QC,2025-02-16,Nethmi Perera
SH-001466,SR-25-00356,QC,Completed,2025-02-17,Nethmi Perera
SH-001467,SR-25-00357,Submitted,Approved,2025-02-15,Hiruni Gunasekara
SH-001468,SR-25-00357,Approved,In Progress,2025-02-16,Hiruni Gunasekara
SH-001469,SR-25-00357,In Progress,QC,2025-02-16,Hiruni Gunasekara
SH-001470,SR-25-00357,QC,Completed,2025-02-17,Hiruni Gunasekara
SH-001471,SR-25-00358,Submitted,Approved,2025-02-15,Nethmi Perera
SH-001472,SR-25-00358,Approved,In Progress,2025-02-16,Nethmi Perera
SH-001473,SR-25-00358,In Progress,QC,2025-02-17,Nethmi Perera
SH-001474,SR-25-00358,QC,Completed,2025-02-18,Nethmi Perera
SH-001475,SR-25-00359,Submitted,Approved,2025-02-16,Kavindu Fernando
SH-001476,SR-25-00359,Approved,In Progress,2025-02-17,Kavindu Fernando
SH-001477,SR-25-00359,In Progress,QC,2025-02-19,Kavindu Fernando
SH-001478,SR-25-00359,QC,Completed,2025-02-20,Kavindu Fernando
SH-001479,SR-25-00360,Submitted,Approved,2025-02-15,Hiruni Gunasekara
SH-001480,SR-25-00360,Approved,In Progress,2025-02-16,Hiruni Gunasekara
SH-001481,SR-25-00360,In Progress,QC,2025-02-17,Hiruni Gunasekara
SH-001482,SR-25-00360,QC,Completed,2025-02-17,Hiruni Gunasekara
SH-001483,SR-25-00361,Submitted,Approved,2025-02-17,Hiruni Gunasekara
SH-001484,SR-25-00361,Approved,In Progress,2025-02-18,Hiruni Gunasekara
SH-001485,SR-25-00361,In Progress,QC,2025-02-19,Hiruni Gunasekara
SH-001486,SR-25-00361,QC,Completed,2025-02-19,Hiruni Gunasekara
SH-001487,SR-25-00362,Submitted,Approved,2025-02-19,Kavindu Fernando
SH-001488,SR-25-00362,Approved,In Progress,2025-02-20,Kavindu Fernando
SH-001489,SR-25-00362,In Progress,QC,2025-02-21,Kavindu Fernando
SH-001490,SR-25-00362,QC,Completed,2025-02-23,Kavindu Fernando
SH-001491,SR-25-00363,Submitted,Approved,2025-02-18,Nethmi Perera
SH-001492,SR-25-00363,Approved,In Progress,2025-02-19,Nethmi Perera
SH-001493,SR-25-00363,In Progress,QC,2025-02-21,Nethmi Perera
SH-001494,SR-25-00363,QC,Completed,2025-02-22,Nethmi Perera
SH-001495,SR-25-00364,Submitted,Approved,2025-02-19,Hiruni Gunasekara
SH-001496,SR-25-00364,Approved,In Progress,2025-02-20,Hiruni Gunasekara
SH-001497,SR-25-00364,In Progress,QC,2025-02-21,Hiruni Gunasekara
SH-001498,SR-25-00364,QC,Completed,2025-02-23,Hiruni Gunasekara
SH-001499,SR-25-00365,Submitted,Approved,2025-02-17,Kavindu Fernando
SH-001500,SR-25-00365,Approved,In Progress,2025-02-18,Kavindu Fernando
SH-001501,SR-25-00365,In Progress,QC,2025-02-19,Kavindu Fernando
SH-001502,SR-25-00365,QC,Completed,2025-02-19,Kavindu Fernando
SH-001503,SR-25-00366,Submitted,Approved,2025-02-18,Hiruni Gunasekara
SH-001504,SR-25-00366,Approved,In Progress,2025-02-19,Hiruni Gunasekara
SH-001505,SR-25-00366,In Progress,QC,2025-02-20,Hiruni Gunasekara
SH-001506,SR-25-00366,QC,Completed,2025-02-21,Hiruni Gunasekara
SH-001507,SR-25-00367,Submitted,Approved,2025-02-19,Ashen Rathnayake
SH-001508,SR-25-00367,Approved,In Progress,2025-02-21,Ashen Rathnayake
SH-001509,SR-25-00367,In Progress,QC,2025-02-23,Ashen Rathnayake
SH-001510,SR-25-00367,QC,Rework,2025-02-26,Ashen Rathnayake
SH-001511,SR-25-00367,Rework,QC,2025-02-28,Ashen Rathnayake
SH-001512,SR-25-00367,QC,Completed,2025-03-02,Ashen Rathnayake
SH-001513,SR-25-00368,Submitted,Approved,2025-02-18,Sachini Silva
SH-001514,SR-25-00368,Approved,In Progress,2025-02-19,Sachini Silva
SH-001515,SR-25-00368,In Progress,QC,2025-02-21,Sachini Silva
SH-001516,SR-25-00368,QC,Completed,2025-02-22,Sachini Silva
SH-001517,SR-25-00369,Submitted,Approved,2025-02-20,Ashen Rathnayake
SH-001518,SR-25-00369,Approved,In Progress,2025-02-22,Ashen Rathnayake
SH-001519,SR-25-00369,In Progress,QC,2025-02-23,Ashen Rathnayake
SH-001520,SR-25-00369,QC,Completed,2025-02-25,Ashen Rathnayake
SH-001521,SR-25-00370,Submitted,Approved,2025-02-18,Dulani Jayasuriya
SH-001522,SR-25-00370,Approved,In Progress,2025-02-19,Dulani Jayasuriya
SH-001523,SR-25-00370,In Progress,QC,2025-02-20,Dulani Jayasuriya
SH-001524,SR-25-00370,QC,Completed,2025-02-20,Dulani Jayasuriya
SH-001525,SR-25-00371,Submitted,Approved,2025-02-19,Sachini Silva
SH-001526,SR-25-00371,Approved,In Progress,2025-02-20,Sachini Silva
SH-001527,SR-25-00371,In Progress,QC,2025-02-20,Sachini Silva
SH-001528,SR-25-00371,QC,Completed,2025-02-21,Sachini Silva
SH-001529,SR-25-00372,Submitted,Approved,2025-02-19,Nethmi Perera
SH-001530,SR-25-00372,Approved,In Progress,2025-02-20,Nethmi Perera
SH-001531,SR-25-00372,In Progress,QC,2025-02-22,Nethmi Perera
SH-001532,SR-25-00372,QC,Completed,2025-02-23,Nethmi Perera
SH-001533,SR-25-00373,Submitted,Approved,2025-02-21,Sachini Silva
SH-001534,SR-25-00373,Approved,In Progress,2025-02-22,Sachini Silva
SH-001535,SR-25-00373,In Progress,QC,2025-02-23,Sachini Silva
SH-001536,SR-25-00373,QC,Completed,2025-02-25,Sachini Silva
SH-001537,SR-25-00374,Submitted,Approved,2025-02-21,Dulani Jayasuriya
SH-001538,SR-25-00374,Approved,In Progress,2025-02-23,Dulani Jayasuriya
SH-001539,SR-25-00374,In Progress,QC,2025-02-24,Dulani Jayasuriya
SH-001540,SR-25-00374,QC,Completed,2025-02-26,Dulani Jayasuriya
SH-001541,SR-25-00375,Submitted,Approved,2025-02-20,Dulani Jayasuriya
SH-001542,SR-25-00375,Approved,In Progress,2025-02-21,Dulani Jayasuriya
SH-001543,SR-25-00375,In Progress,QC,2025-02-21,Dulani Jayasuriya
SH-001544,SR-25-00375,QC,Completed,2025-02-22,Dulani Jayasuriya
SH-001545,SR-25-00376,Submitted,Approved,2025-02-19,Kavindu Fernando
SH-001546,SR-25-00376,Approved,In Progress,2025-02-19,Kavindu Fernando
SH-001547,SR-25-00376,In Progress,QC,2025-02-20,Kavindu Fernando
SH-001548,SR-25-00376,QC,Completed,2025-02-20,Kavindu Fernando
SH-001549,SR-25-00377,Submitted,Approved,2025-02-22,Hiruni Gunasekara
SH-001550,SR-25-00377,Approved,In Progress,2025-02-24,Hiruni Gunasekara
SH-001551,SR-25-00377,In Progress,QC,2025-02-27,Hiruni Gunasekara
SH-001552,SR-25-00377,QC,Completed,2025-03-01,Hiruni Gunasekara
SH-001553,SR-25-00378,Submitted,Approved,2025-02-22,Nethmi Perera
SH-001554,SR-25-00378,Approved,In Progress,2025-02-25,Nethmi Perera
SH-001555,SR-25-00378,In Progress,QC,2025-02-28,Nethmi Perera
SH-001556,SR-25-00378,QC,Completed,2025-03-02,Nethmi Perera
SH-001557,SR-25-00379,Submitted,Approved,2025-02-23,Kavindu Fernando
SH-001558,SR-25-00379,Approved,In Progress,2025-02-24,Kavindu Fernando
SH-001559,SR-25-00379,In Progress,QC,2025-02-25,Kavindu Fernando
SH-001560,SR-25-00379,QC,Completed,2025-02-26,Kavindu Fernando
SH-001561,SR-25-00380,Submitted,Approved,2025-02-24,Dulani Jayasuriya
SH-001562,SR-25-00380,Approved,In Progress,2025-02-26,Dulani Jayasuriya
SH-001563,SR-25-00380,In Progress,QC,2025-02-27,Dulani Jayasuriya
SH-001564,SR-25-00380,QC,Completed,2025-03-01,Dulani Jayasuriya
SH-001565,SR-25-00381,Submitted,Approved,2025-02-24,Sachini Silva
SH-001566,SR-25-00381,Approved,In Progress,2025-02-25,Sachini Silva
SH-001567,SR-25-00381,In Progress,QC,2025-02-26,Sachini Silva
SH-001568,SR-25-00381,QC,Completed,2025-02-28,Sachini Silva
SH-001569,SR-25-00382,Submitted,Approved,2025-02-26,Kavindu Fernando
SH-001570,SR-25-00382,Approved,In Progress,2025-02-28,Kavindu Fernando
SH-001571,SR-25-00382,In Progress,QC,2025-03-02,Kavindu Fernando
SH-001572,SR-25-00382,QC,Completed,2025-03-04,Kavindu Fernando
SH-001573,SR-25-00383,Submitted,Approved,2025-02-25,Hiruni Gunasekara
SH-001574,SR-25-00383,Approved,In Progress,2025-02-26,Hiruni Gunasekara
SH-001575,SR-25-00383,In Progress,QC,2025-02-27,Hiruni Gunasekara
SH-001576,SR-25-00383,QC,Completed,2025-02-28,Hiruni Gunasekara
SH-001577,SR-25-00384,Submitted,Approved,2025-02-25,Kavindu Fernando
SH-001578,SR-25-00384,Approved,In Progress,2025-02-26,Kavindu Fernando
SH-001579,SR-25-00384,In Progress,QC,2025-02-27,Kavindu Fernando
SH-001580,SR-25-00384,QC,Completed,2025-02-27,Kavindu Fernando
SH-001581,SR-25-00385,Submitted,Approved,2025-02-25,Kavindu Fernando
SH-001582,SR-25-00385,Approved,In Progress,2025-02-26,Kavindu Fernando
SH-001583,SR-25-00385,In Progress,QC,2025-02-27,Kavindu Fernando
SH-001584,SR-25-00385,QC,Completed,2025-02-27,Kavindu Fernando
SH-001585,SR-25-00386,Submitted,Approved,2025-02-26,Sachini Silva
SH-001586,SR-25-00386,Approved,In Progress,2025-02-27,Sachini Silva
SH-001587,SR-25-00386,In Progress,QC,2025-02-28,Sachini Silva
SH-001588,SR-25-00386,QC,Completed,2025-03-01,Sachini Silva
SH-001589,SR-25-00387,Submitted,Approved,2025-02-27,Ashen Rathnayake
SH-001590,SR-25-00387,Approved,In Progress,2025-03-01,Ashen Rathnayake
SH-001591,SR-25-00387,In Progress,QC,2025-03-02,Ashen Rathnayake
SH-001592,SR-25-00387,QC,Completed,2025-03-04,Ashen Rathnayake
SH-001593,SR-25-00388,Submitted,Approved,2025-02-26,Sachini Silva
SH-001594,SR-25-00388,Approved,In Progress,2025-02-27,Sachini Silva
SH-001595,SR-25-00388,In Progress,QC,2025-02-27,Sachini Silva
SH-001596,SR-25-00388,QC,Completed,2025-02-28,Sachini Silva
SH-001597,SR-25-00389,Submitted,Approved,2025-02-26,Ashen Rathnayake
SH-001598,SR-25-00389,Approved,In Progress,2025-02-27,Ashen Rathnayake
SH-001599,SR-25-00389,In Progress,QC,2025-02-28,Ashen Rathnayake
SH-001600,SR-25-00389,QC,Completed,2025-02-28,Ashen Rathnayake
SH-001601,SR-25-00390,Submitted,Approved,2025-02-27,Hiruni Gunasekara
SH-001602,SR-25-00390,Approved,In Progress,2025-02-28,Hiruni Gunasekara
SH-001603,SR-25-00390,In Progress,QC,2025-02-28,Hiruni Gunasekara
SH-001604,SR-25-00390,QC,Completed,2025-03-01,Hiruni Gunasekara
SH-001605,SR-25-00391,Submitted,Approved,2025-02-28,Kavindu Fernando
SH-001606,SR-25-00391,Approved,In Progress,2025-03-01,Kavindu Fernando
SH-001607,SR-25-00391,In Progress,QC,2025-03-02,Kavindu Fernando
SH-001608,SR-25-00391,QC,Completed,2025-03-03,Kavindu Fernando
SH-001609,SR-25-00392,Submitted,Approved,2025-03-01,Hiruni Gunasekara
SH-001610,SR-25-00392,Approved,In Progress,2025-03-03,Hiruni Gunasekara
SH-001611,SR-25-00392,In Progress,QC,2025-03-06,Hiruni Gunasekara
SH-001612,SR-25-00392,QC,Completed,2025-03-08,Hiruni Gunasekara
SH-001613,SR-25-00393,Submitted,Approved,2025-03-01,Hiruni Gunasekara
SH-001614,SR-25-00393,Approved,In Progress,2025-03-03,Hiruni Gunasekara
SH-001615,SR-25-00393,In Progress,QC,2025-03-06,Hiruni Gunasekara
SH-001616,SR-25-00393,QC,Completed,2025-03-08,Hiruni Gunasekara
SH-001617,SR-25-00394,Submitted,Approved,2025-03-01,Sachini Silva
SH-001618,SR-25-00394,Approved,In Progress,2025-03-02,Sachini Silva
SH-001619,SR-25-00394,In Progress,QC,2025-03-03,Sachini Silva
SH-001620,SR-25-00394,QC,Completed,2025-03-05,Sachini Silva
SH-001621,SR-25-00395,Submitted,Approved,2025-02-28,Hiruni Gunasekara
SH-001622,SR-25-00395,Approved,In Progress,2025-03-01,Hiruni Gunasekara
SH-001623,SR-25-00395,In Progress,QC,2025-03-03,Hiruni Gunasekara
SH-001624,SR-25-00395,QC,Completed,2025-03-04,Hiruni Gunasekara
SH-001625,SR-25-00396,Submitted,Approved,2025-03-01,Ashen Rathnayake
SH-001626,SR-25-00396,Approved,In Progress,2025-03-03,Ashen Rathnayake
SH-001627,SR-25-00396,In Progress,QC,2025-03-06,Ashen Rathnayake
SH-001628,SR-25-00396,QC,Completed,2025-03-08,Ashen Rathnayake
SH-001629,SR-25-00397,Submitted,Approved,2025-03-02,Nethmi Perera
SH-001630,SR-25-00397,Approved,In Progress,2025-03-05,Nethmi Perera
SH-001631,SR-25-00397,In Progress,QC,2025-03-08,Nethmi Perera
SH-001632,SR-25-00397,QC,Completed,2025-03-10,Nethmi Perera
SH-001633,SR-25-00398,Submitted,Approved,2025-03-02,Sachini Silva
SH-001634,SR-25-00398,Approved,In Progress,2025-03-04,Sachini Silva
SH-001635,SR-25-00398,In Progress,QC,2025-03-06,Sachini Silva
SH-001636,SR-25-00398,QC,Completed,2025-03-08,Sachini Silva
SH-001637,SR-25-00399,Submitted,Approved,2025-03-02,Ashen Rathnayake
SH-001638,SR-25-00399,Approved,In Progress,2025-03-03,Ashen Rathnayake
SH-001639,SR-25-00399,In Progress,QC,2025-03-05,Ashen Rathnayake
SH-001640,SR-25-00399,QC,Completed,2025-03-06,Ashen Rathnayake
SH-001641,SR-25-00400,Submitted,Approved,2025-03-02,Nethmi Perera
SH-001642,SR-25-00400,Approved,In Progress,2025-03-03,Nethmi Perera
SH-001643,SR-25-00400,In Progress,QC,2025-03-05,Nethmi Perera
SH-001644,SR-25-00400,QC,Completed,2025-03-06,Nethmi Perera
SH-001645,SR-25-00401,Submitted,Approved,2025-03-03,Sachini Silva
SH-001646,SR-25-00401,Approved,In Progress,2025-03-05,Sachini Silva
SH-001647,SR-25-00401,In Progress,QC,2025-03-07,Sachini Silva
SH-001648,SR-25-00401,QC,Completed,2025-03-09,Sachini Silva
SH-001649,SR-25-00402,Submitted,Approved,2025-03-01,Nethmi Perera
SH-001650,SR-25-00402,Approved,In Progress,2025-03-02,Nethmi Perera
SH-001651,SR-25-00402,In Progress,QC,2025-03-03,Nethmi Perera
SH-001652,SR-25-00402,QC,Completed,2025-03-03,Nethmi Perera
SH-001653,SR-25-00403,Submitted,Approved,2025-03-05,Hiruni Gunasekara
SH-001654,SR-25-00403,Approved,In Progress,2025-03-07,Hiruni Gunasekara
SH-001655,SR-25-00403,In Progress,QC,2025-03-09,Hiruni Gunasekara
SH-001656,SR-25-00403,QC,Completed,2025-03-11,Hiruni Gunasekara
SH-001657,SR-25-00404,Submitted,Approved,2025-03-04,Ashen Rathnayake
SH-001658,SR-25-00404,Approved,In Progress,2025-03-05,Ashen Rathnayake
SH-001659,SR-25-00404,In Progress,QC,2025-03-07,Ashen Rathnayake
SH-001660,SR-25-00404,QC,Completed,2025-03-08,Ashen Rathnayake
SH-001661,SR-25-00405,Submitted,Approved,2025-03-05,Dulani Jayasuriya
SH-001662,SR-25-00405,Approved,In Progress,2025-03-07,Dulani Jayasuriya
SH-001663,SR-25-00405,In Progress,QC,2025-03-08,Dulani Jayasuriya
SH-001664,SR-25-00405,QC,Completed,2025-03-10,Dulani Jayasuriya
SH-001665,SR-25-00406,Submitted,Approved,2025-03-05,Ashen Rathnayake
SH-001666,SR-25-00406,Approved,In Progress,2025-03-06,Ashen Rathnayake
SH-001667,SR-25-00406,In Progress,QC,2025-03-07,Ashen Rathnayake
SH-001668,SR-25-00406,QC,Completed,2025-03-09,Ashen Rathnayake
SH-001669,SR-25-00407,Submitted,Approved,2025-03-04,Sachini Silva
SH-001670,SR-25-00407,Approved,In Progress,2025-03-05,Sachini Silva
SH-001671,SR-25-00407,In Progress,QC,2025-03-06,Sachini Silva
SH-001672,SR-25-00407,QC,Completed,2025-03-07,Sachini Silva
SH-001673,SR-25-00408,Submitted,Approved,2025-03-06,Nethmi Perera
SH-001674,SR-25-00408,Approved,In Progress,2025-03-08,Nethmi Perera
SH-001675,SR-25-00408,In Progress,QC,2025-03-10,Nethmi Perera
SH-001676,SR-25-00408,QC,Completed,2025-03-12,Nethmi Perera
SH-001677,SR-25-00409,Submitted,Approved,2025-03-06,Dulani Jayasuriya
SH-001678,SR-25-00409,Approved,In Progress,2025-03-08,Dulani Jayasuriya
SH-001679,SR-25-00409,In Progress,QC,2025-03-11,Dulani Jayasuriya
SH-001680,SR-25-00409,QC,Completed,2025-03-13,Dulani Jayasuriya
SH-001681,SR-25-00410,Submitted,Approved,2025-03-04,Ashen Rathnayake
SH-001682,SR-25-00410,Approved,In Progress,2025-03-05,Ashen Rathnayake
SH-001683,SR-25-00410,In Progress,QC,2025-03-06,Ashen Rathnayake
SH-001684,SR-25-00410,QC,Completed,2025-03-06,Ashen Rathnayake
SH-001685,SR-25-00411,Submitted,Approved,2025-03-04,Ashen Rathnayake
SH-001686,SR-25-00411,Approved,In Progress,2025-03-05,Ashen Rathnayake
SH-001687,SR-25-00411,In Progress,QC,2025-03-06,Ashen Rathnayake
SH-001688,SR-25-00411,QC,Completed,2025-03-06,Ashen Rathnayake
SH-001689,SR-25-00412,Submitted,Approved,2025-03-05,Ashen Rathnayake
SH-001690,SR-25-00412,Approved,In Progress,2025-03-06,Ashen Rathnayake
SH-001691,SR-25-00412,In Progress,QC,2025-03-08,Ashen Rathnayake
SH-001692,SR-25-00412,QC,Completed,2025-03-09,Ashen Rathnayake
SH-001693,SR-25-00413,Submitted,Approved,2025-03-06,Kavindu Fernando
SH-001694,SR-25-00413,Approved,In Progress,2025-03-07,Kavindu Fernando
SH-001695,SR-25-00413,In Progress,QC,2025-03-09,Kavindu Fernando
SH-001696,SR-25-00413,QC,Completed,2025-03-10,Kavindu Fernando
SH-001697,SR-25-00414,Submitted,Approved,2025-03-06,Ashen Rathnayake
SH-001698,SR-25-00414,Approved,In Progress,2025-03-07,Ashen Rathnayake
SH-001699,SR-25-00414,In Progress,QC,2025-03-09,Ashen Rathnayake
SH-001700,SR-25-00414,QC,Completed,2025-03-10,Ashen Rathnayake
SH-001701,SR-25-00415,Submitted,Approved,2025-03-06,Kavindu Fernando
SH-001702,SR-25-00415,Approved,In Progress,2025-03-07,Kavindu Fernando
SH-001703,SR-25-00415,In Progress,QC,2025-03-08,Kavindu Fernando
SH-001704,SR-25-00415,QC,Completed,2025-03-09,Kavindu Fernando
SH-001705,SR-25-00416,Submitted,Approved,2025-03-07,Nethmi Perera
SH-001706,SR-25-00416,Approved,In Progress,2025-03-08,Nethmi Perera
SH-001707,SR-25-00416,In Progress,QC,2025-03-09,Nethmi Perera
SH-001708,SR-25-00416,QC,Rework,2025-03-11,Nethmi Perera
SH-001709,SR-25-00416,Rework,QC,2025-03-13,Nethmi Perera
SH-001710,SR-25-00416,QC,Completed,2025-03-14,Nethmi Perera
SH-001711,SR-25-00417,Submitted,Approved,2025-03-07,Kavindu Fernando
SH-001712,SR-25-00417,Approved,In Progress,2025-03-09,Kavindu Fernando
SH-001713,SR-25-00417,In Progress,QC,2025-03-11,Kavindu Fernando
SH-001714,SR-25-00417,QC,Completed,2025-03-13,Kavindu Fernando
SH-001715,SR-25-00418,Submitted,Approved,2025-03-07,Nethmi Perera
SH-001716,SR-25-00418,Approved,In Progress,2025-03-08,Nethmi Perera
SH-001717,SR-25-00418,In Progress,QC,2025-03-09,Nethmi Perera
SH-001718,SR-25-00418,QC,Completed,2025-03-10,Nethmi Perera
SH-001719,SR-25-00419,Submitted,Approved,2025-03-07,Hiruni Gunasekara
SH-001720,SR-25-00419,Approved,In Progress,2025-03-08,Hiruni Gunasekara
SH-001721,SR-25-00419,In Progress,QC,2025-03-09,Hiruni Gunasekara
SH-001722,SR-25-00419,QC,Completed,2025-03-10,Hiruni Gunasekara
SH-001723,SR-25-00420,Submitted,Approved,2025-03-08,Dulani Jayasuriya
SH-001724,SR-25-00420,Approved,In Progress,2025-03-09,Dulani Jayasuriya
SH-001725,SR-25-00420,In Progress,QC,2025-03-11,Dulani Jayasuriya
SH-001726,SR-25-00420,QC,Rework,2025-03-13,Dulani Jayasuriya
SH-001727,SR-25-00420,Rework,QC,2025-03-14,Dulani Jayasuriya
SH-001728,SR-25-00420,QC,Completed,2025-03-16,Dulani Jayasuriya
SH-001729,SR-25-00421,Submitted,Approved,2025-03-07,Kavindu Fernando
SH-001730,SR-25-00421,Approved,In Progress,2025-03-08,Kavindu Fernando
SH-001731,SR-25-00421,In Progress,QC,2025-03-09,Kavindu Fernando
SH-001732,SR-25-00421,QC,Completed,2025-03-10,Kavindu Fernando
SH-001733,SR-25-00422,Submitted,Approved,2025-03-07,Nethmi Perera
SH-001734,SR-25-00422,Approved,In Progress,2025-03-08,Nethmi Perera
SH-001735,SR-25-00422,In Progress,QC,2025-03-10,Nethmi Perera
SH-001736,SR-25-00422,QC,Completed,2025-03-11,Nethmi Perera
SH-001737,SR-25-00423,Submitted,Approved,2025-03-08,Dulani Jayasuriya
SH-001738,SR-25-00423,Approved,In Progress,2025-03-09,Dulani Jayasuriya
SH-001739,SR-25-00423,In Progress,QC,2025-03-10,Dulani Jayasuriya
SH-001740,SR-25-00423,QC,Completed,2025-03-12,Dulani Jayasuriya
SH-001741,SR-25-00424,Submitted,Approved,2025-03-08,Kavindu Fernando
SH-001742,SR-25-00424,Approved,In Progress,2025-03-10,Kavindu Fernando
SH-001743,SR-25-00424,In Progress,QC,2025-03-12,Kavindu Fernando
SH-001744,SR-25-00424,QC,Completed,2025-03-14,Kavindu Fernando
SH-001745,SR-25-00425,Submitted,Approved,2025-03-08,Nethmi Perera
SH-001746,SR-25-00425,Approved,In Progress,2025-03-10,Nethmi Perera
SH-001747,SR-25-00425,In Progress,QC,2025-03-13,Nethmi Perera
SH-001748,SR-25-00425,QC,Completed,2025-03-15,Nethmi Perera
SH-001749,SR-25-00426,Submitted,Approved,2025-03-09,Sachini Silva
SH-001750,SR-25-00426,Approved,In Progress,2025-03-11,Sachini Silva
SH-001751,SR-25-00426,In Progress,QC,2025-03-13,Sachini Silva
SH-001752,SR-25-00426,QC,Completed,2025-03-15,Sachini Silva
SH-001753,SR-25-00427,Submitted,Approved,2025-03-08,Sachini Silva
SH-001754,SR-25-00427,Approved,In Progress,2025-03-09,Sachini Silva
SH-001755,SR-25-00427,In Progress,QC,2025-03-10,Sachini Silva
SH-001756,SR-25-00427,QC,Completed,2025-03-11,Sachini Silva
SH-001757,SR-25-00428,Submitted,Approved,2025-03-08,Dulani Jayasuriya
SH-001758,SR-25-00428,Approved,In Progress,2025-03-09,Dulani Jayasuriya
SH-001759,SR-25-00428,In Progress,QC,2025-03-10,Dulani Jayasuriya
SH-001760,SR-25-00428,QC,Completed,2025-03-11,Dulani Jayasuriya
SH-001761,SR-25-00429,Submitted,Approved,2025-03-09,Kavindu Fernando
SH-001762,SR-25-00429,Approved,In Progress,2025-03-11,Kavindu Fernando
SH-001763,SR-25-00429,In Progress,QC,2025-03-12,Kavindu Fernando
SH-001764,SR-25-00429,QC,Completed,2025-03-14,Kavindu Fernando
SH-001765,SR-25-00430,Submitted,Approved,2025-03-09,Sachini Silva
SH-001766,SR-25-00430,Approved,In Progress,2025-03-10,Sachini Silva
SH-001767,SR-25-00430,In Progress,QC,2025-03-12,Sachini Silva
SH-001768,SR-25-00430,QC,Completed,2025-03-13,Sachini Silva
SH-001769,SR-25-00431,Submitted,Approved,2025-03-08,Nethmi Perera
SH-001770,SR-25-00431,Approved,In Progress,2025-03-08,Nethmi Perera
SH-001771,SR-25-00431,In Progress,QC,2025-03-09,Nethmi Perera
SH-001772,SR-25-00431,QC,Completed,2025-03-09,Nethmi Perera
SH-001773,SR-25-00432,Submitted,Approved,2025-03-10,Kavindu Fernando
SH-001774,SR-25-00432,Approved,In Progress,2025-03-12,Kavindu Fernando
SH-001775,SR-25-00432,In Progress,QC,2025-03-15,Kavindu Fernando
SH-001776,SR-25-00432,QC,Completed,2025-03-17,Kavindu Fernando
SH-001777,SR-25-00433,Submitted,Approved,2025-03-10,Sachini Silva
SH-001778,SR-25-00433,Approved,In Progress,2025-03-11,Sachini Silva
SH-001779,SR-25-00433,In Progress,QC,2025-03-12,Sachini Silva
SH-001780,SR-25-00433,QC,Completed,2025-03-14,Sachini Silva
SH-001781,SR-25-00434,Submitted,Approved,2025-03-11,Dulani Jayasuriya
SH-001782,SR-25-00434,Approved,In Progress,2025-03-12,Dulani Jayasuriya
SH-001783,SR-25-00434,In Progress,QC,2025-03-14,Dulani Jayasuriya
SH-001784,SR-25-00434,QC,Completed,2025-03-15,Dulani Jayasuriya
SH-001785,SR-25-00435,Submitted,Approved,2025-03-11,Hiruni Gunasekara
SH-001786,SR-25-00435,Approved,In Progress,2025-03-12,Hiruni Gunasekara
SH-001787,SR-25-00435,In Progress,QC,2025-03-14,Hiruni Gunasekara
SH-001788,SR-25-00435,QC,Completed,2025-03-15,Hiruni Gunasekara
SH-001789,SR-25-00436,Submitted,Approved,2025-03-12,Sachini Silva
SH-001790,SR-25-00436,Approved,In Progress,2025-03-13,Sachini Silva
SH-001791,SR-25-00436,In Progress,QC,2025-03-13,Sachini Silva
SH-001792,SR-25-00436,QC,Completed,2025-03-14,Sachini Silva
SH-001793,SR-25-00437,Submitted,Approved,2025-03-13,Sachini Silva
SH-001794,SR-25-00437,Approved,In Progress,2025-03-15,Sachini Silva
SH-001795,SR-25-00437,In Progress,QC,2025-03-18,Sachini Silva
SH-001796,SR-25-00437,QC,Completed,2025-03-20,Sachini Silva
SH-001797,SR-25-00438,Submitted,Approved,2025-03-13,Hiruni Gunasekara
SH-001798,SR-25-00438,Approved,In Progress,2025-03-15,Hiruni Gunasekara
SH-001799,SR-25-00438,In Progress,QC,2025-03-16,Hiruni Gunasekara
SH-001800,SR-25-00438,QC,Completed,2025-03-18,Hiruni Gunasekara
SH-001801,SR-25-00439,Submitted,Approved,2025-03-13,Nethmi Perera
SH-001802,SR-25-00439,Approved,In Progress,2025-03-14,Nethmi Perera
SH-001803,SR-25-00439,In Progress,QC,2025-03-15,Nethmi Perera
SH-001804,SR-25-00439,QC,Completed,2025-03-16,Nethmi Perera
SH-001805,SR-25-00440,Submitted,Approved,2025-03-14,Sachini Silva
SH-001806,SR-25-00440,Approved,In Progress,2025-03-16,Sachini Silva
SH-001807,SR-25-00440,In Progress,QC,2025-03-18,Sachini Silva
SH-001808,SR-25-00440,QC,Completed,2025-03-20,Sachini Silva
SH-001809,SR-25-00441,Submitted,Approved,2025-03-14,Hiruni Gunasekara
SH-001810,SR-25-00441,Approved,In Progress,2025-03-16,Hiruni Gunasekara
SH-001811,SR-25-00441,In Progress,QC,2025-03-17,Hiruni Gunasekara
SH-001812,SR-25-00441,QC,Completed,2025-03-19,Hiruni Gunasekara
SH-001813,SR-25-00442,Submitted,Approved,2025-03-13,Dulani Jayasuriya
SH-001814,SR-25-00442,Approved,In Progress,2025-03-14,Dulani Jayasuriya
SH-001815,SR-25-00442,In Progress,QC,2025-03-16,Dulani Jayasuriya
SH-001816,SR-25-00442,QC,Completed,2025-03-17,Dulani Jayasuriya
SH-001817,SR-25-00443,Submitted,Approved,2025-03-14,Hiruni Gunasekara
SH-001818,SR-25-00443,Approved,In Progress,2025-03-15,Hiruni Gunasekara
SH-001819,SR-25-00443,In Progress,QC,2025-03-16,Hiruni Gunasekara
SH-001820,SR-25-00443,QC,Rework,2025-03-18,Hiruni Gunasekara
SH-001821,SR-25-00443,Rework,QC,2025-03-20,Hiruni Gunasekara
SH-001822,SR-25-00443,QC,Completed,2025-03-21,Hiruni Gunasekara
SH-001823,SR-25-00444,Submitted,Approved,2025-03-15,Sachini Silva
SH-001824,SR-25-00444,Approved,In Progress,2025-03-16,Sachini Silva
SH-001825,SR-25-00444,In Progress,QC,2025-03-17,Sachini Silva
SH-001826,SR-25-00444,QC,Completed,2025-03-19,Sachini Silva
SH-001827,SR-25-00445,Submitted,Approved,2025-03-14,Sachini Silva
SH-001828,SR-25-00445,Approved,In Progress,2025-03-15,Sachini Silva
SH-001829,SR-25-00445,In Progress,QC,2025-03-15,Sachini Silva
SH-001830,SR-25-00445,QC,Completed,2025-03-16,Sachini Silva
SH-001831,SR-25-00446,Submitted,Approved,2025-03-15,Dulani Jayasuriya
SH-001832,SR-25-00446,Approved,In Progress,2025-03-17,Dulani Jayasuriya
SH-001833,SR-25-00446,In Progress,QC,2025-03-18,Dulani Jayasuriya
SH-001834,SR-25-00446,QC,Completed,2025-03-20,Dulani Jayasuriya
SH-001835,SR-25-00447,Submitted,Approved,2025-03-15,Nethmi Perera
SH-001836,SR-25-00447,Approved,In Progress,2025-03-17,Nethmi Perera
SH-001837,SR-25-00447,In Progress,QC,2025-03-20,Nethmi Perera
SH-001838,SR-25-00447,QC,Completed,2025-03-22,Nethmi Perera
SH-001839,SR-25-00448,Submitted,Approved,2025-03-13,Kavindu Fernando
SH-001840,SR-25-00448,Approved,In Progress,2025-03-13,Kavindu Fernando
SH-001841,SR-25-00448,In Progress,QC,2025-03-14,Kavindu Fernando
SH-001842,SR-25-00448,QC,Completed,2025-03-14,Kavindu Fernando
SH-001843,SR-25-00449,Submitted,Approved,2025-03-13,Ashen Rathnayake
SH-001844,SR-25-00449,Approved,In Progress,2025-03-14,Ashen Rathnayake
SH-001845,SR-25-00449,In Progress,QC,2025-03-15,Ashen Rathnayake
SH-001846,SR-25-00449,QC,Completed,2025-03-15,Ashen Rathnayake
SH-001847,SR-25-00450,Submitted,Approved,2025-03-14,Hiruni Gunasekara
SH-001848,SR-25-00450,Approved,In Progress,2025-03-15,Hiruni Gunasekara
SH-001849,SR-25-00450,In Progress,QC,2025-03-15,Hiruni Gunasekara
SH-001850,SR-25-00450,QC,Completed,2025-03-16,Hiruni Gunasekara
SH-001851,SR-25-00451,Submitted,Approved,2025-03-15,Sachini Silva
SH-001852,SR-25-00451,Approved,In Progress,2025-03-16,Sachini Silva
SH-001853,SR-25-00451,In Progress,QC,2025-03-17,Sachini Silva
SH-001854,SR-25-00451,QC,Completed,2025-03-19,Sachini Silva
SH-001855,SR-25-00452,Submitted,Approved,2025-03-14,Dulani Jayasuriya
SH-001856,SR-25-00452,Approved,In Progress,2025-03-15,Dulani Jayasuriya
SH-001857,SR-25-00452,In Progress,QC,2025-03-17,Dulani Jayasuriya
SH-001858,SR-25-00452,QC,Completed,2025-03-18,Dulani Jayasuriya
SH-001859,SR-25-00453,Submitted,Approved,2025-03-15,Hiruni Gunasekara
SH-001860,SR-25-00453,Approved,In Progress,2025-03-16,Hiruni Gunasekara
SH-001861,SR-25-00453,In Progress,QC,2025-03-18,Hiruni Gunasekara
SH-001862,SR-25-00453,QC,Completed,2025-03-19,Hiruni Gunasekara
SH-001863,SR-25-00454,Submitted,Approved,2025-03-16,Sachini Silva
SH-001864,SR-25-00454,Approved,In Progress,2025-03-19,Sachini Silva
SH-001865,SR-25-00454,In Progress,QC,2025-03-22,Sachini Silva
SH-001866,SR-25-00454,QC,Completed,2025-03-24,Sachini Silva
SH-001867,SR-25-00455,Submitted,Approved,2025-03-17,Hiruni Gunasekara
SH-001868,SR-25-00455,Approved,In Progress,2025-03-19,Hiruni Gunasekara
SH-001869,SR-25-00455,In Progress,QC,2025-03-21,Hiruni Gunasekara
SH-001870,SR-25-00455,QC,Completed,2025-03-23,Hiruni Gunasekara
SH-001871,SR-25-00456,Submitted,Approved,2025-03-16,Dulani Jayasuriya
SH-001872,SR-25-00456,Approved,In Progress,2025-03-17,Dulani Jayasuriya
SH-001873,SR-25-00456,In Progress,QC,2025-03-17,Dulani Jayasuriya
SH-001874,SR-25-00456,QC,Completed,2025-03-18,Dulani Jayasuriya
SH-001875,SR-25-00457,Submitted,Approved,2025-03-17,Hiruni Gunasekara
SH-001876,SR-25-00457,Approved,In Progress,2025-03-19,Hiruni Gunasekara
SH-001877,SR-25-00457,In Progress,QC,2025-03-21,Hiruni Gunasekara
SH-001878,SR-25-00457,QC,Completed,2025-03-23,Hiruni Gunasekara
SH-001879,SR-25-00458,Submitted,Approved,2025-03-16,Ashen Rathnayake
SH-001880,SR-25-00458,Approved,In Progress,2025-03-17,Ashen Rathnayake
SH-001881,SR-25-00458,In Progress,QC,2025-03-19,Ashen Rathnayake
SH-001882,SR-25-00458,QC,Rework,2025-03-20,Ashen Rathnayake
SH-001883,SR-25-00458,Rework,QC,2025-03-21,Ashen Rathnayake
SH-001884,SR-25-00458,QC,Completed,2025-03-22,Ashen Rathnayake
SH-001885,SR-25-00459,Submitted,Approved,2025-03-16,Kavindu Fernando
SH-001886,SR-25-00459,Approved,In Progress,2025-03-17,Kavindu Fernando
SH-001887,SR-25-00459,In Progress,QC,2025-03-18,Kavindu Fernando
SH-001888,SR-25-00459,QC,Completed,2025-03-19,Kavindu Fernando
SH-001889,SR-25-00460,Submitted,Approved,2025-03-16,Ashen Rathnayake
SH-001890,SR-25-00460,Approved,In Progress,2025-03-17,Ashen Rathnayake
SH-001891,SR-25-00460,In Progress,QC,2025-03-18,Ashen Rathnayake
SH-001892,SR-25-00460,QC,Completed,2025-03-19,Ashen Rathnayake
SH-001893,SR-25-00461,Submitted,Approved,2025-03-15,Ashen Rathnayake
SH-001894,SR-25-00461,Approved,In Progress,2025-03-15,Ashen Rathnayake
SH-001895,SR-25-00461,In Progress,QC,2025-03-16,Ashen Rathnayake
SH-001896,SR-25-00461,QC,Completed,2025-03-16,Ashen Rathnayake
SH-001897,SR-25-00462,Submitted,Approved,2025-03-17,Dulani Jayasuriya
SH-001898,SR-25-00462,Approved,In Progress,2025-03-18,Dulani Jayasuriya
SH-001899,SR-25-00462,In Progress,QC,2025-03-19,Dulani Jayasuriya
SH-001900,SR-25-00462,QC,Completed,2025-03-19,Dulani Jayasuriya
SH-001901,SR-25-00463,Submitted,Approved,2025-03-19,Ashen Rathnayake
SH-001902,SR-25-00463,Approved,In Progress,2025-03-21,Ashen Rathnayake
SH-001903,SR-25-00463,In Progress,QC,2025-03-22,Ashen Rathnayake
SH-001904,SR-25-00463,QC,Completed,2025-03-24,Ashen Rathnayake
SH-001905,SR-25-00464,Submitted,Approved,2025-03-18,Kavindu Fernando
SH-001906,SR-25-00464,Approved,In Progress,2025-03-19,Kavindu Fernando
SH-001907,SR-25-00464,In Progress,QC,2025-03-20,Kavindu Fernando
SH-001908,SR-25-00464,QC,Completed,2025-03-21,Kavindu Fernando
SH-001909,SR-25-00465,Submitted,Approved,2025-03-19,Nethmi Perera
SH-001910,SR-25-00465,Approved,In Progress,2025-03-21,Nethmi Perera
SH-001911,SR-25-00465,In Progress,QC,2025-03-23,Nethmi Perera
SH-001912,SR-25-00465,QC,Completed,2025-03-25,Nethmi Perera
SH-001913,SR-25-00466,Submitted,Approved,2025-03-19,Ashen Rathnayake
SH-001914,SR-25-00466,Approved,In Progress,2025-03-20,Ashen Rathnayake
SH-001915,SR-25-00466,In Progress,QC,2025-03-21,Ashen Rathnayake
SH-001916,SR-25-00466,QC,Completed,2025-03-23,Ashen Rathnayake
SH-001917,SR-25-00467,Submitted,Approved,2025-03-19,Nethmi Perera
SH-001918,SR-25-00467,Approved,In Progress,2025-03-20,Nethmi Perera
SH-001919,SR-25-00467,In Progress,QC,2025-03-22,Nethmi Perera
SH-001920,SR-25-00467,QC,Completed,2025-03-23,Nethmi Perera
SH-001921,SR-25-00468,Submitted,Approved,2025-03-19,Kavindu Fernando
SH-001922,SR-25-00468,Approved,In Progress,2025-03-20,Kavindu Fernando
SH-001923,SR-25-00468,In Progress,QC,2025-03-21,Kavindu Fernando
SH-001924,SR-25-00468,QC,Completed,2025-03-22,Kavindu Fernando
SH-001925,SR-25-00469,Submitted,Approved,2025-03-20,Hiruni Gunasekara
SH-001926,SR-25-00469,Approved,In Progress,2025-03-22,Hiruni Gunasekara
SH-001927,SR-25-00469,In Progress,QC,2025-03-24,Hiruni Gunasekara
SH-001928,SR-25-00469,QC,Completed,2025-03-26,Hiruni Gunasekara
SH-001929,SR-25-00470,Submitted,Approved,2025-03-19,Ashen Rathnayake
SH-001930,SR-25-00470,Approved,In Progress,2025-03-20,Ashen Rathnayake
SH-001931,SR-25-00470,In Progress,QC,2025-03-22,Ashen Rathnayake
SH-001932,SR-25-00470,QC,Completed,2025-03-23,Ashen Rathnayake
SH-001933,SR-25-00471,Submitted,Approved,2025-03-19,Nethmi Perera
SH-001934,SR-25-00471,Approved,In Progress,2025-03-20,Nethmi Perera
SH-001935,SR-25-00471,In Progress,QC,2025-03-21,Nethmi Perera
SH-001936,SR-25-00471,QC,Completed,2025-03-22,Nethmi Perera
SH-001937,SR-25-00472,Submitted,Approved,2025-03-21,Ashen Rathnayake
SH-001938,SR-25-00472,Approved,In Progress,2025-03-24,Ashen Rathnayake
SH-001939,SR-25-00472,In Progress,QC,2025-03-27,Ashen Rathnayake
SH-001940,SR-25-00472,QC,Completed,2025-03-29,Ashen Rathnayake
SH-001941,SR-25-00473,Submitted,Approved,2025-03-20,Dulani Jayasuriya
SH-001942,SR-25-00473,Approved,In Progress,2025-03-21,Dulani Jayasuriya
SH-001943,SR-25-00473,In Progress,QC,2025-03-21,Dulani Jayasuriya
SH-001944,SR-25-00473,QC,Completed,2025-03-22,Dulani Jayasuriya
SH-001945,SR-25-00474,Submitted,Approved,2025-03-20,Dulani Jayasuriya
SH-001946,SR-25-00474,Approved,In Progress,2025-03-21,Dulani Jayasuriya
SH-001947,SR-25-00474,In Progress,QC,2025-03-23,Dulani Jayasuriya
SH-001948,SR-25-00474,QC,Completed,2025-03-24,Dulani Jayasuriya
SH-001949,SR-25-00475,Submitted,Approved,2025-03-21,Ashen Rathnayake
SH-001950,SR-25-00475,Approved,In Progress,2025-03-23,Ashen Rathnayake
SH-001951,SR-25-00475,In Progress,QC,2025-03-24,Ashen Rathnayake
SH-001952,SR-25-00475,QC,Completed,2025-03-26,Ashen Rathnayake
SH-001953,SR-25-00476,Submitted,Approved,2025-03-21,Sachini Silva
SH-001954,SR-25-00476,Approved,In Progress,2025-03-23,Sachini Silva
SH-001955,SR-25-00476,In Progress,QC,2025-03-24,Sachini Silva
SH-001956,SR-25-00476,QC,Completed,2025-03-26,Sachini Silva
SH-001957,SR-25-00477,Submitted,Approved,2025-03-19,Kavindu Fernando
SH-001958,SR-25-00477,Approved,In Progress,2025-03-20,Kavindu Fernando
SH-001959,SR-25-00477,In Progress,QC,2025-03-21,Kavindu Fernando
SH-001960,SR-25-00477,QC,Completed,2025-03-21,Kavindu Fernando
SH-001961,SR-25-00478,Submitted,Approved,2025-03-20,Ashen Rathnayake
SH-001962,SR-25-00478,Approved,In Progress,2025-03-21,Ashen Rathnayake
SH-001963,SR-25-00478,In Progress,QC,2025-03-21,Ashen Rathnayake
SH-001964,SR-25-00478,QC,Completed,2025-03-22,Ashen Rathnayake
SH-001965,SR-25-00479,Submitted,Approved,2025-03-21,Hiruni Gunasekara
SH-001966,SR-25-00479,Approved,In Progress,2025-03-22,Hiruni Gunasekara
SH-001967,SR-25-00479,In Progress,QC,2025-03-22,Hiruni Gunasekara
SH-001968,SR-25-00479,QC,Completed,2025-03-23,Hiruni Gunasekara
SH-001969,SR-25-00480,Submitted,Approved,2025-03-21,Dulani Jayasuriya
SH-001970,SR-25-00480,Approved,In Progress,2025-03-22,Dulani Jayasuriya
SH-001971,SR-25-00480,In Progress,QC,2025-03-22,Dulani Jayasuriya
SH-001972,SR-25-00480,QC,Completed,2025-03-23,Dulani Jayasuriya
SH-001973,SR-25-00481,Submitted,Approved,2025-03-20,Ashen Rathnayake
SH-001974,SR-25-00481,Approved,In Progress,2025-03-21,Ashen Rathnayake
SH-001975,SR-25-00481,In Progress,QC,2025-03-22,Ashen Rathnayake
SH-001976,SR-25-00481,QC,Completed,2025-03-22,Ashen Rathnayake
SH-001977,SR-25-00482,Submitted,Approved,2025-03-22,Dulani Jayasuriya
SH-001978,SR-25-00482,Approved,In Progress,2025-03-23,Dulani Jayasuriya
SH-001979,SR-25-00482,In Progress,QC,2025-03-24,Dulani Jayasuriya
SH-001980,SR-25-00482,QC,Completed,2025-03-26,Dulani Jayasuriya
SH-001981,SR-25-00483,Submitted,Approved,2025-03-22,Ashen Rathnayake
SH-001982,SR-25-00483,Approved,In Progress,2025-03-24,Ashen Rathnayake
SH-001983,SR-25-00483,In Progress,QC,2025-03-25,Ashen Rathnayake
SH-001984,SR-25-00483,QC,Completed,2025-03-27,Ashen Rathnayake
SH-001985,SR-25-00484,Submitted,Approved,2025-03-21,Sachini Silva
SH-001986,SR-25-00484,Approved,In Progress,2025-03-22,Sachini Silva
SH-001987,SR-25-00484,In Progress,QC,2025-03-23,Sachini Silva
SH-001988,SR-25-00484,QC,Completed,2025-03-24,Sachini Silva
SH-001989,SR-25-00485,Submitted,Approved,2025-03-23,Dulani Jayasuriya
SH-001990,SR-25-00485,Approved,In Progress,2025-03-24,Dulani Jayasuriya
SH-001991,SR-25-00485,In Progress,QC,2025-03-25,Dulani Jayasuriya
SH-001992,SR-25-00485,QC,Completed,2025-03-27,Dulani Jayasuriya
SH-001993,SR-25-00486,Submitted,Approved,2025-03-22,Ashen Rathnayake
SH-001994,SR-25-00486,Approved,In Progress,2025-03-23,Ashen Rathnayake
SH-001995,SR-25-00486,In Progress,QC,2025-03-24,Ashen Rathnayake
SH-001996,SR-25-00486,QC,Completed,2025-03-25,Ashen Rathnayake
SH-001997,SR-25-00487,Submitted,Approved,2025-03-23,Hiruni Gunasekara
SH-001998,SR-25-00487,Approved,In Progress,2025-03-24,Hiruni Gunasekara
SH-001999,SR-25-00487,In Progress,QC,2025-03-25,Hiruni Gunasekara
SH-002000,SR-25-00487,QC,Completed,2025-03-27,Hiruni Gunasekara
SH-002001,SR-25-00488,Submitted,Approved,2025-03-23,Sachini Silva
SH-002002,SR-25-00488,Approved,In Progress,2025-03-25,Sachini Silva
SH-002003,SR-25-00488,In Progress,QC,2025-03-27,Sachini Silva
SH-002004,SR-25-00488,QC,Rework,2025-03-29,Sachini Silva
SH-002005,SR-25-00488,Rework,QC,2025-03-31,Sachini Silva
SH-002006,SR-25-00488,QC,Completed,2025-04-02,Sachini Silva
SH-002007,SR-25-00489,Submitted,Approved,2025-03-23,Ashen Rathnayake
SH-002008,SR-25-00489,Approved,In Progress,2025-03-26,Ashen Rathnayake
SH-002009,SR-25-00489,In Progress,QC,2025-03-29,Ashen Rathnayake
SH-002010,SR-25-00489,QC,Rework,2025-03-31,Ashen Rathnayake
SH-002011,SR-25-00489,Rework,QC,2025-04-02,Ashen Rathnayake
SH-002012,SR-25-00489,QC,Completed,2025-04-05,Ashen Rathnayake
SH-002013,SR-25-00490,Submitted,Approved,2025-03-23,Nethmi Perera
SH-002014,SR-25-00490,Approved,In Progress,2025-03-24,Nethmi Perera
SH-002015,SR-25-00490,In Progress,QC,2025-03-25,Nethmi Perera
SH-002016,SR-25-00490,QC,Completed,2025-03-27,Nethmi Perera
SH-002017,SR-25-00491,Submitted,Approved,2025-03-22,Dulani Jayasuriya
SH-002018,SR-25-00491,Approved,In Progress,2025-03-23,Dulani Jayasuriya
SH-002019,SR-25-00491,In Progress,QC,2025-03-25,Dulani Jayasuriya
SH-002020,SR-25-00491,QC,Completed,2025-03-26,Dulani Jayasuriya
SH-002021,SR-25-00492,Submitted,Approved,2025-03-23,Ashen Rathnayake
SH-002022,SR-25-00492,Approved,In Progress,2025-03-24,Ashen Rathnayake
SH-002023,SR-25-00492,In Progress,QC,2025-03-26,Ashen Rathnayake
SH-002024,SR-25-00492,QC,Rework,2025-03-28,Ashen Rathnayake
SH-002025,SR-25-00492,Rework,QC,2025-03-29,Ashen Rathnayake
SH-002026,SR-25-00492,QC,Completed,2025-03-31,Ashen Rathnayake
SH-002027,SR-25-00493,Submitted,Approved,2025-03-24,Nethmi Perera
SH-002028,SR-25-00493,Approved,In Progress,2025-03-26,Nethmi Perera
SH-002029,SR-25-00493,In Progress,QC,2025-03-28,Nethmi Perera
SH-002030,SR-25-00493,QC,Completed,2025-03-30,Nethmi Perera
SH-002031,SR-25-00494,Submitted,Approved,2025-03-23,Nethmi Perera
SH-002032,SR-25-00494,Approved,In Progress,2025-03-24,Nethmi Perera
SH-002033,SR-25-00494,In Progress,QC,2025-03-26,Nethmi Perera
SH-002034,SR-25-00494,QC,Completed,2025-03-27,Nethmi Perera
SH-002035,SR-25-00495,Submitted,Approved,2025-03-24,Nethmi Perera
SH-002036,SR-25-00495,Approved,In Progress,2025-03-25,Nethmi Perera
SH-002037,SR-25-00495,In Progress,QC,2025-03-26,Nethmi Perera
SH-002038,SR-25-00495,QC,Completed,2025-03-28,Nethmi Perera
SH-002039,SR-25-00496,Submitted,Approved,2025-03-23,Ashen Rathnayake
SH-002040,SR-25-00496,Approved,In Progress,2025-03-24,Ashen Rathnayake
SH-002041,SR-25-00496,In Progress,QC,2025-03-24,Ashen Rathnayake
SH-002042,SR-25-00496,QC,Completed,2025-03-25,Ashen Rathnayake
SH-002043,SR-25-00497,Submitted,Approved,2025-03-25,Dulani Jayasuriya
SH-002044,SR-25-00497,Approved,In Progress,2025-03-26,Dulani Jayasuriya
SH-002045,SR-25-00497,In Progress,QC,2025-03-27,Dulani Jayasuriya
SH-002046,SR-25-00497,QC,Completed,2025-03-28,Dulani Jayasuriya
SH-002047,SR-25-00498,Submitted,Approved,2025-03-25,Hiruni Gunasekara
SH-002048,SR-25-00498,Approved,In Progress,2025-03-26,Hiruni Gunasekara
SH-002049,SR-25-00498,In Progress,QC,2025-03-27,Hiruni Gunasekara
SH-002050,SR-25-00498,QC,Completed,2025-03-28,Hiruni Gunasekara
SH-002051,SR-25-00499,Submitted,Approved,2025-03-25,Dulani Jayasuriya
SH-002052,SR-25-00499,Approved,In Progress,2025-03-26,Dulani Jayasuriya
SH-002053,SR-25-00499,In Progress,QC,2025-03-28,Dulani Jayasuriya
SH-002054,SR-25-00499,QC,Completed,2025-03-29,Dulani Jayasuriya
SH-002055,SR-25-00500,Submitted,Approved,2025-03-25,Ashen Rathnayake
SH-002056,SR-25-00500,Approved,In Progress,2025-03-26,Ashen Rathnayake
SH-002057,SR-25-00500,In Progress,QC,2025-03-26,Ashen Rathnayake
SH-002058,SR-25-00500,QC,Completed,2025-03-27,Ashen Rathnayake
SH-002059,SR-25-00501,Submitted,Approved,2025-03-27,Dulani Jayasuriya
SH-002060,SR-25-00501,Approved,In Progress,2025-03-29,Dulani Jayasuriya
SH-002061,SR-25-00501,In Progress,QC,2025-03-31,Dulani Jayasuriya
SH-002062,SR-25-00501,QC,Completed,2025-04-02,Dulani Jayasuriya
SH-002063,SR-25-00502,Submitted,Approved,2025-03-27,Dulani Jayasuriya
SH-002064,SR-25-00502,Approved,In Progress,2025-03-28,Dulani Jayasuriya
SH-002065,SR-25-00502,In Progress,QC,2025-03-29,Dulani Jayasuriya
SH-002066,SR-25-00502,QC,Completed,2025-03-31,Dulani Jayasuriya
SH-002067,SR-25-00503,Submitted,Approved,2025-03-26,Dulani Jayasuriya
SH-002068,SR-25-00503,Approved,In Progress,2025-03-27,Dulani Jayasuriya
SH-002069,SR-25-00503,In Progress,QC,2025-03-28,Dulani Jayasuriya
SH-002070,SR-25-00503,QC,Completed,2025-03-29,Dulani Jayasuriya
SH-002071,SR-25-00504,Submitted,Approved,2025-03-27,Nethmi Perera
SH-002072,SR-25-00504,Approved,In Progress,2025-03-29,Nethmi Perera
SH-002073,SR-25-00504,In Progress,QC,2025-03-31,Nethmi Perera
SH-002074,SR-25-00504,QC,Completed,2025-04-02,Nethmi Perera
SH-002075,SR-25-00505,Submitted,Approved,2025-03-26,Hiruni Gunasekara
SH-002076,SR-25-00505,Approved,In Progress,2025-03-27,Hiruni Gunasekara
SH-002077,SR-25-00505,In Progress,QC,2025-03-29,Hiruni Gunasekara
SH-002078,SR-25-00505,QC,Completed,2025-03-30,Hiruni Gunasekara
SH-002079,SR-25-00506,Submitted,Approved,2025-03-28,Dulani Jayasuriya
SH-002080,SR-25-00506,Approved,In Progress,2025-03-30,Dulani Jayasuriya
SH-002081,SR-25-00506,In Progress,QC,2025-04-02,Dulani Jayasuriya
SH-002082,SR-25-00506,QC,Completed,2025-04-04,Dulani Jayasuriya
SH-002083,SR-25-00507,Submitted,Approved,2025-03-28,Hiruni Gunasekara
SH-002084,SR-25-00507,Approved,In Progress,2025-03-29,Hiruni Gunasekara
SH-002085,SR-25-00507,In Progress,QC,2025-03-30,Hiruni Gunasekara
SH-002086,SR-25-00507,QC,Completed,2025-04-01,Hiruni Gunasekara
SH-002087,SR-25-00508,Submitted,Approved,2025-03-28,Ashen Rathnayake
SH-002088,SR-25-00508,Approved,In Progress,2025-03-30,Ashen Rathnayake
SH-002089,SR-25-00508,In Progress,QC,2025-03-31,Ashen Rathnayake
SH-002090,SR-25-00508,QC,Completed,2025-04-02,Ashen Rathnayake
SH-002091,SR-25-00509,Submitted,Approved,2025-03-28,Nethmi Perera
SH-002092,SR-25-00509,Approved,In Progress,2025-03-30,Nethmi Perera
SH-002093,SR-25-00509,In Progress,QC,2025-04-02,Nethmi Perera
SH-002094,SR-25-00509,QC,Completed,2025-04-04,Nethmi Perera
SH-002095,SR-25-00510,Submitted,Approved,2025-03-29,Kavindu Fernando
SH-002096,SR-25-00510,Approved,In Progress,2025-04-01,Kavindu Fernando
SH-002097,SR-25-00510,In Progress,QC,2025-04-04,Kavindu Fernando
SH-002098,SR-25-00510,QC,Completed,2025-04-06,Kavindu Fernando
SH-002099,SR-25-00511,Submitted,Approved,2025-03-27,Kavindu Fernando
SH-002100,SR-25-00511,Approved,In Progress,2025-03-28,Kavindu Fernando
SH-002101,SR-25-00511,In Progress,QC,2025-03-29,Kavindu Fernando
SH-002102,SR-25-00511,QC,Completed,2025-03-29,Kavindu Fernando
SH-002103,SR-25-00512,Submitted,Approved,2025-03-28,Ashen Rathnayake
SH-002104,SR-25-00512,Approved,In Progress,2025-03-29,Ashen Rathnayake
SH-002105,SR-25-00512,In Progress,QC,2025-03-31,Ashen Rathnayake
SH-002106,SR-25-00512,QC,Completed,2025-04-01,Ashen Rathnayake
SH-002107,SR-25-00513,Submitted,Approved,2025-03-28,Hiruni Gunasekara
SH-002108,SR-25-00513,Approved,In Progress,2025-03-29,Hiruni Gunasekara
SH-002109,SR-25-00513,In Progress,QC,2025-03-30,Hiruni Gunasekara
SH-002110,SR-25-00513,QC,Completed,2025-03-31,Hiruni Gunasekara
SH-002111,SR-25-00514,Submitted,Approved,2025-03-30,Sachini Silva
SH-002112,SR-25-00514,Approved,In Progress,2025-04-01,Sachini Silva
SH-002113,SR-25-00514,In Progress,QC,2025-04-02,Sachini Silva
SH-002114,SR-25-00514,QC,Completed,2025-04-04,Sachini Silva
SH-002115,SR-25-00515,Submitted,Approved,2025-03-29,Nethmi Perera
SH-002116,SR-25-00515,Approved,In Progress,2025-03-30,Nethmi Perera
SH-002117,SR-25-00515,In Progress,QC,2025-03-31,Nethmi Perera
SH-002118,SR-25-00515,QC,Completed,2025-04-01,Nethmi Perera
SH-002119,SR-25-00516,Submitted,Approved,2025-03-30,Nethmi Perera
SH-002120,SR-25-00516,Approved,In Progress,2025-03-31,Nethmi Perera
SH-002121,SR-25-00516,In Progress,QC,2025-04-01,Nethmi Perera
SH-002122,SR-25-00516,QC,Completed,2025-04-03,Nethmi Perera
SH-002123,SR-25-00517,Submitted,Approved,2025-03-28,Ashen Rathnayake
SH-002124,SR-25-00517,Approved,In Progress,2025-03-28,Ashen Rathnayake
SH-002125,SR-25-00517,In Progress,QC,2025-03-29,Ashen Rathnayake
SH-002126,SR-25-00517,QC,Completed,2025-03-29,Ashen Rathnayake
SH-002127,SR-25-00518,Submitted,Approved,2025-03-29,Nethmi Perera
SH-002128,SR-25-00518,Approved,In Progress,2025-03-30,Nethmi Perera
SH-002129,SR-25-00518,In Progress,QC,2025-03-30,Nethmi Perera
SH-002130,SR-25-00518,QC,Completed,2025-03-31,Nethmi Perera
SH-002131,SR-25-00519,Submitted,Approved,2025-03-29,Dulani Jayasuriya
SH-002132,SR-25-00519,Approved,In Progress,2025-03-30,Dulani Jayasuriya
SH-002133,SR-25-00519,In Progress,QC,2025-04-01,Dulani Jayasuriya
SH-002134,SR-25-00519,QC,Completed,2025-04-02,Dulani Jayasuriya
SH-002135,SR-25-00520,Submitted,Approved,2025-03-30,Hiruni Gunasekara
SH-002136,SR-25-00520,Approved,In Progress,2025-04-01,Hiruni Gunasekara
SH-002137,SR-25-00520,In Progress,QC,2025-04-02,Hiruni Gunasekara
SH-002138,SR-25-00520,QC,Completed,2025-04-04,Hiruni Gunasekara
SH-002139,SR-25-00521,Submitted,Approved,2025-03-30,Kavindu Fernando
SH-002140,SR-25-00521,Approved,In Progress,2025-04-01,Kavindu Fernando
SH-002141,SR-25-00521,In Progress,QC,2025-04-03,Kavindu Fernando
SH-002142,SR-25-00521,QC,Completed,2025-04-05,Kavindu Fernando
SH-002143,SR-25-00522,Submitted,Approved,2025-03-31,Dulani Jayasuriya
SH-002144,SR-25-00522,Approved,In Progress,2025-04-02,Dulani Jayasuriya
SH-002145,SR-25-00522,In Progress,QC,2025-04-03,Dulani Jayasuriya
SH-002146,SR-25-00522,QC,Completed,2025-04-05,Dulani Jayasuriya
SH-002147,SR-25-00523,Submitted,Approved,2025-03-29,Nethmi Perera
SH-002148,SR-25-00523,Approved,In Progress,2025-03-30,Nethmi Perera
SH-002149,SR-25-00523,In Progress,QC,2025-03-31,Nethmi Perera
SH-002150,SR-25-00523,QC,Completed,2025-03-31,Nethmi Perera
SH-002151,SR-25-00524,Submitted,Approved,2025-03-29,Sachini Silva
SH-002152,SR-25-00524,Approved,In Progress,2025-03-29,Sachini Silva
SH-002153,SR-25-00524,In Progress,QC,2025-03-30,Sachini Silva
SH-002154,SR-25-00524,QC,Completed,2025-03-30,Sachini Silva
SH-002155,SR-25-00525,Submitted,Approved,2025-03-30,Sachini Silva
SH-002156,SR-25-00525,Approved,In Progress,2025-03-31,Sachini Silva
SH-002157,SR-25-00525,In Progress,QC,2025-04-02,Sachini Silva
SH-002158,SR-25-00525,QC,Completed,2025-04-03,Sachini Silva
SH-002159,SR-25-00526,Submitted,Approved,2025-03-31,Sachini Silva
SH-002160,SR-25-00526,Approved,In Progress,2025-04-01,Sachini Silva
SH-002161,SR-25-00526,In Progress,QC,2025-04-02,Sachini Silva
SH-002162,SR-25-00526,QC,Completed,2025-04-04,Sachini Silva
SH-002163,SR-25-00527,Submitted,Approved,2025-04-02,Ashen Rathnayake
SH-002164,SR-25-00527,Approved,In Progress,2025-04-04,Ashen Rathnayake
SH-002165,SR-25-00527,In Progress,QC,2025-04-05,Ashen Rathnayake
SH-002166,SR-25-00527,QC,Completed,2025-04-07,Ashen Rathnayake
SH-002167,SR-25-00528,Submitted,Approved,2025-04-01,Dulani Jayasuriya
SH-002168,SR-25-00528,Approved,In Progress,2025-04-02,Dulani Jayasuriya
SH-002169,SR-25-00528,In Progress,QC,2025-04-02,Dulani Jayasuriya
SH-002170,SR-25-00528,QC,Completed,2025-04-03,Dulani Jayasuriya
SH-002171,SR-25-00529,Submitted,Approved,2025-04-01,Dulani Jayasuriya
SH-002172,SR-25-00529,Approved,In Progress,2025-04-02,Dulani Jayasuriya
SH-002173,SR-25-00529,In Progress,QC,2025-04-03,Dulani Jayasuriya
SH-002174,SR-25-00529,QC,Completed,2025-04-04,Dulani Jayasuriya
SH-002175,SR-25-00530,Submitted,Approved,2025-04-02,Dulani Jayasuriya
SH-002176,SR-25-00530,Approved,In Progress,2025-04-03,Dulani Jayasuriya
SH-002177,SR-25-00530,In Progress,QC,2025-04-04,Dulani Jayasuriya
SH-002178,SR-25-00530,QC,Completed,2025-04-06,Dulani Jayasuriya
SH-002179,SR-25-00531,Submitted,Approved,2025-04-03,Ashen Rathnayake
SH-002180,SR-25-00531,Approved,In Progress,2025-04-04,Ashen Rathnayake
SH-002181,SR-25-00531,In Progress,QC,2025-04-05,Ashen Rathnayake
SH-002182,SR-25-00531,QC,Completed,2025-04-07,Ashen Rathnayake
SH-002183,SR-25-00532,Submitted,Approved,2025-04-02,Dulani Jayasuriya
SH-002184,SR-25-00532,Approved,In Progress,2025-04-03,Dulani Jayasuriya
SH-002185,SR-25-00532,In Progress,QC,2025-04-04,Dulani Jayasuriya
SH-002186,SR-25-00532,QC,Completed,2025-04-05,Dulani Jayasuriya
SH-002187,SR-25-00533,Submitted,Approved,2025-04-02,Dulani Jayasuriya
SH-002188,SR-25-00533,Approved,In Progress,2025-04-03,Dulani Jayasuriya
SH-002189,SR-25-00533,In Progress,QC,2025-04-03,Dulani Jayasuriya
SH-002190,SR-25-00533,QC,Completed,2025-04-04,Dulani Jayasuriya
SH-002191,SR-25-00534,Submitted,Approved,2025-04-04,Kavindu Fernando
SH-002192,SR-25-00534,Approved,In Progress,2025-04-05,Kavindu Fernando
SH-002193,SR-25-00534,In Progress,QC,2025-04-06,Kavindu Fernando
SH-002194,SR-25-00534,QC,Completed,2025-04-08,Kavindu Fernando
SH-002195,SR-25-00535,Submitted,Approved,2025-04-03,Dulani Jayasuriya
SH-002196,SR-25-00535,Approved,In Progress,2025-04-04,Dulani Jayasuriya
SH-002197,SR-25-00535,In Progress,QC,2025-04-04,Dulani Jayasuriya
SH-002198,SR-25-00535,QC,Completed,2025-04-05,Dulani Jayasuriya
SH-002199,SR-25-00536,Submitted,Approved,2025-04-03,Hiruni Gunasekara
SH-002200,SR-25-00536,Approved,In Progress,2025-04-05,Hiruni Gunasekara
SH-002201,SR-25-00536,In Progress,QC,2025-04-06,Hiruni Gunasekara
SH-002202,SR-25-00536,QC,Rework,2025-04-07,Hiruni Gunasekara
SH-002203,SR-25-00536,Rework,QC,2025-04-09,Hiruni Gunasekara
SH-002204,SR-25-00536,QC,Completed,2025-04-10,Hiruni Gunasekara
SH-002205,SR-25-00537,Submitted,Approved,2025-04-05,Dulani Jayasuriya
SH-002206,SR-25-00537,Approved,In Progress,2025-04-08,Dulani Jayasuriya
SH-002207,SR-25-00537,In Progress,QC,2025-04-11,Dulani Jayasuriya
SH-002208,SR-25-00537,QC,Completed,2025-04-13,Dulani Jayasuriya
SH-002209,SR-25-00538,Submitted,Approved,2025-04-04,Dulani Jayasuriya
SH-002210,SR-25-00538,Approved,In Progress,2025-04-05,Dulani Jayasuriya
SH-002211,SR-25-00538,In Progress,QC,2025-04-07,Dulani Jayasuriya
SH-002212,SR-25-00538,QC,Completed,2025-04-08,Dulani Jayasuriya
SH-002213,SR-25-00539,Submitted,Approved,2025-04-04,Kavindu Fernando
SH-002214,SR-25-00539,Approved,In Progress,2025-04-05,Kavindu Fernando
SH-002215,SR-25-00539,In Progress,QC,2025-04-05,Kavindu Fernando
SH-002216,SR-25-00539,QC,Completed,2025-04-06,Kavindu Fernando
SH-002217,SR-25-00540,Submitted,Approved,2025-04-05,Nethmi Perera
SH-002218,SR-25-00540,Approved,In Progress,2025-04-07,Nethmi Perera
SH-002219,SR-25-00540,In Progress,QC,2025-04-08,Nethmi Perera
SH-002220,SR-25-00540,QC,Completed,2025-04-10,Nethmi Perera
SH-002221,SR-25-00541,Submitted,Approved,2025-04-05,Kavindu Fernando
SH-002222,SR-25-00541,Approved,In Progress,2025-04-07,Kavindu Fernando
SH-002223,SR-25-00541,In Progress,QC,2025-04-08,Kavindu Fernando
SH-002224,SR-25-00541,QC,Completed,2025-04-10,Kavindu Fernando
SH-002225,SR-25-00542,Submitted,Approved,2025-04-05,Dulani Jayasuriya
SH-002226,SR-25-00542,Approved,In Progress,2025-04-07,Dulani Jayasuriya
SH-002227,SR-25-00542,In Progress,QC,2025-04-10,Dulani Jayasuriya
SH-002228,SR-25-00542,QC,Completed,2025-04-12,Dulani Jayasuriya
SH-002229,SR-25-00543,Submitted,Approved,2025-04-07,Dulani Jayasuriya
SH-002230,SR-25-00543,Approved,In Progress,2025-04-10,Dulani Jayasuriya
SH-002231,SR-25-00543,In Progress,QC,2025-04-12,Dulani Jayasuriya
SH-002232,SR-25-00543,QC,Completed,2025-04-15,Dulani Jayasuriya
SH-002233,SR-25-00544,Submitted,Approved,2025-04-06,Nethmi Perera
SH-002234,SR-25-00544,Approved,In Progress,2025-04-07,Nethmi Perera
SH-002235,SR-25-00544,In Progress,QC,2025-04-08,Nethmi Perera
SH-002236,SR-25-00544,QC,Completed,2025-04-10,Nethmi Perera
SH-002237,SR-25-00545,Submitted,Approved,2025-04-05,Kavindu Fernando
SH-002238,SR-25-00545,Approved,In Progress,2025-04-06,Kavindu Fernando
SH-002239,SR-25-00545,In Progress,QC,2025-04-07,Kavindu Fernando
SH-002240,SR-25-00545,QC,Completed,2025-04-08,Kavindu Fernando
SH-002241,SR-25-00546,Submitted,Approved,2025-04-05,Kavindu Fernando
SH-002242,SR-25-00546,Approved,In Progress,2025-04-06,Kavindu Fernando
SH-002243,SR-25-00546,In Progress,QC,2025-04-08,Kavindu Fernando
SH-002244,SR-25-00546,QC,Rework,2025-04-09,Kavindu Fernando
SH-002245,SR-25-00546,Rework,QC,2025-04-10,Kavindu Fernando
SH-002246,SR-25-00546,QC,Completed,2025-04-11,Kavindu Fernando
SH-002247,SR-25-00547,Submitted,Approved,2025-04-06,Sachini Silva
SH-002248,SR-25-00547,Approved,In Progress,2025-04-07,Sachini Silva
SH-002249,SR-25-00547,In Progress,QC,2025-04-08,Sachini Silva
SH-002250,SR-25-00547,QC,Completed,2025-04-09,Sachini Silva
SH-002251,SR-25-00548,Submitted,Approved,2025-04-06,Sachini Silva
SH-002252,SR-25-00548,Approved,In Progress,2025-04-07,Sachini Silva
SH-002253,SR-25-00548,In Progress,QC,2025-04-07,Sachini Silva
SH-002254,SR-25-00548,QC,Completed,2025-04-08,Sachini Silva
SH-002255,SR-25-00549,Submitted,Approved,2025-04-07,Nethmi Perera
SH-002256,SR-25-00549,Approved,In Progress,2025-04-09,Nethmi Perera
SH-002257,SR-25-00549,In Progress,QC,2025-04-10,Nethmi Perera
SH-002258,SR-25-00549,QC,Completed,2025-04-12,Nethmi Perera
SH-002259,SR-25-00550,Submitted,Approved,2025-04-09,Hiruni Gunasekara
SH-002260,SR-25-00550,Approved,In Progress,2025-04-10,Hiruni Gunasekara
SH-002261,SR-25-00550,In Progress,QC,2025-04-11,Hiruni Gunasekara
SH-002262,SR-25-00550,QC,Completed,2025-04-13,Hiruni Gunasekara
SH-002263,SR-25-00551,Submitted,Approved,2025-04-08,Hiruni Gunasekara
SH-002264,SR-25-00551,Approved,In Progress,2025-04-09,Hiruni Gunasekara
SH-002265,SR-25-00551,In Progress,QC,2025-04-09,Hiruni Gunasekara
SH-002266,SR-25-00551,QC,Completed,2025-04-10,Hiruni Gunasekara
SH-002267,SR-25-00552,Submitted,Approved,2025-04-09,Nethmi Perera
SH-002268,SR-25-00552,Approved,In Progress,2025-04-11,Nethmi Perera
SH-002269,SR-25-00552,In Progress,QC,2025-04-13,Nethmi Perera
SH-002270,SR-25-00552,QC,Completed,2025-04-15,Nethmi Perera
SH-002271,SR-25-00553,Submitted,Approved,2025-04-09,Sachini Silva
SH-002272,SR-25-00553,Approved,In Progress,2025-04-10,Sachini Silva
SH-002273,SR-25-00553,In Progress,QC,2025-04-12,Sachini Silva
SH-002274,SR-25-00553,QC,Completed,2025-04-13,Sachini Silva
SH-002275,SR-25-00554,Submitted,Approved,2025-04-10,Ashen Rathnayake
SH-002276,SR-25-00554,Approved,In Progress,2025-04-12,Ashen Rathnayake
SH-002277,SR-25-00554,In Progress,QC,2025-04-13,Ashen Rathnayake
SH-002278,SR-25-00554,QC,Completed,2025-04-15,Ashen Rathnayake
SH-002279,SR-25-00555,Submitted,Approved,2025-04-09,Kavindu Fernando
SH-002280,SR-25-00555,Approved,In Progress,2025-04-10,Kavindu Fernando
SH-002281,SR-25-00555,In Progress,QC,2025-04-10,Kavindu Fernando
SH-002282,SR-25-00555,QC,Completed,2025-04-11,Kavindu Fernando
SH-002283,SR-25-00556,Submitted,Approved,2025-04-09,Dulani Jayasuriya
SH-002284,SR-25-00556,Approved,In Progress,2025-04-10,Dulani Jayasuriya
SH-002285,SR-25-00556,In Progress,QC,2025-04-12,Dulani Jayasuriya
SH-002286,SR-25-00556,QC,Completed,2025-04-13,Dulani Jayasuriya
SH-002287,SR-25-00557,Submitted,Approved,2025-04-11,Hiruni Gunasekara
SH-002288,SR-25-00557,Approved,In Progress,2025-04-13,Hiruni Gunasekara
SH-002289,SR-25-00557,In Progress,QC,2025-04-14,Hiruni Gunasekara
SH-002290,SR-25-00557,QC,Completed,2025-04-16,Hiruni Gunasekara
SH-002291,SR-25-00558,Submitted,Approved,2025-04-10,Kavindu Fernando
SH-002292,SR-25-00558,Approved,In Progress,2025-04-11,Kavindu Fernando
SH-002293,SR-25-00558,In Progress,QC,2025-04-12,Kavindu Fernando
SH-002294,SR-25-00558,QC,Completed,2025-04-13,Kavindu Fernando
SH-002295,SR-25-00559,Submitted,Approved,2025-04-10,Kavindu Fernando
SH-002296,SR-25-00559,Approved,In Progress,2025-04-11,Kavindu Fernando
SH-002297,SR-25-00559,In Progress,QC,2025-04-13,Kavindu Fernando
SH-002298,SR-25-00559,QC,Completed,2025-04-14,Kavindu Fernando
SH-002299,SR-25-00560,Submitted,Approved,2025-04-10,Dulani Jayasuriya
SH-002300,SR-25-00560,Approved,In Progress,2025-04-11,Dulani Jayasuriya
SH-002301,SR-25-00560,In Progress,QC,2025-04-12,Dulani Jayasuriya
SH-002302,SR-25-00560,QC,Completed,2025-04-13,Dulani Jayasuriya
SH-002303,SR-25-00561,Submitted,Approved,2025-04-10,Hiruni Gunasekara
SH-002304,SR-25-00561,Approved,In Progress,2025-04-11,Hiruni Gunasekara
SH-002305,SR-25-00561,In Progress,QC,2025-04-11,Hiruni Gunasekara
SH-002306,SR-25-00561,QC,Completed,2025-04-12,Hiruni Gunasekara
SH-002307,SR-25-00562,Submitted,Approved,2025-04-10,Ashen Rathnayake
SH-002308,SR-25-00562,Approved,In Progress,2025-04-11,Ashen Rathnayake
SH-002309,SR-25-00562,In Progress,QC,2025-04-13,Ashen Rathnayake
SH-002310,SR-25-00562,QC,Completed,2025-04-14,Ashen Rathnayake
SH-002311,SR-25-00563,Submitted,Approved,2025-04-12,Hiruni Gunasekara
SH-002312,SR-25-00563,Approved,In Progress,2025-04-13,Hiruni Gunasekara
SH-002313,SR-25-00563,In Progress,QC,2025-04-14,Hiruni Gunasekara
SH-002314,SR-25-00563,QC,Completed,2025-04-16,Hiruni Gunasekara
SH-002315,SR-25-00564,Submitted,Approved,2025-04-10,Hiruni Gunasekara
SH-002316,SR-25-00564,Approved,In Progress,2025-04-11,Hiruni Gunasekara
SH-002317,SR-25-00564,In Progress,QC,2025-04-12,Hiruni Gunasekara
SH-002318,SR-25-00564,QC,Completed,2025-04-12,Hiruni Gunasekara
SH-002319,SR-25-00565,Submitted,Approved,2025-04-11,Dulani Jayasuriya
SH-002320,SR-25-00565,Approved,In Progress,2025-04-12,Dulani Jayasuriya
SH-002321,SR-25-00565,In Progress,QC,2025-04-12,Dulani Jayasuriya
SH-002322,SR-25-00565,QC,Completed,2025-04-13,Dulani Jayasuriya
SH-002323,SR-25-00566,Submitted,Approved,2025-04-11,Nethmi Perera
SH-002324,SR-25-00566,Approved,In Progress,2025-04-12,Nethmi Perera
SH-002325,SR-25-00566,In Progress,QC,2025-04-12,Nethmi Perera
SH-002326,SR-25-00566,QC,Completed,2025-04-13,Nethmi Perera
SH-002327,SR-25-00567,Submitted,Approved,2025-04-12,Dulani Jayasuriya
SH-002328,SR-25-00567,Approved,In Progress,2025-04-14,Dulani Jayasuriya
SH-002329,SR-25-00567,In Progress,QC,2025-04-16,Dulani Jayasuriya
SH-002330,SR-25-00567,QC,Rework,2025-04-18,Dulani Jayasuriya
SH-002331,SR-25-00567,Rework,QC,2025-04-20,Dulani Jayasuriya
SH-002332,SR-25-00567,QC,Completed,2025-04-22,Dulani Jayasuriya
SH-002333,SR-25-00568,Submitted,Approved,2025-04-13,Hiruni Gunasekara
SH-002334,SR-25-00568,Approved,In Progress,2025-04-15,Hiruni Gunasekara
SH-002335,SR-25-00568,In Progress,QC,2025-04-18,Hiruni Gunasekara
SH-002336,SR-25-00568,QC,Completed,2025-04-20,Hiruni Gunasekara
SH-002337,SR-25-00569,Submitted,Approved,2025-04-12,Hiruni Gunasekara
SH-002338,SR-25-00569,Approved,In Progress,2025-04-13,Hiruni Gunasekara
SH-002339,SR-25-00569,In Progress,QC,2025-04-15,Hiruni Gunasekara
SH-002340,SR-25-00569,QC,Completed,2025-04-16,Hiruni Gunasekara
SH-002341,SR-25-00570,Submitted,Approved,2025-04-12,Kavindu Fernando
SH-002342,SR-25-00570,Approved,In Progress,2025-04-13,Kavindu Fernando
SH-002343,SR-25-00570,In Progress,QC,2025-04-13,Kavindu Fernando
SH-002344,SR-25-00570,QC,Completed,2025-04-14,Kavindu Fernando
SH-002345,SR-25-00571,Submitted,Approved,2025-04-13,Hiruni Gunasekara
SH-002346,SR-25-00571,Approved,In Progress,2025-04-15,Hiruni Gunasekara
SH-002347,SR-25-00571,In Progress,QC,2025-04-16,Hiruni Gunasekara
SH-002348,SR-25-00571,QC,Completed,2025-04-18,Hiruni Gunasekara
SH-002349,SR-25-00572,Submitted,Approved,2025-04-14,Sachini Silva
SH-002350,SR-25-00572,Approved,In Progress,2025-04-16,Sachini Silva
SH-002351,SR-25-00572,In Progress,QC,2025-04-19,Sachini Silva
SH-002352,SR-25-00572,QC,Completed,2025-04-21,Sachini Silva
SH-002353,SR-25-00573,Submitted,Approved,2025-04-14,Nethmi Perera
SH-002354,SR-25-00573,Approved,In Progress,2025-04-15,Nethmi Perera
SH-002355,SR-25-00573,In Progress,QC,2025-04-16,Nethmi Perera
SH-002356,SR-25-00573,QC,Completed,2025-04-18,Nethmi Perera
SH-002357,SR-25-00574,Submitted,Approved,2025-04-13,Ashen Rathnayake
SH-002358,SR-25-00574,Approved,In Progress,2025-04-14,Ashen Rathnayake
SH-002359,SR-25-00574,In Progress,QC,2025-04-14,Ashen Rathnayake
SH-002360,SR-25-00574,QC,Completed,2025-04-15,Ashen Rathnayake
SH-002361,SR-25-00575,Submitted,Approved,2025-04-14,Nethmi Perera
SH-002362,SR-25-00575,Approved,In Progress,2025-04-15,Nethmi Perera
SH-002363,SR-25-00575,In Progress,QC,2025-04-16,Nethmi Perera
SH-002364,SR-25-00575,QC,Completed,2025-04-18,Nethmi Perera
SH-002365,SR-25-00576,Submitted,Approved,2025-04-15,Kavindu Fernando
SH-002366,SR-25-00576,Approved,In Progress,2025-04-18,Kavindu Fernando
SH-002367,SR-25-00576,In Progress,QC,2025-04-20,Kavindu Fernando
SH-002368,SR-25-00576,QC,Completed,2025-04-23,Kavindu Fernando
SH-002369,SR-25-00577,Submitted,Approved,2025-04-14,Kavindu Fernando
SH-002370,SR-25-00577,Approved,In Progress,2025-04-16,Kavindu Fernando
SH-002371,SR-25-00577,In Progress,QC,2025-04-18,Kavindu Fernando
SH-002372,SR-25-00577,QC,Completed,2025-04-20,Kavindu Fernando
SH-002373,SR-25-00578,Submitted,Approved,2025-04-13,Hiruni Gunasekara
SH-002374,SR-25-00578,Approved,In Progress,2025-04-14,Hiruni Gunasekara
SH-002375,SR-25-00578,In Progress,QC,2025-04-15,Hiruni Gunasekara
SH-002376,SR-25-00578,QC,Completed,2025-04-16,Hiruni Gunasekara
SH-002377,SR-25-00579,Submitted,Approved,2025-04-14,Dulani Jayasuriya
SH-002378,SR-25-00579,Approved,In Progress,2025-04-16,Dulani Jayasuriya
SH-002379,SR-25-00579,In Progress,QC,2025-04-19,Dulani Jayasuriya
SH-002380,SR-25-00579,QC,Completed,2025-04-21,Dulani Jayasuriya
SH-002381,SR-25-00580,Submitted,Approved,2025-04-14,Kavindu Fernando
SH-002382,SR-25-00580,Approved,In Progress,2025-04-16,Kavindu Fernando
SH-002383,SR-25-00580,In Progress,QC,2025-04-19,Kavindu Fernando
SH-002384,SR-25-00580,QC,Completed,2025-04-21,Kavindu Fernando
SH-002385,SR-25-00581,Submitted,Approved,2025-04-16,Hiruni Gunasekara
SH-002386,SR-25-00581,Approved,In Progress,2025-04-18,Hiruni Gunasekara
SH-002387,SR-25-00581,In Progress,QC,2025-04-19,Hiruni Gunasekara
SH-002388,SR-25-00581,QC,Completed,2025-04-21,Hiruni Gunasekara
SH-002389,SR-25-00582,Submitted,Approved,2025-04-15,Ashen Rathnayake
SH-002390,SR-25-00582,Approved,In Progress,2025-04-16,Ashen Rathnayake
SH-002391,SR-25-00582,In Progress,QC,2025-04-16,Ashen Rathnayake
SH-002392,SR-25-00582,QC,Completed,2025-04-17,Ashen Rathnayake
SH-002393,SR-25-00583,Submitted,Approved,2025-04-14,Hiruni Gunasekara
SH-002394,SR-25-00583,Approved,In Progress,2025-04-15,Hiruni Gunasekara
SH-002395,SR-25-00583,In Progress,QC,2025-04-16,Hiruni Gunasekara
SH-002396,SR-25-00583,QC,Completed,2025-04-16,Hiruni Gunasekara
SH-002397,SR-25-00584,Submitted,Approved,2025-04-16,Sachini Silva
SH-002398,SR-25-00584,Approved,In Progress,2025-04-17,Sachini Silva
SH-002399,SR-25-00584,In Progress,QC,2025-04-17,Sachini Silva
SH-002400,SR-25-00584,QC,Completed,2025-04-18,Sachini Silva
SH-002401,SR-25-00585,Submitted,Approved,2025-04-17,Sachini Silva
SH-002402,SR-25-00585,Approved,In Progress,2025-04-19,Sachini Silva
SH-002403,SR-25-00585,In Progress,QC,2025-04-20,Sachini Silva
SH-002404,SR-25-00585,QC,Completed,2025-04-22,Sachini Silva
SH-002405,SR-25-00586,Submitted,Approved,2025-04-17,Nethmi Perera
SH-002406,SR-25-00586,Approved,In Progress,2025-04-19,Nethmi Perera
SH-002407,SR-25-00586,In Progress,QC,2025-04-22,Nethmi Perera
SH-002408,SR-25-00586,QC,Completed,2025-04-24,Nethmi Perera
SH-002409,SR-25-00587,Submitted,Approved,2025-04-16,Ashen Rathnayake
SH-002410,SR-25-00587,Approved,In Progress,2025-04-17,Ashen Rathnayake
SH-002411,SR-25-00587,In Progress,QC,2025-04-17,Ashen Rathnayake
SH-002412,SR-25-00587,QC,Completed,2025-04-18,Ashen Rathnayake
SH-002413,SR-25-00588,Submitted,Approved,2025-04-16,Sachini Silva
SH-002414,SR-25-00588,Approved,In Progress,2025-04-17,Sachini Silva
SH-002415,SR-25-00588,In Progress,QC,2025-04-19,Sachini Silva
SH-002416,SR-25-00588,QC,Completed,2025-04-20,Sachini Silva
SH-002417,SR-25-00589,Submitted,Approved,2025-04-17,Kavindu Fernando
SH-002418,SR-25-00589,Approved,In Progress,2025-04-18,Kavindu Fernando
SH-002419,SR-25-00589,In Progress,QC,2025-04-19,Kavindu Fernando
SH-002420,SR-25-00589,QC,Completed,2025-04-21,Kavindu Fernando
SH-002421,SR-25-00590,Submitted,Approved,2025-04-16,Nethmi Perera
SH-002422,SR-25-00590,Approved,In Progress,2025-04-17,Nethmi Perera
SH-002423,SR-25-00590,In Progress,QC,2025-04-17,Nethmi Perera
SH-002424,SR-25-00590,QC,Completed,2025-04-18,Nethmi Perera
SH-002425,SR-25-00591,Submitted,Approved,2025-04-17,Ashen Rathnayake
SH-002426,SR-25-00591,Approved,In Progress,2025-04-18,Ashen Rathnayake
SH-002427,SR-25-00591,In Progress,QC,2025-04-19,Ashen Rathnayake
SH-002428,SR-25-00591,QC,Completed,2025-04-21,Ashen Rathnayake
SH-002429,SR-25-00592,Submitted,Approved,2025-04-17,Dulani Jayasuriya
SH-002430,SR-25-00592,Approved,In Progress,2025-04-18,Dulani Jayasuriya
SH-002431,SR-25-00592,In Progress,QC,2025-04-19,Dulani Jayasuriya
SH-002432,SR-25-00592,QC,Completed,2025-04-20,Dulani Jayasuriya
SH-002433,SR-25-00593,Submitted,Approved,2025-04-17,Dulani Jayasuriya
SH-002434,SR-25-00593,Approved,In Progress,2025-04-18,Dulani Jayasuriya
SH-002435,SR-25-00593,In Progress,QC,2025-04-20,Dulani Jayasuriya
SH-002436,SR-25-00593,QC,Completed,2025-04-21,Dulani Jayasuriya
SH-002437,SR-25-00594,Submitted,Approved,2025-04-17,Hiruni Gunasekara
SH-002438,SR-25-00594,Approved,In Progress,2025-04-18,Hiruni Gunasekara
SH-002439,SR-25-00594,In Progress,QC,2025-04-18,Hiruni Gunasekara
SH-002440,SR-25-00594,QC,Completed,2025-04-19,Hiruni Gunasekara
SH-002441,SR-25-00595,Submitted,Approved,2025-04-17,Ashen Rathnayake
SH-002442,SR-25-00595,Approved,In Progress,2025-04-18,Ashen Rathnayake
SH-002443,SR-25-00595,In Progress,QC,2025-04-18,Ashen Rathnayake
SH-002444,SR-25-00595,QC,Completed,2025-04-19,Ashen Rathnayake
SH-002445,SR-25-00596,Submitted,Approved,2025-04-19,Hiruni Gunasekara
SH-002446,SR-25-00596,Approved,In Progress,2025-04-20,Hiruni Gunasekara
SH-002447,SR-25-00596,In Progress,QC,2025-04-22,Hiruni Gunasekara
SH-002448,SR-25-00596,QC,Rework,2025-04-24,Hiruni Gunasekara
SH-002449,SR-25-00596,Rework,QC,2025-04-25,Hiruni Gunasekara
SH-002450,SR-25-00596,QC,Completed,2025-04-27,Hiruni Gunasekara
SH-002451,SR-25-00597,Submitted,Approved,2025-04-18,Nethmi Perera
SH-002452,SR-25-00597,Approved,In Progress,2025-04-19,Nethmi Perera
SH-002453,SR-25-00597,In Progress,QC,2025-04-21,Nethmi Perera
SH-002454,SR-25-00597,QC,Completed,2025-04-22,Nethmi Perera
SH-002455,SR-25-00598,Submitted,Approved,2025-04-19,Ashen Rathnayake
SH-002456,SR-25-00598,Approved,In Progress,2025-04-21,Ashen Rathnayake
SH-002457,SR-25-00598,In Progress,QC,2025-04-23,Ashen Rathnayake
SH-002458,SR-25-00598,QC,Completed,2025-04-25,Ashen Rathnayake
SH-002459,SR-25-00599,Submitted,Approved,2025-04-19,Sachini Silva
SH-002460,SR-25-00599,Approved,In Progress,2025-04-20,Sachini Silva
SH-002461,SR-25-00599,In Progress,QC,2025-04-22,Sachini Silva
SH-002462,SR-25-00599,QC,Completed,2025-04-23,Sachini Silva
SH-002463,SR-25-00600,Submitted,Approved,2025-04-19,Kavindu Fernando
SH-002464,SR-25-00600,Approved,In Progress,2025-04-20,Kavindu Fernando
SH-002465,SR-25-00600,In Progress,QC,2025-04-20,Kavindu Fernando
SH-002466,SR-25-00600,QC,Completed,2025-04-21,Kavindu Fernando
SH-002467,SR-25-00601,Submitted,Approved,2025-04-21,Ashen Rathnayake
SH-002468,SR-25-00601,Approved,In Progress,2025-04-23,Ashen Rathnayake
SH-002469,SR-25-00601,In Progress,QC,2025-04-24,Ashen Rathnayake
SH-002470,SR-25-00601,QC,Completed,2025-04-26,Ashen Rathnayake
SH-002471,SR-25-00602,Submitted,Approved,2025-04-20,Ashen Rathnayake
SH-002472,SR-25-00602,Approved,In Progress,2025-04-21,Ashen Rathnayake
SH-002473,SR-25-00602,In Progress,QC,2025-04-23,Ashen Rathnayake
SH-002474,SR-25-00602,QC,Rework,2025-04-24,Ashen Rathnayake
SH-002475,SR-25-00602,Rework,QC,2025-04-25,Ashen Rathnayake
SH-002476,SR-25-00602,QC,Completed,2025-04-26,Ashen Rathnayake
SH-002477,SR-25-00603,Submitted,Approved,2025-04-20,Hiruni Gunasekara
SH-002478,SR-25-00603,Approved,In Progress,2025-04-21,Hiruni Gunasekara
SH-002479,SR-25-00603,In Progress,QC,2025-04-21,Hiruni Gunasekara
SH-002480,SR-25-00603,QC,Rework,2025-04-22,Hiruni Gunasekara
SH-002481,SR-25-00603,Rework,QC,2025-04-23,Hiruni Gunasekara
SH-002482,SR-25-00603,QC,Completed,2025-04-24,Hiruni Gunasekara
SH-002483,SR-25-00604,Submitted,Approved,2025-04-20,Hiruni Gunasekara
SH-002484,SR-25-00604,Approved,In Progress,2025-04-21,Hiruni Gunasekara
SH-002485,SR-25-00604,In Progress,QC,2025-04-22,Hiruni Gunasekara
SH-002486,SR-25-00604,QC,Completed,2025-04-23,Hiruni Gunasekara
SH-002487,SR-25-00605,Submitted,Approved,2025-04-21,Hiruni Gunasekara
SH-002488,SR-25-00605,Approved,In Progress,2025-04-23,Hiruni Gunasekara
SH-002489,SR-25-00605,In Progress,QC,2025-04-24,Hiruni Gunasekara
SH-002490,SR-25-00605,QC,Completed,2025-04-26,Hiruni Gunasekara
SH-002491,SR-25-00606,Submitted,Approved,2025-04-21,Nethmi Perera
SH-002492,SR-25-00606,Approved,In Progress,2025-04-23,Nethmi Perera
SH-002493,SR-25-00606,In Progress,QC,2025-04-25,Nethmi Perera
SH-002494,SR-25-00606,QC,Completed,2025-04-27,Nethmi Perera
SH-002495,SR-25-00607,Submitted,Approved,2025-04-21,Ashen Rathnayake
SH-002496,SR-25-00607,Approved,In Progress,2025-04-23,Ashen Rathnayake
SH-002497,SR-25-00607,In Progress,QC,2025-04-25,Ashen Rathnayake
SH-002498,SR-25-00607,QC,Completed,2025-04-27,Ashen Rathnayake
SH-002499,SR-25-00608,Submitted,Approved,2025-04-22,Nethmi Perera
SH-002500,SR-25-00608,Approved,In Progress,2025-04-23,Nethmi Perera
SH-002501,SR-25-00608,In Progress,QC,2025-04-23,Nethmi Perera
SH-002502,SR-25-00608,QC,Completed,2025-04-24,Nethmi Perera
SH-002503,SR-25-00609,Submitted,Approved,2025-04-22,Hiruni Gunasekara
SH-002504,SR-25-00609,Approved,In Progress,2025-04-23,Hiruni Gunasekara
SH-002505,SR-25-00609,In Progress,QC,2025-04-25,Hiruni Gunasekara
SH-002506,SR-25-00609,QC,Completed,2025-04-26,Hiruni Gunasekara
SH-002507,SR-25-00610,Submitted,Approved,2025-04-22,Kavindu Fernando
SH-002508,SR-25-00610,Approved,In Progress,2025-04-23,Kavindu Fernando
SH-002509,SR-25-00610,In Progress,QC,2025-04-25,Kavindu Fernando
SH-002510,SR-25-00610,QC,Completed,2025-04-26,Kavindu Fernando
SH-002511,SR-25-00611,Submitted,Approved,2025-04-22,Sachini Silva
SH-002512,SR-25-00611,Approved,In Progress,2025-04-23,Sachini Silva
SH-002513,SR-25-00611,In Progress,QC,2025-04-25,Sachini Silva
SH-002514,SR-25-00611,QC,Completed,2025-04-26,Sachini Silva
SH-002515,SR-25-00612,Submitted,Approved,2025-04-23,Kavindu Fernando
SH-002516,SR-25-00612,Approved,In Progress,2025-04-24,Kavindu Fernando
SH-002517,SR-25-00612,In Progress,QC,2025-04-25,Kavindu Fernando
SH-002518,SR-25-00612,QC,Completed,2025-04-27,Kavindu Fernando
SH-002519,SR-25-00613,Submitted,Approved,2025-04-24,Dulani Jayasuriya
SH-002520,SR-25-00613,Approved,In Progress,2025-04-26,Dulani Jayasuriya
SH-002521,SR-25-00613,In Progress,QC,2025-04-28,Dulani Jayasuriya
SH-002522,SR-25-00613,QC,Completed,2025-04-30,Dulani Jayasuriya
SH-002523,SR-25-00614,Submitted,Approved,2025-04-24,Hiruni Gunasekara
SH-002524,SR-25-00614,Approved,In Progress,2025-04-26,Hiruni Gunasekara
SH-002525,SR-25-00614,In Progress,QC,2025-04-29,Hiruni Gunasekara
SH-002526,SR-25-00614,QC,Completed,2025-05-01,Hiruni Gunasekara
SH-002527,SR-25-00615,Submitted,Approved,2025-04-23,Nethmi Perera
SH-002528,SR-25-00615,Approved,In Progress,2025-04-24,Nethmi Perera
SH-002529,SR-25-00615,In Progress,QC,2025-04-26,Nethmi Perera
SH-002530,SR-25-00615,QC,Completed,2025-04-27,Nethmi Perera
SH-002531,SR-25-00616,Submitted,Approved,2025-04-24,Sachini Silva
SH-002532,SR-25-00616,Approved,In Progress,2025-04-26,Sachini Silva
SH-002533,SR-25-00616,In Progress,QC,2025-04-28,Sachini Silva
SH-002534,SR-25-00616,QC,Completed,2025-04-30,Sachini Silva
SH-002535,SR-25-00617,Submitted,Approved,2025-04-22,Sachini Silva
SH-002536,SR-25-00617,Approved,In Progress,2025-04-23,Sachini Silva
SH-002537,SR-25-00617,In Progress,QC,2025-04-24,Sachini Silva
SH-002538,SR-25-00617,QC,Completed,2025-04-24,Sachini Silva
SH-002539,SR-25-00618,Submitted,Approved,2025-04-24,Kavindu Fernando
SH-002540,SR-25-00618,Approved,In Progress,2025-04-25,Kavindu Fernando
SH-002541,SR-25-00618,In Progress,QC,2025-04-26,Kavindu Fernando
SH-002542,SR-25-00618,QC,Completed,2025-04-28,Kavindu Fernando
SH-002543,SR-25-00619,Submitted,Approved,2025-04-23,Ashen Rathnayake
SH-002544,SR-25-00619,Approved,In Progress,2025-04-24,Ashen Rathnayake
SH-002545,SR-25-00619,In Progress,QC,2025-04-26,Ashen Rathnayake
SH-002546,SR-25-00619,QC,Completed,2025-04-27,Ashen Rathnayake
SH-002547,SR-25-00620,Submitted,Approved,2025-04-24,Hiruni Gunasekara
SH-002548,SR-25-00620,Approved,In Progress,2025-04-25,Hiruni Gunasekara
SH-002549,SR-25-00620,In Progress,QC,2025-04-26,Hiruni Gunasekara
SH-002550,SR-25-00620,QC,Completed,2025-04-28,Hiruni Gunasekara
SH-002551,SR-25-00621,Submitted,Approved,2025-04-23,Dulani Jayasuriya
SH-002552,SR-25-00621,Approved,In Progress,2025-04-23,Dulani Jayasuriya
SH-002553,SR-25-00621,In Progress,QC,2025-04-24,Dulani Jayasuriya
SH-002554,SR-25-00621,QC,Completed,2025-04-24,Dulani Jayasuriya
SH-002555,SR-25-00622,Submitted,Approved,2025-04-25,Hiruni Gunasekara
SH-002556,SR-25-00622,Approved,In Progress,2025-04-26,Hiruni Gunasekara
SH-002557,SR-25-00622,In Progress,QC,2025-04-27,Hiruni Gunasekara
SH-002558,SR-25-00622,QC,Completed,2025-04-29,Hiruni Gunasekara
SH-002559,SR-25-00623,Submitted,Approved,2025-04-25,Kavindu Fernando
SH-002560,SR-25-00623,Approved,In Progress,2025-04-27,Kavindu Fernando
SH-002561,SR-25-00623,In Progress,QC,2025-04-29,Kavindu Fernando
SH-002562,SR-25-00623,QC,Completed,2025-05-01,Kavindu Fernando
SH-002563,SR-25-00624,Submitted,Approved,2025-04-25,Nethmi Perera
SH-002564,SR-25-00624,Approved,In Progress,2025-04-26,Nethmi Perera
SH-002565,SR-25-00624,In Progress,QC,2025-04-27,Nethmi Perera
SH-002566,SR-25-00624,QC,Completed,2025-04-29,Nethmi Perera
SH-002567,SR-25-00625,Submitted,Approved,2025-04-25,Sachini Silva
SH-002568,SR-25-00625,Approved,In Progress,2025-04-26,Sachini Silva
SH-002569,SR-25-00625,In Progress,QC,2025-04-26,Sachini Silva
SH-002570,SR-25-00625,QC,Completed,2025-04-27,Sachini Silva
SH-002571,SR-25-00626,Submitted,Approved,2025-04-26,Nethmi Perera
SH-002572,SR-25-00626,Approved,In Progress,2025-04-28,Nethmi Perera
SH-002573,SR-25-00626,In Progress,QC,2025-04-29,Nethmi Perera
SH-002574,SR-25-00626,QC,Completed,2025-05-01,Nethmi Perera
SH-002575,SR-25-00627,Submitted,Approved,2025-04-24,Hiruni Gunasekara
SH-002576,SR-25-00627,Approved,In Progress,2025-04-25,Hiruni Gunasekara
SH-002577,SR-25-00627,In Progress,QC,2025-04-26,Hiruni Gunasekara
SH-002578,SR-25-00627,QC,Completed,2025-04-26,Hiruni Gunasekara
SH-002579,SR-25-00628,Submitted,Approved,2025-04-26,Dulani Jayasuriya
SH-002580,SR-25-00628,Approved,In Progress,2025-04-27,Dulani Jayasuriya
SH-002581,SR-25-00628,In Progress,QC,2025-04-29,Dulani Jayasuriya
SH-002582,SR-25-00628,QC,Completed,2025-04-30,Dulani Jayasuriya
SH-002583,SR-25-00629,Submitted,Approved,2025-04-26,Sachini Silva
SH-002584,SR-25-00629,Approved,In Progress,2025-04-27,Sachini Silva
SH-002585,SR-25-00629,In Progress,QC,2025-04-27,Sachini Silva
SH-002586,SR-25-00629,QC,Completed,2025-04-28,Sachini Silva
SH-002587,SR-25-00630,Submitted,Approved,2025-04-27,Dulani Jayasuriya
SH-002588,SR-25-00630,Approved,In Progress,2025-04-28,Dulani Jayasuriya
SH-002589,SR-25-00630,In Progress,QC,2025-04-29,Dulani Jayasuriya
SH-002590,SR-25-00630,QC,Rework,2025-05-01,Dulani Jayasuriya
SH-002591,SR-25-00630,Rework,QC,2025-05-03,Dulani Jayasuriya
SH-002592,SR-25-00630,QC,Completed,2025-05-04,Dulani Jayasuriya
SH-002593,SR-25-00631,Submitted,Approved,2025-04-27,Dulani Jayasuriya
SH-002594,SR-25-00631,Approved,In Progress,2025-04-28,Dulani Jayasuriya
SH-002595,SR-25-00631,In Progress,QC,2025-04-29,Dulani Jayasuriya
SH-002596,SR-25-00631,QC,Completed,2025-05-01,Dulani Jayasuriya
SH-002597,SR-25-00632,Submitted,Approved,2025-04-26,Kavindu Fernando
SH-002598,SR-25-00632,Approved,In Progress,2025-04-27,Kavindu Fernando
SH-002599,SR-25-00632,In Progress,QC,2025-04-29,Kavindu Fernando
SH-002600,SR-25-00632,QC,Rework,2025-04-30,Kavindu Fernando
SH-002601,SR-25-00632,Rework,QC,2025-05-01,Kavindu Fernando
SH-002602,SR-25-00632,QC,Completed,2025-05-02,Kavindu Fernando
SH-002603,SR-25-00633,Submitted,Approved,2025-04-26,Dulani Jayasuriya
SH-002604,SR-25-00633,Approved,In Progress,2025-04-27,Dulani Jayasuriya
SH-002605,SR-25-00633,In Progress,QC,2025-04-29,Dulani Jayasuriya
SH-002606,SR-25-00633,QC,Completed,2025-04-30,Dulani Jayasuriya
SH-002607,SR-25-00634,Submitted,Approved,2025-04-27,Hiruni Gunasekara
SH-002608,SR-25-00634,Approved,In Progress,2025-04-28,Hiruni Gunasekara
SH-002609,SR-25-00634,In Progress,QC,2025-04-30,Hiruni Gunasekara
SH-002610,SR-25-00634,QC,Completed,2025-05-01,Hiruni Gunasekara
SH-002611,SR-25-00635,Submitted,Approved,2025-04-27,Sachini Silva
SH-002612,SR-25-00635,Approved,In Progress,2025-04-28,Sachini Silva
SH-002613,SR-25-00635,In Progress,QC,2025-04-29,Sachini Silva
SH-002614,SR-25-00635,QC,Completed,2025-04-30,Sachini Silva
SH-002615,SR-25-00636,Submitted,Approved,2025-04-26,Kavindu Fernando
SH-002616,SR-25-00636,Approved,In Progress,2025-04-26,Kavindu Fernando
SH-002617,SR-25-00636,In Progress,QC,2025-04-27,Kavindu Fernando
SH-002618,SR-25-00636,QC,Completed,2025-04-27,Kavindu Fernando
SH-002619,SR-25-00637,Submitted,Approved,2025-04-27,Ashen Rathnayake
SH-002620,SR-25-00637,Approved,In Progress,2025-04-28,Ashen Rathnayake
SH-002621,SR-25-00637,In Progress,QC,2025-04-29,Ashen Rathnayake
SH-002622,SR-25-00637,QC,Completed,2025-04-30,Ashen Rathnayake
SH-002623,SR-25-00638,Submitted,Approved,2025-04-27,Sachini Silva
SH-002624,SR-25-00638,Approved,In Progress,2025-04-28,Sachini Silva
SH-002625,SR-25-00638,In Progress,QC,2025-04-30,Sachini Silva
SH-002626,SR-25-00638,QC,Rework,2025-05-01,Sachini Silva
SH-002627,SR-25-00638,Rework,QC,2025-05-02,Sachini Silva
SH-002628,SR-25-00638,QC,Completed,2025-05-03,Sachini Silva
SH-002629,SR-25-00639,Submitted,Approved,2025-04-27,Ashen Rathnayake
SH-002630,SR-25-00639,Approved,In Progress,2025-04-28,Ashen Rathnayake
SH-002631,SR-25-00639,In Progress,QC,2025-04-29,Ashen Rathnayake
SH-002632,SR-25-00639,QC,Completed,2025-04-30,Ashen Rathnayake
SH-002633,SR-25-00640,Submitted,Approved,2025-04-28,Dulani Jayasuriya
SH-002634,SR-25-00640,Approved,In Progress,2025-04-29,Dulani Jayasuriya
SH-002635,SR-25-00640,In Progress,QC,2025-04-30,Dulani Jayasuriya
SH-002636,SR-25-00640,QC,Completed,2025-05-02,Dulani Jayasuriya
SH-002637,SR-25-00641,Submitted,Approved,2025-04-26,Dulani Jayasuriya
SH-002638,SR-25-00641,Approved,In Progress,2025-04-26,Dulani Jayasuriya
SH-002639,SR-25-00641,In Progress,QC,2025-04-27,Dulani Jayasuriya
SH-002640,SR-25-00641,QC,Completed,2025-04-27,Dulani Jayasuriya
SH-002641,SR-25-00642,Submitted,Approved,2025-04-30,Sachini Silva
SH-002642,SR-25-00642,Approved,In Progress,2025-05-02,Sachini Silva
SH-002643,SR-25-00642,In Progress,QC,2025-05-03,Sachini Silva
SH-002644,SR-25-00642,QC,Completed,2025-05-05,Sachini Silva
SH-002645,SR-25-00643,Submitted,Approved,2025-04-30,Kavindu Fernando
SH-002646,SR-25-00643,Approved,In Progress,2025-05-02,Kavindu Fernando
SH-002647,SR-25-00643,In Progress,QC,2025-05-04,Kavindu Fernando
SH-002648,SR-25-00643,QC,Completed,2025-05-06,Kavindu Fernando
SH-002649,SR-25-00644,Submitted,Approved,2025-05-01,Sachini Silva
SH-002650,SR-25-00644,Approved,In Progress,2025-05-03,Sachini Silva
SH-002651,SR-25-00644,In Progress,QC,2025-05-04,Sachini Silva
SH-002652,SR-25-00644,QC,Completed,2025-05-06,Sachini Silva
SH-002653,SR-25-00645,Submitted,Approved,2025-05-02,Sachini Silva
SH-002654,SR-25-00645,Approved,In Progress,2025-05-04,Sachini Silva
SH-002655,SR-25-00645,In Progress,QC,2025-05-07,Sachini Silva
SH-002656,SR-25-00645,QC,Completed,2025-05-09,Sachini Silva
SH-002657,SR-25-00646,Submitted,Approved,2025-05-01,Ashen Rathnayake
SH-002658,SR-25-00646,Approved,In Progress,2025-05-02,Ashen Rathnayake
SH-002659,SR-25-00646,In Progress,QC,2025-05-02,Ashen Rathnayake
SH-002660,SR-25-00646,QC,Completed,2025-05-03,Ashen Rathnayake
SH-002661,SR-25-00647,Submitted,Approved,2025-05-02,Dulani Jayasuriya
SH-002662,SR-25-00647,Approved,In Progress,2025-05-03,Dulani Jayasuriya
SH-002663,SR-25-00647,In Progress,QC,2025-05-04,Dulani Jayasuriya
SH-002664,SR-25-00647,QC,Completed,2025-05-06,Dulani Jayasuriya
SH-002665,SR-25-00648,Submitted,Approved,2025-05-01,Kavindu Fernando
SH-002666,SR-25-00648,Approved,In Progress,2025-05-02,Kavindu Fernando
SH-002667,SR-25-00648,In Progress,QC,2025-05-04,Kavindu Fernando
SH-002668,SR-25-00648,QC,Completed,2025-05-05,Kavindu Fernando
SH-002669,SR-25-00649,Submitted,Approved,2025-05-02,Ashen Rathnayake
SH-002670,SR-25-00649,Approved,In Progress,2025-05-04,Ashen Rathnayake
SH-002671,SR-25-00649,In Progress,QC,2025-05-07,Ashen Rathnayake
SH-002672,SR-25-00649,QC,Completed,2025-05-09,Ashen Rathnayake
SH-002673,SR-25-00650,Submitted,Approved,2025-05-02,Dulani Jayasuriya
SH-002674,SR-25-00650,Approved,In Progress,2025-05-04,Dulani Jayasuriya
SH-002675,SR-25-00650,In Progress,QC,2025-05-05,Dulani Jayasuriya
SH-002676,SR-25-00650,QC,Completed,2025-05-07,Dulani Jayasuriya
SH-002677,SR-25-00651,Submitted,Approved,2025-05-02,Ashen Rathnayake
SH-002678,SR-25-00651,Approved,In Progress,2025-05-04,Ashen Rathnayake
SH-002679,SR-25-00651,In Progress,QC,2025-05-06,Ashen Rathnayake
SH-002680,SR-25-00651,QC,Completed,2025-05-08,Ashen Rathnayake
SH-002681,SR-25-00652,Submitted,Approved,2025-05-03,Ashen Rathnayake
SH-002682,SR-25-00652,Approved,In Progress,2025-05-05,Ashen Rathnayake
SH-002683,SR-25-00652,In Progress,QC,2025-05-07,Ashen Rathnayake
SH-002684,SR-25-00652,QC,Completed,2025-05-09,Ashen Rathnayake
SH-002685,SR-25-00653,Submitted,Approved,2025-05-01,Hiruni Gunasekara
SH-002686,SR-25-00653,Approved,In Progress,2025-05-02,Hiruni Gunasekara
SH-002687,SR-25-00653,In Progress,QC,2025-05-03,Hiruni Gunasekara
SH-002688,SR-25-00653,QC,Completed,2025-05-03,Hiruni Gunasekara
SH-002689,SR-25-00654,Submitted,Approved,2025-05-03,Ashen Rathnayake
SH-002690,SR-25-00654,Approved,In Progress,2025-05-05,Ashen Rathnayake
SH-002691,SR-25-00654,In Progress,QC,2025-05-06,Ashen Rathnayake
SH-002692,SR-25-00654,QC,Completed,2025-05-08,Ashen Rathnayake
SH-002693,SR-25-00655,Submitted,Approved,2025-05-02,Hiruni Gunasekara
SH-002694,SR-25-00655,Approved,In Progress,2025-05-03,Hiruni Gunasekara
SH-002695,SR-25-00655,In Progress,QC,2025-05-05,Hiruni Gunasekara
SH-002696,SR-25-00655,QC,Completed,2025-05-06,Hiruni Gunasekara
SH-002697,SR-25-00656,Submitted,Approved,2025-05-02,Ashen Rathnayake
SH-002698,SR-25-00656,Approved,In Progress,2025-05-03,Ashen Rathnayake
SH-002699,SR-25-00656,In Progress,QC,2025-05-03,Ashen Rathnayake
SH-002700,SR-25-00656,QC,Completed,2025-05-04,Ashen Rathnayake
SH-002701,SR-25-00657,Submitted,Approved,2025-05-04,Sachini Silva
SH-002702,SR-25-00657,Approved,In Progress,2025-05-05,Sachini Silva
SH-002703,SR-25-00657,In Progress,QC,2025-05-06,Sachini Silva
SH-002704,SR-25-00657,QC,Completed,2025-05-08,Sachini Silva
SH-002705,SR-25-00658,Submitted,Approved,2025-05-04,Dulani Jayasuriya
SH-002706,SR-25-00658,Approved,In Progress,2025-05-06,Dulani Jayasuriya
SH-002707,SR-25-00658,In Progress,QC,2025-05-08,Dulani Jayasuriya
SH-002708,SR-25-00658,QC,Rework,2025-05-09,Dulani Jayasuriya
SH-002709,SR-25-00658,Rework,QC,2025-05-11,Dulani Jayasuriya
SH-002710,SR-25-00658,QC,Completed,2025-05-13,Dulani Jayasuriya
SH-002711,SR-25-00659,Submitted,Approved,2025-05-04,Kavindu Fernando
SH-002712,SR-25-00659,Approved,In Progress,2025-05-05,Kavindu Fernando
SH-002713,SR-25-00659,In Progress,QC,2025-05-06,Kavindu Fernando
SH-002714,SR-25-00659,QC,Completed,2025-05-08,Kavindu Fernando
SH-002715,SR-25-00660,Submitted,Approved,2025-05-02,Hiruni Gunasekara
SH-002716,SR-25-00660,Approved,In Progress,2025-05-02,Hiruni Gunasekara
SH-002717,SR-25-00660,In Progress,QC,2025-05-03,Hiruni Gunasekara
SH-002718,SR-25-00660,QC,Completed,2025-05-03,Hiruni Gunasekara
SH-002719,SR-25-00661,Submitted,Approved,2025-05-03,Hiruni Gunasekara
SH-002720,SR-25-00661,Approved,In Progress,2025-05-04,Hiruni Gunasekara
SH-002721,SR-25-00661,In Progress,QC,2025-05-05,Hiruni Gunasekara
SH-002722,SR-25-00661,QC,Completed,2025-05-05,Hiruni Gunasekara
SH-002723,SR-25-00662,Submitted,Approved,2025-05-03,Sachini Silva
SH-002724,SR-25-00662,Approved,In Progress,2025-05-04,Sachini Silva
SH-002725,SR-25-00662,In Progress,QC,2025-05-05,Sachini Silva
SH-002726,SR-25-00662,QC,Completed,2025-05-05,Sachini Silva
SH-002727,SR-25-00663,Submitted,Approved,2025-05-05,Nethmi Perera
SH-002728,SR-25-00663,Approved,In Progress,2025-05-07,Nethmi Perera
SH-002729,SR-25-00663,In Progress,QC,2025-05-08,Nethmi Perera
SH-002730,SR-25-00663,QC,Completed,2025-05-10,Nethmi Perera
SH-002731,SR-25-00664,Submitted,Approved,2025-05-07,Kavindu Fernando
SH-002732,SR-25-00664,Approved,In Progress,2025-05-09,Kavindu Fernando
SH-002733,SR-25-00664,In Progress,QC,2025-05-10,Kavindu Fernando
SH-002734,SR-25-00664,QC,Completed,2025-05-12,Kavindu Fernando
SH-002735,SR-25-00665,Submitted,Approved,2025-05-07,Kavindu Fernando
SH-002736,SR-25-00665,Approved,In Progress,2025-05-08,Kavindu Fernando
SH-002737,SR-25-00665,In Progress,QC,2025-05-10,Kavindu Fernando
SH-002738,SR-25-00665,QC,Completed,2025-05-11,Kavindu Fernando
SH-002739,SR-25-00666,Submitted,Approved,2025-05-07,Sachini Silva
SH-002740,SR-25-00666,Approved,In Progress,2025-05-08,Sachini Silva
SH-002741,SR-25-00666,In Progress,QC,2025-05-09,Sachini Silva
SH-002742,SR-25-00666,QC,Rework,2025-05-10,Sachini Silva
SH-002743,SR-25-00666,Rework,QC,2025-05-11,Sachini Silva
SH-002744,SR-25-00666,QC,Completed,2025-05-12,Sachini Silva
SH-002745,SR-25-00667,Submitted,Approved,2025-05-06,Nethmi Perera
SH-002746,SR-25-00667,Approved,In Progress,2025-05-07,Nethmi Perera
SH-002747,SR-25-00667,In Progress,QC,2025-05-08,Nethmi Perera
SH-002748,SR-25-00667,QC,Completed,2025-05-08,Nethmi Perera
SH-002749,SR-25-00668,Submitted,Approved,2025-05-09,Kavindu Fernando
SH-002750,SR-25-00668,Approved,In Progress,2025-05-10,Kavindu Fernando
SH-002751,SR-25-00668,In Progress,QC,2025-05-11,Kavindu Fernando
SH-002752,SR-25-00668,QC,Completed,2025-05-13,Kavindu Fernando
SH-002753,SR-25-00669,Submitted,Approved,2025-05-09,Kavindu Fernando
SH-002754,SR-25-00669,Approved,In Progress,2025-05-11,Kavindu Fernando
SH-002755,SR-25-00669,In Progress,QC,2025-05-12,Kavindu Fernando
SH-002756,SR-25-00669,QC,Completed,2025-05-14,Kavindu Fernando
SH-002757,SR-25-00670,Submitted,Approved,2025-05-09,Sachini Silva
SH-002758,SR-25-00670,Approved,In Progress,2025-05-11,Sachini Silva
SH-002759,SR-25-00670,In Progress,QC,2025-05-12,Sachini Silva
SH-002760,SR-25-00670,QC,Completed,2025-05-14,Sachini Silva
SH-002761,SR-25-00671,Submitted,Approved,2025-05-08,Nethmi Perera
SH-002762,SR-25-00671,Approved,In Progress,2025-05-09,Nethmi Perera
SH-002763,SR-25-00671,In Progress,QC,2025-05-09,Nethmi Perera
SH-002764,SR-25-00671,QC,Completed,2025-05-10,Nethmi Perera
SH-002765,SR-25-00672,Submitted,Approved,2025-05-09,Sachini Silva
SH-002766,SR-25-00672,Approved,In Progress,2025-05-10,Sachini Silva
SH-002767,SR-25-00672,In Progress,QC,2025-05-10,Sachini Silva
SH-002768,SR-25-00672,QC,Completed,2025-05-11,Sachini Silva
SH-002769,SR-25-00673,Submitted,Approved,2025-05-10,Nethmi Perera
SH-002770,SR-25-00673,Approved,In Progress,2025-05-11,Nethmi Perera
SH-002771,SR-25-00673,In Progress,QC,2025-05-11,Nethmi Perera
SH-002772,SR-25-00673,QC,Completed,2025-05-12,Nethmi Perera
SH-002773,SR-25-00674,Submitted,Approved,2025-05-11,Ashen Rathnayake
SH-002774,SR-25-00674,Approved,In Progress,2025-05-12,Ashen Rathnayake
SH-002775,SR-25-00674,In Progress,QC,2025-05-12,Ashen Rathnayake
SH-002776,SR-25-00674,QC,Completed,2025-05-13,Ashen Rathnayake
SH-002777,SR-25-00675,Submitted,Approved,2025-05-11,Dulani Jayasuriya
SH-002778,SR-25-00675,Approved,In Progress,2025-05-12,Dulani Jayasuriya
SH-002779,SR-25-00675,In Progress,QC,2025-05-13,Dulani Jayasuriya
SH-002780,SR-25-00675,QC,Completed,2025-05-14,Dulani Jayasuriya
SH-002781,SR-25-00676,Submitted,Approved,2025-05-12,Kavindu Fernando
SH-002782,SR-25-00676,Approved,In Progress,2025-05-14,Kavindu Fernando
SH-002783,SR-25-00676,In Progress,QC,2025-05-17,Kavindu Fernando
SH-002784,SR-25-00676,QC,Completed,2025-05-19,Kavindu Fernando
SH-002785,SR-25-00677,Submitted,Approved,2025-05-11,Nethmi Perera
SH-002786,SR-25-00677,Approved,In Progress,2025-05-12,Nethmi Perera
SH-002787,SR-25-00677,In Progress,QC,2025-05-14,Nethmi Perera
SH-002788,SR-25-00677,QC,Completed,2025-05-15,Nethmi Perera
SH-002789,SR-25-00678,Submitted,Approved,2025-05-12,Kavindu Fernando
SH-002790,SR-25-00678,Approved,In Progress,2025-05-14,Kavindu Fernando
SH-002791,SR-25-00678,In Progress,QC,2025-05-16,Kavindu Fernando
SH-002792,SR-25-00678,QC,Completed,2025-05-18,Kavindu Fernando
SH-002793,SR-25-00679,Submitted,Approved,2025-05-15,Kavindu Fernando
SH-002794,SR-25-00679,Approved,In Progress,2025-05-18,Kavindu Fernando
SH-002795,SR-25-00679,In Progress,QC,2025-05-20,Kavindu Fernando
SH-002796,SR-25-00679,QC,Completed,2025-05-23,Kavindu Fernando
SH-002797,SR-25-00680,Submitted,Approved,2025-05-14,Dulani Jayasuriya
SH-002798,SR-25-00680,Approved,In Progress,2025-05-16,Dulani Jayasuriya
SH-002799,SR-25-00680,In Progress,QC,2025-05-19,Dulani Jayasuriya
SH-002800,SR-25-00680,QC,Completed,2025-05-21,Dulani Jayasuriya
SH-002801,SR-25-00681,Submitted,Approved,2025-05-14,Hiruni Gunasekara
SH-002802,SR-25-00681,Approved,In Progress,2025-05-16,Hiruni Gunasekara
SH-002803,SR-25-00681,In Progress,QC,2025-05-17,Hiruni Gunasekara
SH-002804,SR-25-00681,QC,Completed,2025-05-19,Hiruni Gunasekara
SH-002805,SR-25-00682,Submitted,Approved,2025-05-13,Ashen Rathnayake
SH-002806,SR-25-00682,Approved,In Progress,2025-05-14,Ashen Rathnayake
SH-002807,SR-25-00682,In Progress,QC,2025-05-15,Ashen Rathnayake
SH-002808,SR-25-00682,QC,Completed,2025-05-16,Ashen Rathnayake
SH-002809,SR-25-00683,Submitted,Approved,2025-05-13,Sachini Silva
SH-002810,SR-25-00683,Approved,In Progress,2025-05-14,Sachini Silva
SH-002811,SR-25-00683,In Progress,QC,2025-05-15,Sachini Silva
SH-002812,SR-25-00683,QC,Completed,2025-05-16,Sachini Silva
SH-002813,SR-25-00684,Submitted,Approved,2025-05-13,Sachini Silva
SH-002814,SR-25-00684,Approved,In Progress,2025-05-13,Sachini Silva
SH-002815,SR-25-00684,In Progress,QC,2025-05-14,Sachini Silva
SH-002816,SR-25-00684,QC,Completed,2025-05-14,Sachini Silva
SH-002817,SR-25-00685,Submitted,Approved,2025-05-13,Hiruni Gunasekara
SH-002818,SR-25-00685,Approved,In Progress,2025-05-13,Hiruni Gunasekara
SH-002819,SR-25-00685,In Progress,QC,2025-05-14,Hiruni Gunasekara
SH-002820,SR-25-00685,QC,Completed,2025-05-14,Hiruni Gunasekara
SH-002821,SR-25-00686,Submitted,Approved,2025-05-14,Dulani Jayasuriya
SH-002822,SR-25-00686,Approved,In Progress,2025-05-15,Dulani Jayasuriya
SH-002823,SR-25-00686,In Progress,QC,2025-05-15,Dulani Jayasuriya
SH-002824,SR-25-00686,QC,Completed,2025-05-16,Dulani Jayasuriya
SH-002825,SR-25-00687,Submitted,Approved,2025-05-16,Ashen Rathnayake
SH-002826,SR-25-00687,Approved,In Progress,2025-05-18,Ashen Rathnayake
SH-002827,SR-25-00687,In Progress,QC,2025-05-19,Ashen Rathnayake
SH-002828,SR-25-00687,QC,Completed,2025-05-21,Ashen Rathnayake
SH-002829,SR-25-00688,Submitted,Approved,2025-05-15,Kavindu Fernando
SH-002830,SR-25-00688,Approved,In Progress,2025-05-16,Kavindu Fernando
SH-002831,SR-25-00688,In Progress,QC,2025-05-18,Kavindu Fernando
SH-002832,SR-25-00688,QC,Completed,2025-05-19,Kavindu Fernando
SH-002833,SR-25-00689,Submitted,Approved,2025-05-15,Hiruni Gunasekara
SH-002834,SR-25-00689,Approved,In Progress,2025-05-16,Hiruni Gunasekara
SH-002835,SR-25-00689,In Progress,QC,2025-05-16,Hiruni Gunasekara
SH-002836,SR-25-00689,QC,Completed,2025-05-17,Hiruni Gunasekara
SH-002837,SR-25-00690,Submitted,Approved,2025-05-16,Sachini Silva
SH-002838,SR-25-00690,Approved,In Progress,2025-05-18,Sachini Silva
SH-002839,SR-25-00690,In Progress,QC,2025-05-19,Sachini Silva
SH-002840,SR-25-00690,QC,Completed,2025-05-21,Sachini Silva
SH-002841,SR-25-00691,Submitted,Approved,2025-05-14,Ashen Rathnayake
SH-002842,SR-25-00691,Approved,In Progress,2025-05-15,Ashen Rathnayake
SH-002843,SR-25-00691,In Progress,QC,2025-05-16,Ashen Rathnayake
SH-002844,SR-25-00691,QC,Completed,2025-05-16,Ashen Rathnayake
SH-002845,SR-25-00692,Submitted,Approved,2025-05-16,Sachini Silva
SH-002846,SR-25-00692,Approved,In Progress,2025-05-17,Sachini Silva
SH-002847,SR-25-00692,In Progress,QC,2025-05-18,Sachini Silva
SH-002848,SR-25-00692,QC,Completed,2025-05-19,Sachini Silva
SH-002849,SR-25-00693,Submitted,Approved,2025-05-16,Ashen Rathnayake
SH-002850,SR-25-00693,Approved,In Progress,2025-05-17,Ashen Rathnayake
SH-002851,SR-25-00693,In Progress,QC,2025-05-19,Ashen Rathnayake
SH-002852,SR-25-00693,QC,Completed,2025-05-20,Ashen Rathnayake
SH-002853,SR-25-00694,Submitted,Approved,2025-05-18,Kavindu Fernando
SH-002854,SR-25-00694,Approved,In Progress,2025-05-21,Kavindu Fernando
SH-002855,SR-25-00694,In Progress,QC,2025-05-23,Kavindu Fernando
SH-002856,SR-25-00694,QC,Completed,2025-05-26,Kavindu Fernando
SH-002857,SR-25-00695,Submitted,Approved,2025-05-17,Dulani Jayasuriya
SH-002858,SR-25-00695,Approved,In Progress,2025-05-19,Dulani Jayasuriya
SH-002859,SR-25-00695,In Progress,QC,2025-05-22,Dulani Jayasuriya
SH-002860,SR-25-00695,QC,Completed,2025-05-24,Dulani Jayasuriya
SH-002861,SR-25-00696,Submitted,Approved,2025-05-18,Hiruni Gunasekara
SH-002862,SR-25-00696,Approved,In Progress,2025-05-20,Hiruni Gunasekara
SH-002863,SR-25-00696,In Progress,QC,2025-05-21,Hiruni Gunasekara
SH-002864,SR-25-00696,QC,Completed,2025-05-23,Hiruni Gunasekara
SH-002865,SR-25-00697,Submitted,Approved,2025-05-17,Dulani Jayasuriya
SH-002866,SR-25-00697,Approved,In Progress,2025-05-19,Dulani Jayasuriya
SH-002867,SR-25-00697,In Progress,QC,2025-05-20,Dulani Jayasuriya
SH-002868,SR-25-00697,QC,Rework,2025-05-21,Dulani Jayasuriya
SH-002869,SR-25-00697,Rework,QC,2025-05-23,Dulani Jayasuriya
SH-002870,SR-25-00697,QC,Completed,2025-05-24,Dulani Jayasuriya
SH-002871,SR-25-00698,Submitted,Approved,2025-05-17,Dulani Jayasuriya
SH-002872,SR-25-00698,Approved,In Progress,2025-05-17,Dulani Jayasuriya
SH-002873,SR-25-00698,In Progress,QC,2025-05-18,Dulani Jayasuriya
SH-002874,SR-25-00698,QC,Completed,2025-05-18,Dulani Jayasuriya
SH-002875,SR-25-00699,Submitted,Approved,2025-05-18,Dulani Jayasuriya
SH-002876,SR-25-00699,Approved,In Progress,2025-05-19,Dulani Jayasuriya
SH-002877,SR-25-00699,In Progress,QC,2025-05-20,Dulani Jayasuriya
SH-002878,SR-25-00699,QC,Completed,2025-05-21,Dulani Jayasuriya
SH-002879,SR-25-00700,Submitted,Approved,2025-05-21,Nethmi Perera
SH-002880,SR-25-00700,Approved,In Progress,2025-05-23,Nethmi Perera
SH-002881,SR-25-00700,In Progress,QC,2025-05-25,Nethmi Perera
SH-002882,SR-25-00700,QC,Completed,2025-05-27,Nethmi Perera
SH-002883,SR-25-00701,Submitted,Approved,2025-05-21,Kavindu Fernando
SH-002884,SR-25-00701,Approved,In Progress,2025-05-22,Kavindu Fernando
SH-002885,SR-25-00701,In Progress,QC,2025-05-24,Kavindu Fernando
SH-002886,SR-25-00701,QC,Completed,2025-05-25,Kavindu Fernando
SH-002887,SR-25-00702,Submitted,Approved,2025-05-22,Nethmi Perera
SH-002888,SR-25-00702,Approved,In Progress,2025-05-23,Nethmi Perera
SH-002889,SR-25-00702,In Progress,QC,2025-05-24,Nethmi Perera
SH-002890,SR-25-00702,QC,Completed,2025-05-26,Nethmi Perera
SH-002891,SR-25-00703,Submitted,Approved,2025-05-22,Kavindu Fernando
SH-002892,SR-25-00703,Approved,In Progress,2025-05-24,Kavindu Fernando
SH-002893,SR-25-00703,In Progress,QC,2025-05-25,Kavindu Fernando
SH-002894,SR-25-00703,QC,Completed,2025-05-27,Kavindu Fernando
SH-002895,SR-25-00704,Submitted,Approved,2025-05-21,Sachini Silva
SH-002896,SR-25-00704,Approved,In Progress,2025-05-22,Sachini Silva
SH-002897,SR-25-00704,In Progress,QC,2025-05-23,Sachini Silva
SH-002898,SR-25-00704,QC,Completed,2025-05-24,Sachini Silva
SH-002899,SR-25-00705,Submitted,Approved,2025-05-20,Hiruni Gunasekara
SH-002900,SR-25-00705,Approved,In Progress,2025-05-21,Hiruni Gunasekara
SH-002901,SR-25-00705,In Progress,QC,2025-05-22,Hiruni Gunasekara
SH-002902,SR-25-00705,QC,Completed,2025-05-22,Hiruni Gunasekara
SH-002903,SR-25-00706,Submitted,Approved,2025-05-23,Hiruni Gunasekara
SH-002904,SR-25-00706,Approved,In Progress,2025-05-24,Hiruni Gunasekara
SH-002905,SR-25-00706,In Progress,QC,2025-05-25,Hiruni Gunasekara
SH-002906,SR-25-00706,QC,Completed,2025-05-27,Hiruni Gunasekara
SH-002907,SR-25-00707,Submitted,Approved,2025-05-23,Kavindu Fernando
SH-002908,SR-25-00707,Approved,In Progress,2025-05-25,Kavindu Fernando
SH-002909,SR-25-00707,In Progress,QC,2025-05-26,Kavindu Fernando
SH-002910,SR-25-00707,QC,Completed,2025-05-28,Kavindu Fernando
SH-002911,SR-25-00708,Submitted,Approved,2025-05-23,Sachini Silva
SH-002912,SR-25-00708,Approved,In Progress,2025-05-24,Sachini Silva
SH-002913,SR-25-00708,In Progress,QC,2025-05-25,Sachini Silva
SH-002914,SR-25-00708,QC,Completed,2025-05-27,Sachini Silva
SH-002915,SR-25-00709,Submitted,Approved,2025-05-21,Hiruni Gunasekara
SH-002916,SR-25-00709,Approved,In Progress,2025-05-21,Hiruni Gunasekara
SH-002917,SR-25-00709,In Progress,QC,2025-05-22,Hiruni Gunasekara
SH-002918,SR-25-00709,QC,Completed,2025-05-22,Hiruni Gunasekara
SH-002919,SR-25-00710,Submitted,Approved,2025-05-22,Sachini Silva
SH-002920,SR-25-00710,Approved,In Progress,2025-05-23,Sachini Silva
SH-002921,SR-25-00710,In Progress,QC,2025-05-25,Sachini Silva
SH-002922,SR-25-00710,QC,Completed,2025-05-26,Sachini Silva
SH-002923,SR-25-00711,Submitted,Approved,2025-05-23,Kavindu Fernando
SH-002924,SR-25-00711,Approved,In Progress,2025-05-24,Kavindu Fernando
SH-002925,SR-25-00711,In Progress,QC,2025-05-25,Kavindu Fernando
SH-002926,SR-25-00711,QC,Completed,2025-05-26,Kavindu Fernando
SH-002927,SR-25-00712,Submitted,Approved,2025-05-24,Ashen Rathnayake
SH-002928,SR-25-00712,Approved,In Progress,2025-05-25,Ashen Rathnayake
SH-002929,SR-25-00712,In Progress,QC,2025-05-25,Ashen Rathnayake
SH-002930,SR-25-00712,QC,Completed,2025-05-26,Ashen Rathnayake
SH-002931,SR-25-00713,Submitted,Approved,2025-05-25,Hiruni Gunasekara
SH-002932,SR-25-00713,Approved,In Progress,2025-05-26,Hiruni Gunasekara
SH-002933,SR-25-00713,In Progress,QC,2025-05-27,Hiruni Gunasekara
SH-002934,SR-25-00713,QC,Completed,2025-05-29,Hiruni Gunasekara
SH-002935,SR-25-00714,Submitted,Approved,2025-05-25,Dulani Jayasuriya
SH-002936,SR-25-00714,Approved,In Progress,2025-05-26,Dulani Jayasuriya
SH-002937,SR-25-00714,In Progress,QC,2025-05-27,Dulani Jayasuriya
SH-002938,SR-25-00714,QC,Completed,2025-05-29,Dulani Jayasuriya
SH-002939,SR-25-00715,Submitted,Approved,2025-05-25,Kavindu Fernando
SH-002940,SR-25-00715,Approved,In Progress,2025-05-26,Kavindu Fernando
SH-002941,SR-25-00715,In Progress,QC,2025-05-28,Kavindu Fernando
SH-002942,SR-25-00715,QC,Completed,2025-05-29,Kavindu Fernando
SH-002943,SR-25-00716,Submitted,Approved,2025-05-25,Kavindu Fernando
SH-002944,SR-25-00716,Approved,In Progress,2025-05-26,Kavindu Fernando
SH-002945,SR-25-00716,In Progress,QC,2025-05-26,Kavindu Fernando
SH-002946,SR-25-00716,QC,Completed,2025-05-27,Kavindu Fernando
SH-002947,SR-25-00717,Submitted,Approved,2025-05-24,Hiruni Gunasekara
SH-002948,SR-25-00717,Approved,In Progress,2025-05-25,Hiruni Gunasekara
SH-002949,SR-25-00717,In Progress,QC,2025-05-26,Hiruni Gunasekara
SH-002950,SR-25-00717,QC,Completed,2025-05-26,Hiruni Gunasekara
SH-002951,SR-25-00718,Submitted,Approved,2025-05-25,Kavindu Fernando
SH-002952,SR-25-00718,Approved,In Progress,2025-05-26,Kavindu Fernando
SH-002953,SR-25-00718,In Progress,QC,2025-05-28,Kavindu Fernando
SH-002954,SR-25-00718,QC,Completed,2025-05-29,Kavindu Fernando
SH-002955,SR-25-00719,Submitted,Approved,2025-05-27,Dulani Jayasuriya
SH-002956,SR-25-00719,Approved,In Progress,2025-05-28,Dulani Jayasuriya
SH-002957,SR-25-00719,In Progress,QC,2025-05-29,Dulani Jayasuriya
SH-002958,SR-25-00719,QC,Completed,2025-05-30,Dulani Jayasuriya
SH-002959,SR-25-00720,Submitted,Approved,2025-05-26,Dulani Jayasuriya
SH-002960,SR-25-00720,Approved,In Progress,2025-05-26,Dulani Jayasuriya
SH-002961,SR-25-00720,In Progress,QC,2025-05-27,Dulani Jayasuriya
SH-002962,SR-25-00720,QC,Completed,2025-05-27,Dulani Jayasuriya
SH-002963,SR-25-00721,Submitted,Approved,2025-05-28,Nethmi Perera
SH-002964,SR-25-00721,Approved,In Progress,2025-05-31,Nethmi Perera
SH-002965,SR-25-00721,In Progress,QC,2025-06-03,Nethmi Perera
SH-002966,SR-25-00721,QC,Completed,2025-06-05,Nethmi Perera
SH-002967,SR-25-00722,Submitted,Approved,2025-05-27,Dulani Jayasuriya
SH-002968,SR-25-00722,Approved,In Progress,2025-05-28,Dulani Jayasuriya
SH-002969,SR-25-00722,In Progress,QC,2025-05-29,Dulani Jayasuriya
SH-002970,SR-25-00722,QC,Completed,2025-05-30,Dulani Jayasuriya
SH-002971,SR-25-00723,Submitted,Approved,2025-05-29,Nethmi Perera
SH-002972,SR-25-00723,Approved,In Progress,2025-05-30,Nethmi Perera
SH-002973,SR-25-00723,In Progress,QC,2025-05-31,Nethmi Perera
SH-002974,SR-25-00723,QC,Completed,2025-06-02,Nethmi Perera
SH-002975,SR-25-00724,Submitted,Approved,2025-05-28,Kavindu Fernando
SH-002976,SR-25-00724,Approved,In Progress,2025-05-29,Kavindu Fernando
SH-002977,SR-25-00724,In Progress,QC,2025-05-31,Kavindu Fernando
SH-002978,SR-25-00724,QC,Completed,2025-06-01,Kavindu Fernando
SH-002979,SR-25-00725,Submitted,Approved,2025-05-29,Dulani Jayasuriya
SH-002980,SR-25-00725,Approved,In Progress,2025-05-31,Dulani Jayasuriya
SH-002981,SR-25-00725,In Progress,QC,2025-06-03,Dulani Jayasuriya
SH-002982,SR-25-00725,QC,Completed,2025-06-05,Dulani Jayasuriya
SH-002983,SR-25-00726,Submitted,Approved,2025-05-29,Nethmi Perera
SH-002984,SR-25-00726,Approved,In Progress,2025-05-30,Nethmi Perera
SH-002985,SR-25-00726,In Progress,QC,2025-05-31,Nethmi Perera
SH-002986,SR-25-00726,QC,Completed,2025-06-01,Nethmi Perera
SH-002987,SR-25-00727,Submitted,Approved,2025-05-29,Dulani Jayasuriya
SH-002988,SR-25-00727,Approved,In Progress,2025-05-30,Dulani Jayasuriya
SH-002989,SR-25-00727,In Progress,QC,2025-06-01,Dulani Jayasuriya
SH-002990,SR-25-00727,QC,Completed,2025-06-02,Dulani Jayasuriya
SH-002991,SR-25-00728,Submitted,Approved,2025-05-30,Sachini Silva
SH-002992,SR-25-00728,Approved,In Progress,2025-06-01,Sachini Silva
SH-002993,SR-25-00728,In Progress,QC,2025-06-03,Sachini Silva
SH-002994,SR-25-00728,QC,Rework,2025-06-04,Sachini Silva
SH-002995,SR-25-00728,Rework,QC,2025-06-06,Sachini Silva
SH-002996,SR-25-00728,QC,Completed,2025-06-08,Sachini Silva
SH-002997,SR-25-00729,Submitted,Approved,2025-05-31,Ashen Rathnayake
SH-002998,SR-25-00729,Approved,In Progress,2025-06-02,Ashen Rathnayake
SH-002999,SR-25-00729,In Progress,QC,2025-06-04,Ashen Rathnayake
SH-003000,SR-25-00729,QC,Completed,2025-06-06,Ashen Rathnayake
SH-003001,SR-25-00730,Submitted,Approved,2025-05-31,Hiruni Gunasekara
SH-003002,SR-25-00730,Approved,In Progress,2025-06-01,Hiruni Gunasekara
SH-003003,SR-25-00730,In Progress,QC,2025-06-02,Hiruni Gunasekara
SH-003004,SR-25-00730,QC,Completed,2025-06-03,Hiruni Gunasekara
SH-003005,SR-25-00731,Submitted,Approved,2025-06-01,Kavindu Fernando
SH-003006,SR-25-00731,Approved,In Progress,2025-06-02,Kavindu Fernando
SH-003007,SR-25-00731,In Progress,QC,2025-06-03,Kavindu Fernando
SH-003008,SR-25-00731,QC,Completed,2025-06-05,Kavindu Fernando
SH-003009,SR-25-00732,Submitted,Approved,2025-05-30,Ashen Rathnayake
SH-003010,SR-25-00732,Approved,In Progress,2025-05-30,Ashen Rathnayake
SH-003011,SR-25-00732,In Progress,QC,2025-05-31,Ashen Rathnayake
SH-003012,SR-25-00732,QC,Completed,2025-05-31,Ashen Rathnayake
SH-003013,SR-25-00733,Submitted,Approved,2025-06-01,Kavindu Fernando
SH-003014,SR-25-00733,Approved,In Progress,2025-06-02,Kavindu Fernando
SH-003015,SR-25-00733,In Progress,QC,2025-06-03,Kavindu Fernando
SH-003016,SR-25-00733,QC,Completed,2025-06-05,Kavindu Fernando
SH-003017,SR-25-00734,Submitted,Approved,2025-06-01,Ashen Rathnayake
SH-003018,SR-25-00734,Approved,In Progress,2025-06-02,Ashen Rathnayake
SH-003019,SR-25-00734,In Progress,QC,2025-06-02,Ashen Rathnayake
SH-003020,SR-25-00734,QC,Completed,2025-06-03,Ashen Rathnayake
SH-003021,SR-25-00735,Submitted,Approved,2025-06-04,Sachini Silva
SH-003022,SR-25-00735,Approved,In Progress,2025-06-07,Sachini Silva
SH-003023,SR-25-00735,In Progress,QC,2025-06-10,Sachini Silva
SH-003024,SR-25-00735,QC,Completed,2025-06-12,Sachini Silva
SH-003025,SR-25-00736,Submitted,Approved,2025-06-04,Kavindu Fernando
SH-003026,SR-25-00736,Approved,In Progress,2025-06-06,Kavindu Fernando
SH-003027,SR-25-00736,In Progress,QC,2025-06-09,Kavindu Fernando
SH-003028,SR-25-00736,QC,Completed,2025-06-11,Kavindu Fernando
SH-003029,SR-25-00737,Submitted,Approved,2025-06-03,Nethmi Perera
SH-003030,SR-25-00737,Approved,In Progress,2025-06-03,Nethmi Perera
SH-003031,SR-25-00737,In Progress,QC,2025-06-04,Nethmi Perera
SH-003032,SR-25-00737,QC,Completed,2025-06-04,Nethmi Perera
SH-003033,SR-25-00738,Submitted,Approved,2025-06-06,Nethmi Perera
SH-003034,SR-25-00738,Approved,In Progress,2025-06-08,Nethmi Perera
SH-003035,SR-25-00738,In Progress,QC,2025-06-11,Nethmi Perera
SH-003036,SR-25-00738,QC,Completed,2025-06-13,Nethmi Perera
SH-003037,SR-25-00739,Submitted,Approved,2025-06-04,Nethmi Perera
SH-003038,SR-25-00739,Approved,In Progress,2025-06-05,Nethmi Perera
SH-003039,SR-25-00739,In Progress,QC,2025-06-06,Nethmi Perera
SH-003040,SR-25-00739,QC,Completed,2025-06-06,Nethmi Perera
SH-003041,SR-25-00740,Submitted,Approved,2025-06-05,Dulani Jayasuriya
SH-003042,SR-25-00740,Approved,In Progress,2025-06-06,Dulani Jayasuriya
SH-003043,SR-25-00740,In Progress,QC,2025-06-06,Dulani Jayasuriya
SH-003044,SR-25-00740,QC,Completed,2025-06-07,Dulani Jayasuriya
SH-003045,SR-25-00741,Submitted,Approved,2025-06-06,Dulani Jayasuriya
SH-003046,SR-25-00741,Approved,In Progress,2025-06-07,Dulani Jayasuriya
SH-003047,SR-25-00741,In Progress,QC,2025-06-07,Dulani Jayasuriya
SH-003048,SR-25-00741,QC,Completed,2025-06-08,Dulani Jayasuriya
SH-003049,SR-25-00742,Submitted,Approved,2025-06-06,Sachini Silva
SH-003050,SR-25-00742,Approved,In Progress,2025-06-07,Sachini Silva
SH-003051,SR-25-00742,In Progress,QC,2025-06-09,Sachini Silva
SH-003052,SR-25-00742,QC,Completed,2025-06-10,Sachini Silva
SH-003053,SR-25-00743,Submitted,Approved,2025-06-06,Nethmi Perera
SH-003054,SR-25-00743,Approved,In Progress,2025-06-07,Nethmi Perera
SH-003055,SR-25-00743,In Progress,QC,2025-06-08,Nethmi Perera
SH-003056,SR-25-00743,QC,Completed,2025-06-09,Nethmi Perera
SH-003057,SR-25-00744,Submitted,Approved,2025-06-07,Dulani Jayasuriya
SH-003058,SR-25-00744,Approved,In Progress,2025-06-09,Dulani Jayasuriya
SH-003059,SR-25-00744,In Progress,QC,2025-06-10,Dulani Jayasuriya
SH-003060,SR-25-00744,QC,Completed,2025-06-12,Dulani Jayasuriya
SH-003061,SR-25-00745,Submitted,Approved,2025-06-05,Dulani Jayasuriya
SH-003062,SR-25-00745,Approved,In Progress,2025-06-06,Dulani Jayasuriya
SH-003063,SR-25-00745,In Progress,QC,2025-06-07,Dulani Jayasuriya
SH-003064,SR-25-00745,QC,Completed,2025-06-07,Dulani Jayasuriya
SH-003065,SR-25-00746,Submitted,Approved,2025-06-05,Ashen Rathnayake
SH-003066,SR-25-00746,Approved,In Progress,2025-06-05,Ashen Rathnayake
SH-003067,SR-25-00746,In Progress,QC,2025-06-06,Ashen Rathnayake
SH-003068,SR-25-00746,QC,Completed,2025-06-06,Ashen Rathnayake
SH-003069,SR-25-00747,Submitted,Approved,2025-06-06,Nethmi Perera
SH-003070,SR-25-00747,Approved,In Progress,2025-06-07,Nethmi Perera
SH-003071,SR-25-00747,In Progress,QC,2025-06-08,Nethmi Perera
SH-003072,SR-25-00747,QC,Completed,2025-06-08,Nethmi Perera
SH-003073,SR-25-00748,Submitted,Approved,2025-06-07,Sachini Silva
SH-003074,SR-25-00748,Approved,In Progress,2025-06-08,Sachini Silva
SH-003075,SR-25-00748,In Progress,QC,2025-06-09,Sachini Silva
SH-003076,SR-25-00748,QC,Completed,2025-06-10,Sachini Silva
SH-003077,SR-25-00749,Submitted,Approved,2025-06-07,Kavindu Fernando
SH-003078,SR-25-00749,Approved,In Progress,2025-06-08,Kavindu Fernando
SH-003079,SR-25-00749,In Progress,QC,2025-06-09,Kavindu Fernando
SH-003080,SR-25-00749,QC,Completed,2025-06-09,Kavindu Fernando
SH-003081,SR-25-00750,Submitted,Approved,2025-06-09,Hiruni Gunasekara
SH-003082,SR-25-00750,Approved,In Progress,2025-06-10,Hiruni Gunasekara
SH-003083,SR-25-00750,In Progress,QC,2025-06-11,Hiruni Gunasekara
SH-003084,SR-25-00750,QC,Completed,2025-06-13,Hiruni Gunasekara
SH-003085,SR-25-00751,Submitted,Approved,2025-06-09,Kavindu Fernando
SH-003086,SR-25-00751,Approved,In Progress,2025-06-11,Kavindu Fernando
SH-003087,SR-25-00751,In Progress,QC,2025-06-13,Kavindu Fernando
SH-003088,SR-25-00751,QC,Completed,2025-06-15,Kavindu Fernando
SH-003089,SR-25-00752,Submitted,Approved,2025-06-10,Nethmi Perera
SH-003090,SR-25-00752,Approved,In Progress,2025-06-11,Nethmi Perera
SH-003091,SR-25-00752,In Progress,QC,2025-06-12,Nethmi Perera
SH-003092,SR-25-00752,QC,Completed,2025-06-13,Nethmi Perera
SH-003093,SR-25-00753,Submitted,Approved,2025-06-09,Kavindu Fernando
SH-003094,SR-25-00753,Approved,In Progress,2025-06-10,Kavindu Fernando
SH-003095,SR-25-00753,In Progress,QC,2025-06-11,Kavindu Fernando
SH-003096,SR-25-00753,QC,Completed,2025-06-11,Kavindu Fernando
SH-003097,SR-25-00754,Submitted,Approved,2025-06-10,Nethmi Perera
SH-003098,SR-25-00754,Approved,In Progress,2025-06-11,Nethmi Perera
SH-003099,SR-25-00754,In Progress,QC,2025-06-13,Nethmi Perera
SH-003100,SR-25-00754,QC,Completed,2025-06-14,Nethmi Perera
SH-003101,SR-25-00755,Submitted,Approved,2025-06-11,Nethmi Perera
SH-003102,SR-25-00755,Approved,In Progress,2025-06-12,Nethmi Perera
SH-003103,SR-25-00755,In Progress,QC,2025-06-13,Nethmi Perera
SH-003104,SR-25-00755,QC,Completed,2025-06-15,Nethmi Perera
SH-003105,SR-25-00756,Submitted,Approved,2025-06-12,Sachini Silva
SH-003106,SR-25-00756,Approved,In Progress,2025-06-14,Sachini Silva
SH-003107,SR-25-00756,In Progress,QC,2025-06-15,Sachini Silva
SH-003108,SR-25-00756,QC,Completed,2025-06-17,Sachini Silva
SH-003109,SR-25-00757,Submitted,Approved,2025-06-12,Sachini Silva
SH-003110,SR-25-00757,Approved,In Progress,2025-06-14,Sachini Silva
SH-003111,SR-25-00757,In Progress,QC,2025-06-16,Sachini Silva
SH-003112,SR-25-00757,QC,Completed,2025-06-18,Sachini Silva
SH-003113,SR-25-00758,Submitted,Approved,2025-06-12,Hiruni Gunasekara
SH-003114,SR-25-00758,Approved,In Progress,2025-06-14,Hiruni Gunasekara
SH-003115,SR-25-00758,In Progress,QC,2025-06-16,Hiruni Gunasekara
SH-003116,SR-25-00758,QC,Completed,2025-06-18,Hiruni Gunasekara
SH-003117,SR-25-00759,Submitted,Approved,2025-06-12,Kavindu Fernando
SH-003118,SR-25-00759,Approved,In Progress,2025-06-13,Kavindu Fernando
SH-003119,SR-25-00759,In Progress,QC,2025-06-14,Kavindu Fernando
SH-003120,SR-25-00759,QC,Completed,2025-06-16,Kavindu Fernando
SH-003121,SR-25-00760,Submitted,Approved,2025-06-11,Kavindu Fernando
SH-003122,SR-25-00760,Approved,In Progress,2025-06-12,Kavindu Fernando
SH-003123,SR-25-00760,In Progress,QC,2025-06-13,Kavindu Fernando
SH-003124,SR-25-00760,QC,Completed,2025-06-14,Kavindu Fernando
SH-003125,SR-25-00761,Submitted,Approved,2025-06-10,Dulani Jayasuriya
SH-003126,SR-25-00761,Approved,In Progress,2025-06-10,Dulani Jayasuriya
SH-003127,SR-25-00761,In Progress,QC,2025-06-11,Dulani Jayasuriya
SH-003128,SR-25-00761,QC,Completed,2025-06-11,Dulani Jayasuriya
SH-003129,SR-25-00762,Submitted,Approved,2025-06-11,Ashen Rathnayake
SH-003130,SR-25-00762,Approved,In Progress,2025-06-12,Ashen Rathnayake
SH-003131,SR-25-00762,In Progress,QC,2025-06-12,Ashen Rathnayake
SH-003132,SR-25-00762,QC,Completed,2025-06-13,Ashen Rathnayake
SH-003133,SR-25-00763,Submitted,Approved,2025-06-12,Kavindu Fernando
SH-003134,SR-25-00763,Approved,In Progress,2025-06-13,Kavindu Fernando
SH-003135,SR-25-00763,In Progress,QC,2025-06-14,Kavindu Fernando
SH-003136,SR-25-00763,QC,Completed,2025-06-15,Kavindu Fernando
SH-003137,SR-25-00764,Submitted,Approved,2025-06-13,Nethmi Perera
SH-003138,SR-25-00764,Approved,In Progress,2025-06-14,Nethmi Perera
SH-003139,SR-25-00764,In Progress,QC,2025-06-15,Nethmi Perera
SH-003140,SR-25-00764,QC,Completed,2025-06-17,Nethmi Perera
SH-003141,SR-25-00765,Submitted,Approved,2025-06-13,Dulani Jayasuriya
SH-003142,SR-25-00765,Approved,In Progress,2025-06-14,Dulani Jayasuriya
SH-003143,SR-25-00765,In Progress,QC,2025-06-15,Dulani Jayasuriya
SH-003144,SR-25-00765,QC,Completed,2025-06-17,Dulani Jayasuriya
SH-003145,SR-25-00766,Submitted,Approved,2025-06-12,Sachini Silva
SH-003146,SR-25-00766,Approved,In Progress,2025-06-13,Sachini Silva
SH-003147,SR-25-00766,In Progress,QC,2025-06-14,Sachini Silva
SH-003148,SR-25-00766,QC,Completed,2025-06-15,Sachini Silva
SH-003149,SR-25-00767,Submitted,Approved,2025-06-12,Kavindu Fernando
SH-003150,SR-25-00767,Approved,In Progress,2025-06-13,Kavindu Fernando
SH-003151,SR-25-00767,In Progress,QC,2025-06-14,Kavindu Fernando
SH-003152,SR-25-00767,QC,Completed,2025-06-14,Kavindu Fernando
SH-003153,SR-25-00768,Submitted,Approved,2025-06-14,Nethmi Perera
SH-003154,SR-25-00768,Approved,In Progress,2025-06-17,Nethmi Perera
SH-003155,SR-25-00768,In Progress,QC,2025-06-20,Nethmi Perera
SH-003156,SR-25-00768,QC,Completed,2025-06-22,Nethmi Perera
SH-003157,SR-25-00769,Submitted,Approved,2025-06-13,Dulani Jayasuriya
SH-003158,SR-25-00769,Approved,In Progress,2025-06-14,Dulani Jayasuriya
SH-003159,SR-25-00769,In Progress,QC,2025-06-15,Dulani Jayasuriya
SH-003160,SR-25-00769,QC,Completed,2025-06-16,Dulani Jayasuriya
SH-003161,SR-25-00770,Submitted,Approved,2025-06-14,Kavindu Fernando
SH-003162,SR-25-00770,Approved,In Progress,2025-06-16,Kavindu Fernando
SH-003163,SR-25-00770,In Progress,QC,2025-06-18,Kavindu Fernando
SH-003164,SR-25-00770,QC,Completed,2025-06-20,Kavindu Fernando
SH-003165,SR-25-00771,Submitted,Approved,2025-06-14,Nethmi Perera
SH-003166,SR-25-00771,Approved,In Progress,2025-06-15,Nethmi Perera
SH-003167,SR-25-00771,In Progress,QC,2025-06-16,Nethmi Perera
SH-003168,SR-25-00771,QC,Completed,2025-06-17,Nethmi Perera
SH-003169,SR-25-00772,Submitted,Approved,2025-06-14,Hiruni Gunasekara
SH-003170,SR-25-00772,Approved,In Progress,2025-06-15,Hiruni Gunasekara
SH-003171,SR-25-00772,In Progress,QC,2025-06-16,Hiruni Gunasekara
SH-003172,SR-25-00772,QC,Completed,2025-06-17,Hiruni Gunasekara
SH-003173,SR-25-00773,Submitted,Approved,2025-06-14,Kavindu Fernando
SH-003174,SR-25-00773,Approved,In Progress,2025-06-15,Kavindu Fernando
SH-003175,SR-25-00773,In Progress,QC,2025-06-16,Kavindu Fernando
SH-003176,SR-25-00773,QC,Completed,2025-06-17,Kavindu Fernando
SH-003177,SR-25-00774,Submitted,Approved,2025-06-15,Nethmi Perera
SH-003178,SR-25-00774,Approved,In Progress,2025-06-16,Nethmi Perera
SH-003179,SR-25-00774,In Progress,QC,2025-06-17,Nethmi Perera
SH-003180,SR-25-00774,QC,Completed,2025-06-18,Nethmi Perera
SH-003181,SR-25-00775,Submitted,Approved,2025-06-15,Ashen Rathnayake
SH-003182,SR-25-00775,Approved,In Progress,2025-06-16,Ashen Rathnayake
SH-003183,SR-25-00775,In Progress,QC,2025-06-17,Ashen Rathnayake
SH-003184,SR-25-00775,QC,Completed,2025-06-18,Ashen Rathnayake
SH-003185,SR-25-00776,Submitted,Approved,2025-06-17,Sachini Silva
SH-003186,SR-25-00776,Approved,In Progress,2025-06-18,Sachini Silva
SH-003187,SR-25-00776,In Progress,QC,2025-06-20,Sachini Silva
SH-003188,SR-25-00776,QC,Completed,2025-06-21,Sachini Silva
SH-003189,SR-25-00777,Submitted,Approved,2025-06-18,Hiruni Gunasekara
SH-003190,SR-25-00777,Approved,In Progress,2025-06-19,Hiruni Gunasekara
SH-003191,SR-25-00777,In Progress,QC,2025-06-20,Hiruni Gunasekara
SH-003192,SR-25-00777,QC,Completed,2025-06-22,Hiruni Gunasekara
SH-003193,SR-25-00778,Submitted,Approved,2025-06-17,Dulani Jayasuriya
SH-003194,SR-25-00778,Approved,In Progress,2025-06-18,Dulani Jayasuriya
SH-003195,SR-25-00778,In Progress,QC,2025-06-20,Dulani Jayasuriya
SH-003196,SR-25-00778,QC,Completed,2025-06-21,Dulani Jayasuriya
SH-003197,SR-25-00779,Submitted,Approved,2025-06-19,Nethmi Perera
SH-003198,SR-25-00779,Approved,In Progress,2025-06-20,Nethmi Perera
SH-003199,SR-25-00779,In Progress,QC,2025-06-21,Nethmi Perera
SH-003200,SR-25-00779,QC,Completed,2025-06-23,Nethmi Perera
SH-003201,SR-25-00780,Submitted,Approved,2025-06-18,Sachini Silva
SH-003202,SR-25-00780,Approved,In Progress,2025-06-19,Sachini Silva
SH-003203,SR-25-00780,In Progress,QC,2025-06-19,Sachini Silva
SH-003204,SR-25-00780,QC,Completed,2025-06-20,Sachini Silva
SH-003205,SR-25-00781,Submitted,Approved,2025-06-19,Hiruni Gunasekara
SH-003206,SR-25-00781,Approved,In Progress,2025-06-21,Hiruni Gunasekara
SH-003207,SR-25-00781,In Progress,QC,2025-06-23,Hiruni Gunasekara
SH-003208,SR-25-00781,QC,Completed,2025-06-25,Hiruni Gunasekara
SH-003209,SR-25-00782,Submitted,Approved,2025-06-19,Dulani Jayasuriya
SH-003210,SR-25-00782,Approved,In Progress,2025-06-20,Dulani Jayasuriya
SH-003211,SR-25-00782,In Progress,QC,2025-06-21,Dulani Jayasuriya
SH-003212,SR-25-00782,QC,Completed,2025-06-22,Dulani Jayasuriya
SH-003213,SR-25-00783,Submitted,Approved,2025-06-20,Dulani Jayasuriya
SH-003214,SR-25-00783,Approved,In Progress,2025-06-21,Dulani Jayasuriya
SH-003215,SR-25-00783,In Progress,QC,2025-06-22,Dulani Jayasuriya
SH-003216,SR-25-00783,QC,Completed,2025-06-24,Dulani Jayasuriya
SH-003217,SR-25-00784,Submitted,Approved,2025-06-19,Hiruni Gunasekara
SH-003218,SR-25-00784,Approved,In Progress,2025-06-20,Hiruni Gunasekara
SH-003219,SR-25-00784,In Progress,QC,2025-06-20,Hiruni Gunasekara
SH-003220,SR-25-00784,QC,Completed,2025-06-21,Hiruni Gunasekara
SH-003221,SR-25-00785,Submitted,Approved,2025-06-20,Sachini Silva
SH-003222,SR-25-00785,Approved,In Progress,2025-06-21,Sachini Silva
SH-003223,SR-25-00785,In Progress,QC,2025-06-23,Sachini Silva
SH-003224,SR-25-00785,QC,Completed,2025-06-24,Sachini Silva
SH-003225,SR-25-00786,Submitted,Approved,2025-06-21,Dulani Jayasuriya
SH-003226,SR-25-00786,Approved,In Progress,2025-06-23,Dulani Jayasuriya
SH-003227,SR-25-00786,In Progress,QC,2025-06-24,Dulani Jayasuriya
SH-003228,SR-25-00786,QC,Completed,2025-06-26,Dulani Jayasuriya
SH-003229,SR-25-00787,Submitted,Approved,2025-06-19,Sachini Silva
SH-003230,SR-25-00787,Approved,In Progress,2025-06-20,Sachini Silva
SH-003231,SR-25-00787,In Progress,QC,2025-06-21,Sachini Silva
SH-003232,SR-25-00787,QC,Completed,2025-06-21,Sachini Silva
SH-003233,SR-25-00788,Submitted,Approved,2025-06-22,Sachini Silva
SH-003234,SR-25-00788,Approved,In Progress,2025-06-24,Sachini Silva
SH-003235,SR-25-00788,In Progress,QC,2025-06-25,Sachini Silva
SH-003236,SR-25-00788,QC,Completed,2025-06-27,Sachini Silva
SH-003237,SR-25-00789,Submitted,Approved,2025-06-22,Hiruni Gunasekara
SH-003238,SR-25-00789,Approved,In Progress,2025-06-23,Hiruni Gunasekara
SH-003239,SR-25-00789,In Progress,QC,2025-06-24,Hiruni Gunasekara
SH-003240,SR-25-00789,QC,Completed,2025-06-26,Hiruni Gunasekara
SH-003241,SR-25-00790,Submitted,Approved,2025-06-23,Ashen Rathnayake
SH-003242,SR-25-00790,Approved,In Progress,2025-06-25,Ashen Rathnayake
SH-003243,SR-25-00790,In Progress,QC,2025-06-26,Ashen Rathnayake
SH-003244,SR-25-00790,QC,Completed,2025-06-28,Ashen Rathnayake
SH-003245,SR-25-00791,Submitted,Approved,2025-06-21,Nethmi Perera
SH-003246,SR-25-00791,Approved,In Progress,2025-06-21,Nethmi Perera
SH-003247,SR-25-00791,In Progress,QC,2025-06-22,Nethmi Perera
SH-003248,SR-25-00791,QC,Completed,2025-06-22,Nethmi Perera
SH-003249,SR-25-00792,Submitted,Approved,2025-06-22,Ashen Rathnayake
SH-003250,SR-25-00792,Approved,In Progress,2025-06-24,Ashen Rathnayake
SH-003251,SR-25-00792,In Progress,QC,2025-06-25,Ashen Rathnayake
SH-003252,SR-25-00792,QC,Rework,2025-06-26,Ashen Rathnayake
SH-003253,SR-25-00792,Rework,QC,2025-06-28,Ashen Rathnayake
SH-003254,SR-25-00792,QC,Completed,2025-06-29,Ashen Rathnayake
SH-003255,SR-25-00793,Submitted,Approved,2025-06-22,Dulani Jayasuriya
SH-003256,SR-25-00793,Approved,In Progress,2025-06-23,Dulani Jayasuriya
SH-003257,SR-25-00793,In Progress,QC,2025-06-24,Dulani Jayasuriya
SH-003258,SR-25-00793,QC,Completed,2025-06-25,Dulani Jayasuriya
SH-003259,SR-25-00794,Submitted,Approved,2025-06-23,Kavindu Fernando
SH-003260,SR-25-00794,Approved,In Progress,2025-06-25,Kavindu Fernando
SH-003261,SR-25-00794,In Progress,QC,2025-06-26,Kavindu Fernando
SH-003262,SR-25-00794,QC,Completed,2025-06-28,Kavindu Fernando
SH-003263,SR-25-00795,Submitted,Approved,2025-06-23,Hiruni Gunasekara
SH-003264,SR-25-00795,Approved,In Progress,2025-06-24,Hiruni Gunasekara
SH-003265,SR-25-00795,In Progress,QC,2025-06-25,Hiruni Gunasekara
SH-003266,SR-25-00795,QC,Completed,2025-06-25,Hiruni Gunasekara
SH-003267,SR-25-00796,Submitted,Approved,2025-06-25,Nethmi Perera
SH-003268,SR-25-00796,Approved,In Progress,2025-06-27,Nethmi Perera
SH-003269,SR-25-00796,In Progress,QC,2025-06-29,Nethmi Perera
SH-003270,SR-25-00796,QC,Completed,2025-07-01,Nethmi Perera
SH-003271,SR-25-00797,Submitted,Approved,2025-06-25,Hiruni Gunasekara
SH-003272,SR-25-00797,Approved,In Progress,2025-06-26,Hiruni Gunasekara
SH-003273,SR-25-00797,In Progress,QC,2025-06-26,Hiruni Gunasekara
SH-003274,SR-25-00797,QC,Completed,2025-06-27,Hiruni Gunasekara
SH-003275,SR-25-00798,Submitted,Approved,2025-06-24,Hiruni Gunasekara
SH-003276,SR-25-00798,Approved,In Progress,2025-06-25,Hiruni Gunasekara
SH-003277,SR-25-00798,In Progress,QC,2025-06-26,Hiruni Gunasekara
SH-003278,SR-25-00798,QC,Completed,2025-06-26,Hiruni Gunasekara
SH-003279,SR-25-00799,Submitted,Approved,2025-06-27,Nethmi Perera
SH-003280,SR-25-00799,Approved,In Progress,2025-06-28,Nethmi Perera
SH-003281,SR-25-00799,In Progress,QC,2025-06-29,Nethmi Perera
SH-003282,SR-25-00799,QC,Completed,2025-07-01,Nethmi Perera
SH-003283,SR-25-00800,Submitted,Approved,2025-06-26,Nethmi Perera
SH-003284,SR-25-00800,Approved,In Progress,2025-06-27,Nethmi Perera
SH-003285,SR-25-00800,In Progress,QC,2025-06-29,Nethmi Perera
SH-003286,SR-25-00800,QC,Completed,2025-06-30,Nethmi Perera
SH-003287,SR-25-00801,Submitted,Approved,2025-06-25,Kavindu Fernando
SH-003288,SR-25-00801,Approved,In Progress,2025-06-26,Kavindu Fernando
SH-003289,SR-25-00801,In Progress,QC,2025-06-27,Kavindu Fernando
SH-003290,SR-25-00801,QC,Completed,2025-06-27,Kavindu Fernando
SH-003291,SR-25-00802,Submitted,Approved,2025-06-26,Hiruni Gunasekara
SH-003292,SR-25-00802,Approved,In Progress,2025-06-27,Hiruni Gunasekara
SH-003293,SR-25-00802,In Progress,QC,2025-06-29,Hiruni Gunasekara
SH-003294,SR-25-00802,QC,Completed,2025-06-30,Hiruni Gunasekara
SH-003295,SR-25-00803,Submitted,Approved,2025-06-28,Ashen Rathnayake
SH-003296,SR-25-00803,Approved,In Progress,2025-06-30,Ashen Rathnayake
SH-003297,SR-25-00803,In Progress,QC,2025-07-02,Ashen Rathnayake
SH-003298,SR-25-00803,QC,Rework,2025-07-03,Ashen Rathnayake
SH-003299,SR-25-00803,Rework,QC,2025-07-05,Ashen Rathnayake
SH-003300,SR-25-00803,QC,Completed,2025-07-07,Ashen Rathnayake
SH-003301,SR-25-00804,Submitted,Approved,2025-06-26,Sachini Silva
SH-003302,SR-25-00804,Approved,In Progress,2025-06-27,Sachini Silva
SH-003303,SR-25-00804,In Progress,QC,2025-06-28,Sachini Silva
SH-003304,SR-25-00804,QC,Completed,2025-06-28,Sachini Silva
SH-003305,SR-25-00805,Submitted,Approved,2025-06-28,Ashen Rathnayake
SH-003306,SR-25-00805,Approved,In Progress,2025-06-29,Ashen Rathnayake
SH-003307,SR-25-00805,In Progress,QC,2025-06-30,Ashen Rathnayake
SH-003308,SR-25-00805,QC,Completed,2025-07-02,Ashen Rathnayake
SH-003309,SR-25-00806,Submitted,Approved,2025-06-27,Ashen Rathnayake
SH-003310,SR-25-00806,Approved,In Progress,2025-06-28,Ashen Rathnayake
SH-003311,SR-25-00806,In Progress,QC,2025-06-28,Ashen Rathnayake
SH-003312,SR-25-00806,QC,Rework,2025-06-29,Ashen Rathnayake
SH-003313,SR-25-00806,Rework,QC,2025-06-30,Ashen Rathnayake
SH-003314,SR-25-00806,QC,Completed,2025-07-01,Ashen Rathnayake
SH-003315,SR-25-00807,Submitted,Approved,2025-06-28,Hiruni Gunasekara
SH-003316,SR-25-00807,Approved,In Progress,2025-06-30,Hiruni Gunasekara
SH-003317,SR-25-00807,In Progress,QC,2025-07-02,Hiruni Gunasekara
SH-003318,SR-25-00807,QC,Completed,2025-07-04,Hiruni Gunasekara
SH-003319,SR-25-00808,Submitted,Approved,2025-06-28,Hiruni Gunasekara
SH-003320,SR-25-00808,Approved,In Progress,2025-06-30,Hiruni Gunasekara
SH-003321,SR-25-00808,In Progress,QC,2025-07-03,Hiruni Gunasekara
SH-003322,SR-25-00808,QC,Completed,2025-07-05,Hiruni Gunasekara
SH-003323,SR-25-00809,Submitted,Approved,2025-06-28,Nethmi Perera
SH-003324,SR-25-00809,Approved,In Progress,2025-06-30,Nethmi Perera
SH-003325,SR-25-00809,In Progress,QC,2025-07-02,Nethmi Perera
SH-003326,SR-25-00809,QC,Completed,2025-07-04,Nethmi Perera
SH-003327,SR-25-00810,Submitted,Approved,2025-06-28,Nethmi Perera
SH-003328,SR-25-00810,Approved,In Progress,2025-06-29,Nethmi Perera
SH-003329,SR-25-00810,In Progress,QC,2025-06-30,Nethmi Perera
SH-003330,SR-25-00810,QC,Completed,2025-07-01,Nethmi Perera
SH-003331,SR-25-00811,Submitted,Approved,2025-06-27,Ashen Rathnayake
SH-003332,SR-25-00811,Approved,In Progress,2025-06-28,Ashen Rathnayake
SH-003333,SR-25-00811,In Progress,QC,2025-06-29,Ashen Rathnayake
SH-003334,SR-25-00811,QC,Completed,2025-06-29,Ashen Rathnayake
SH-003335,SR-25-00812,Submitted,Approved,2025-06-29,Sachini Silva
SH-003336,SR-25-00812,Approved,In Progress,2025-06-30,Sachini Silva
SH-003337,SR-25-00812,In Progress,QC,2025-07-01,Sachini Silva
SH-003338,SR-25-00812,QC,Completed,2025-07-03,Sachini Silva
SH-003339,SR-25-00813,Submitted,Approved,2025-06-27,Sachini Silva
SH-003340,SR-25-00813,Approved,In Progress,2025-06-28,Sachini Silva
SH-003341,SR-25-00813,In Progress,QC,2025-06-29,Sachini Silva
SH-003342,SR-25-00813,QC,Completed,2025-06-29,Sachini Silva
SH-003343,SR-25-00814,Submitted,Approved,2025-06-30,Hiruni Gunasekara
SH-003344,SR-25-00814,Approved,In Progress,2025-07-02,Hiruni Gunasekara
SH-003345,SR-25-00814,In Progress,QC,2025-07-05,Hiruni Gunasekara
SH-003346,SR-25-00814,QC,Completed,2025-07-07,Hiruni Gunasekara
SH-003347,SR-25-00815,Submitted,Approved,2025-06-30,Sachini Silva
SH-003348,SR-25-00815,Approved,In Progress,2025-07-02,Sachini Silva
SH-003349,SR-25-00815,In Progress,QC,2025-07-05,Sachini Silva
SH-003350,SR-25-00815,QC,Completed,2025-07-07,Sachini Silva
SH-003351,SR-25-00816,Submitted,Approved,2025-06-30,Dulani Jayasuriya
SH-003352,SR-25-00816,Approved,In Progress,2025-07-02,Dulani Jayasuriya
SH-003353,SR-25-00816,In Progress,QC,2025-07-03,Dulani Jayasuriya
SH-003354,SR-25-00816,QC,Completed,2025-07-05,Dulani Jayasuriya
SH-003355,SR-25-00817,Submitted,Approved,2025-06-29,Ashen Rathnayake
SH-003356,SR-25-00817,Approved,In Progress,2025-06-30,Ashen Rathnayake
SH-003357,SR-25-00817,In Progress,QC,2025-07-02,Ashen Rathnayake
SH-003358,SR-25-00817,QC,Completed,2025-07-03,Ashen Rathnayake
SH-003359,SR-25-00818,Submitted,Approved,2025-06-30,Ashen Rathnayake
SH-003360,SR-25-00818,Approved,In Progress,2025-07-02,Ashen Rathnayake
SH-003361,SR-25-00818,In Progress,QC,2025-07-03,Ashen Rathnayake
SH-003362,SR-25-00818,QC,Completed,2025-07-05,Ashen Rathnayake
SH-003363,SR-25-00819,Submitted,Approved,2025-06-29,Hiruni Gunasekara
SH-003364,SR-25-00819,Approved,In Progress,2025-06-30,Hiruni Gunasekara
SH-003365,SR-25-00819,In Progress,QC,2025-07-02,Hiruni Gunasekara
SH-003366,SR-25-00819,QC,Completed,2025-07-03,Hiruni Gunasekara
SH-003367,SR-25-00820,Submitted,Approved,2025-07-01,Nethmi Perera
SH-003368,SR-25-00820,Approved,In Progress,2025-07-02,Nethmi Perera
SH-003369,SR-25-00820,In Progress,QC,2025-07-03,Nethmi Perera
SH-003370,SR-25-00820,QC,Completed,2025-07-04,Nethmi Perera
SH-003371,SR-25-00821,Submitted,Approved,2025-07-01,Sachini Silva
SH-003372,SR-25-00821,Approved,In Progress,2025-07-02,Sachini Silva
SH-003373,SR-25-00821,In Progress,QC,2025-07-02,Sachini Silva
SH-003374,SR-25-00821,QC,Completed,2025-07-03,Sachini Silva
SH-003375,SR-25-00822,Submitted,Approved,2025-07-03,Dulani Jayasuriya
SH-003376,SR-25-00822,Approved,In Progress,2025-07-05,Dulani Jayasuriya
SH-003377,SR-25-00822,In Progress,QC,2025-07-07,Dulani Jayasuriya
SH-003378,SR-25-00822,QC,Completed,2025-07-09,Dulani Jayasuriya
SH-003379,SR-25-00823,Submitted,Approved,2025-07-02,Ashen Rathnayake
SH-003380,SR-25-00823,Approved,In Progress,2025-07-03,Ashen Rathnayake
SH-003381,SR-25-00823,In Progress,QC,2025-07-04,Ashen Rathnayake
SH-003382,SR-25-00823,QC,Completed,2025-07-05,Ashen Rathnayake
SH-003383,SR-25-00824,Submitted,Approved,2025-07-02,Sachini Silva
SH-003384,SR-25-00824,Approved,In Progress,2025-07-02,Sachini Silva
SH-003385,SR-25-00824,In Progress,QC,2025-07-03,Sachini Silva
SH-003386,SR-25-00824,QC,Rework,2025-07-04,Sachini Silva
SH-003387,SR-25-00824,Rework,QC,2025-07-04,Sachini Silva
SH-003388,SR-25-00824,QC,Completed,2025-07-05,Sachini Silva
SH-003389,SR-25-00825,Submitted,Approved,2025-07-02,Sachini Silva
SH-003390,SR-25-00825,Approved,In Progress,2025-07-03,Sachini Silva
SH-003391,SR-25-00825,In Progress,QC,2025-07-03,Sachini Silva
SH-003392,SR-25-00825,QC,Completed,2025-07-04,Sachini Silva
SH-003393,SR-25-00826,Submitted,Approved,2025-07-02,Nethmi Perera
SH-003394,SR-25-00826,Approved,In Progress,2025-07-02,Nethmi Perera
SH-003395,SR-25-00826,In Progress,QC,2025-07-03,Nethmi Perera
SH-003396,SR-25-00826,QC,Completed,2025-07-03,Nethmi Perera
SH-003397,SR-25-00827,Submitted,Approved,2025-07-04,Hiruni Gunasekara
SH-003398,SR-25-00827,Approved,In Progress,2025-07-05,Hiruni Gunasekara
SH-003399,SR-25-00827,In Progress,QC,2025-07-06,Hiruni Gunasekara
SH-003400,SR-25-00827,QC,Completed,2025-07-08,Hiruni Gunasekara
SH-003401,SR-25-00828,Submitted,Approved,2025-07-04,Kavindu Fernando
SH-003402,SR-25-00828,Approved,In Progress,2025-07-06,Kavindu Fernando
SH-003403,SR-25-00828,In Progress,QC,2025-07-07,Kavindu Fernando
SH-003404,SR-25-00828,QC,Completed,2025-07-09,Kavindu Fernando
SH-003405,SR-25-00829,Submitted,Approved,2025-07-05,Nethmi Perera
SH-003406,SR-25-00829,Approved,In Progress,2025-07-06,Nethmi Perera
SH-003407,SR-25-00829,In Progress,QC,2025-07-07,Nethmi Perera
SH-003408,SR-25-00829,QC,Completed,2025-07-09,Nethmi Perera
SH-003409,SR-25-00830,Submitted,Approved,2025-07-04,Hiruni Gunasekara
SH-003410,SR-25-00830,Approved,In Progress,2025-07-05,Hiruni Gunasekara
SH-003411,SR-25-00830,In Progress,QC,2025-07-05,Hiruni Gunasekara
SH-003412,SR-25-00830,QC,Completed,2025-07-06,Hiruni Gunasekara
SH-003413,SR-25-00831,Submitted,Approved,2025-07-05,Ashen Rathnayake
SH-003414,SR-25-00831,Approved,In Progress,2025-07-07,Ashen Rathnayake
SH-003415,SR-25-00831,In Progress,QC,2025-07-09,Ashen Rathnayake
SH-003416,SR-25-00831,QC,Rework,2025-07-11,Ashen Rathnayake
SH-003417,SR-25-00831,Rework,QC,2025-07-13,Ashen Rathnayake
SH-003418,SR-25-00831,QC,Completed,2025-07-15,Ashen Rathnayake
SH-003419,SR-25-00832,Submitted,Approved,2025-07-04,Dulani Jayasuriya
SH-003420,SR-25-00832,Approved,In Progress,2025-07-05,Dulani Jayasuriya
SH-003421,SR-25-00832,In Progress,QC,2025-07-07,Dulani Jayasuriya
SH-003422,SR-25-00832,QC,Completed,2025-07-08,Dulani Jayasuriya
SH-003423,SR-25-00833,Submitted,Approved,2025-07-04,Dulani Jayasuriya
SH-003424,SR-25-00833,Approved,In Progress,2025-07-05,Dulani Jayasuriya
SH-003425,SR-25-00833,In Progress,QC,2025-07-06,Dulani Jayasuriya
SH-003426,SR-25-00833,QC,Completed,2025-07-06,Dulani Jayasuriya
SH-003427,SR-25-00834,Submitted,Approved,2025-07-06,Ashen Rathnayake
SH-003428,SR-25-00834,Approved,In Progress,2025-07-09,Ashen Rathnayake
SH-003429,SR-25-00834,In Progress,QC,2025-07-12,Ashen Rathnayake
SH-003430,SR-25-00834,QC,Completed,2025-07-14,Ashen Rathnayake
SH-003431,SR-25-00835,Submitted,Approved,2025-07-06,Kavindu Fernando
SH-003432,SR-25-00835,Approved,In Progress,2025-07-07,Kavindu Fernando
SH-003433,SR-25-00835,In Progress,QC,2025-07-07,Kavindu Fernando
SH-003434,SR-25-00835,QC,Completed,2025-07-08,Kavindu Fernando
SH-003435,SR-25-00836,Submitted,Approved,2025-07-08,Ashen Rathnayake
SH-003436,SR-25-00836,Approved,In Progress,2025-07-09,Ashen Rathnayake
SH-003437,SR-25-00836,In Progress,QC,2025-07-11,Ashen Rathnayake
SH-003438,SR-25-00836,QC,Completed,2025-07-12,Ashen Rathnayake
SH-003439,SR-25-00837,Submitted,Approved,2025-07-08,Dulani Jayasuriya
SH-003440,SR-25-00837,Approved,In Progress,2025-07-09,Dulani Jayasuriya
SH-003441,SR-25-00837,In Progress,QC,2025-07-11,Dulani Jayasuriya
SH-003442,SR-25-00837,QC,Completed,2025-07-12,Dulani Jayasuriya
SH-003443,SR-25-00838,Submitted,Approved,2025-07-08,Kavindu Fernando
SH-003444,SR-25-00838,Approved,In Progress,2025-07-10,Kavindu Fernando
SH-003445,SR-25-00838,In Progress,QC,2025-07-11,Kavindu Fernando
SH-003446,SR-25-00838,QC,Rework,2025-07-12,Kavindu Fernando
SH-003447,SR-25-00838,Rework,QC,2025-07-14,Kavindu Fernando
SH-003448,SR-25-00838,QC,Completed,2025-07-15,Kavindu Fernando
SH-003449,SR-25-00839,Submitted,Approved,2025-07-08,Hiruni Gunasekara
SH-003450,SR-25-00839,Approved,In Progress,2025-07-09,Hiruni Gunasekara
SH-003451,SR-25-00839,In Progress,QC,2025-07-10,Hiruni Gunasekara
SH-003452,SR-25-00839,QC,Completed,2025-07-11,Hiruni Gunasekara
SH-003453,SR-25-00840,Submitted,Approved,2025-07-08,Sachini Silva
SH-003454,SR-25-00840,Approved,In Progress,2025-07-09,Sachini Silva
SH-003455,SR-25-00840,In Progress,QC,2025-07-10,Sachini Silva
SH-003456,SR-25-00840,QC,Completed,2025-07-10,Sachini Silva
SH-003457,SR-25-00841,Submitted,Approved,2025-07-10,Hiruni Gunasekara
SH-003458,SR-25-00841,Approved,In Progress,2025-07-11,Hiruni Gunasekara
SH-003459,SR-25-00841,In Progress,QC,2025-07-11,Hiruni Gunasekara
SH-003460,SR-25-00841,QC,Completed,2025-07-12,Hiruni Gunasekara
SH-003461,SR-25-00842,Submitted,Approved,2025-07-10,Kavindu Fernando
SH-003462,SR-25-00842,Approved,In Progress,2025-07-11,Kavindu Fernando
SH-003463,SR-25-00842,In Progress,QC,2025-07-12,Kavindu Fernando
SH-003464,SR-25-00842,QC,Completed,2025-07-13,Kavindu Fernando
SH-003465,SR-25-00843,Submitted,Approved,2025-07-13,Nethmi Perera
SH-003466,SR-25-00843,Approved,In Progress,2025-07-14,Nethmi Perera
SH-003467,SR-25-00843,In Progress,QC,2025-07-15,Nethmi Perera
SH-003468,SR-25-00843,QC,Completed,2025-07-17,Nethmi Perera
SH-003469,SR-25-00844,Submitted,Approved,2025-07-12,Hiruni Gunasekara
SH-003470,SR-25-00844,Approved,In Progress,2025-07-13,Hiruni Gunasekara
SH-003471,SR-25-00844,In Progress,QC,2025-07-15,Hiruni Gunasekara
SH-003472,SR-25-00844,QC,Completed,2025-07-16,Hiruni Gunasekara
SH-003473,SR-25-00845,Submitted,Approved,2025-07-13,Nethmi Perera
SH-003474,SR-25-00845,Approved,In Progress,2025-07-14,Nethmi Perera
SH-003475,SR-25-00845,In Progress,QC,2025-07-14,Nethmi Perera
SH-003476,SR-25-00845,QC,Completed,2025-07-15,Nethmi Perera
SH-003477,SR-25-00846,Submitted,Approved,2025-07-13,Hiruni Gunasekara
SH-003478,SR-25-00846,Approved,In Progress,2025-07-14,Hiruni Gunasekara
SH-003479,SR-25-00846,In Progress,QC,2025-07-14,Hiruni Gunasekara
SH-003480,SR-25-00846,QC,Completed,2025-07-15,Hiruni Gunasekara
SH-003481,SR-25-00847,Submitted,Approved,2025-07-14,Sachini Silva
SH-003482,SR-25-00847,Approved,In Progress,2025-07-15,Sachini Silva
SH-003483,SR-25-00847,In Progress,QC,2025-07-16,Sachini Silva
SH-003484,SR-25-00847,QC,Completed,2025-07-18,Sachini Silva
SH-003485,SR-25-00848,Submitted,Approved,2025-07-16,Nethmi Perera
SH-003486,SR-25-00848,Approved,In Progress,2025-07-18,Nethmi Perera
SH-003487,SR-25-00848,In Progress,QC,2025-07-20,Nethmi Perera
SH-003488,SR-25-00848,QC,Completed,2025-07-22,Nethmi Perera
SH-003489,SR-25-00849,Submitted,Approved,2025-07-15,Dulani Jayasuriya
SH-003490,SR-25-00849,Approved,In Progress,2025-07-16,Dulani Jayasuriya
SH-003491,SR-25-00849,In Progress,QC,2025-07-17,Dulani Jayasuriya
SH-003492,SR-25-00849,QC,Completed,2025-07-18,Dulani Jayasuriya
SH-003493,SR-25-00850,Submitted,Approved,2025-07-16,Ashen Rathnayake
SH-003494,SR-25-00850,Approved,In Progress,2025-07-17,Ashen Rathnayake
SH-003495,SR-25-00850,In Progress,QC,2025-07-18,Ashen Rathnayake
SH-003496,SR-25-00850,QC,Completed,2025-07-20,Ashen Rathnayake
SH-003497,SR-25-00851,Submitted,Approved,2025-07-17,Ashen Rathnayake
SH-003498,SR-25-00851,Approved,In Progress,2025-07-19,Ashen Rathnayake
SH-003499,SR-25-00851,In Progress,QC,2025-07-20,Ashen Rathnayake
SH-003500,SR-25-00851,QC,Completed,2025-07-22,Ashen Rathnayake
SH-003501,SR-25-00852,Submitted,Approved,2025-07-15,Kavindu Fernando
SH-003502,SR-25-00852,Approved,In Progress,2025-07-15,Kavindu Fernando
SH-003503,SR-25-00852,In Progress,QC,2025-07-16,Kavindu Fernando
SH-003504,SR-25-00852,QC,Completed,2025-07-16,Kavindu Fernando
SH-003505,SR-25-00853,Submitted,Approved,2025-07-17,Kavindu Fernando
SH-003506,SR-25-00853,Approved,In Progress,2025-07-19,Kavindu Fernando
SH-003507,SR-25-00853,In Progress,QC,2025-07-21,Kavindu Fernando
SH-003508,SR-25-00853,QC,Completed,2025-07-23,Kavindu Fernando
SH-003509,SR-25-00854,Submitted,Approved,2025-07-18,Kavindu Fernando
SH-003510,SR-25-00854,Approved,In Progress,2025-07-19,Kavindu Fernando
SH-003511,SR-25-00854,In Progress,QC,2025-07-20,Kavindu Fernando
SH-003512,SR-25-00854,QC,Completed,2025-07-21,Kavindu Fernando
SH-003513,SR-25-00855,Submitted,Approved,2025-07-19,Ashen Rathnayake
SH-003514,SR-25-00855,Approved,In Progress,2025-07-20,Ashen Rathnayake
SH-003515,SR-25-00855,In Progress,QC,2025-07-21,Ashen Rathnayake
SH-003516,SR-25-00855,QC,Completed,2025-07-23,Ashen Rathnayake
SH-003517,SR-25-00856,Submitted,Approved,2025-07-19,Kavindu Fernando
SH-003518,SR-25-00856,Approved,In Progress,2025-07-21,Kavindu Fernando
SH-003519,SR-25-00856,In Progress,QC,2025-07-22,Kavindu Fernando
SH-003520,SR-25-00856,QC,Completed,2025-07-24,Kavindu Fernando
SH-003521,SR-25-00857,Submitted,Approved,2025-07-19,Dulani Jayasuriya
SH-003522,SR-25-00857,Approved,In Progress,2025-07-20,Dulani Jayasuriya
SH-003523,SR-25-00857,In Progress,QC,2025-07-21,Dulani Jayasuriya
SH-003524,SR-25-00857,QC,Completed,2025-07-22,Dulani Jayasuriya
SH-003525,SR-25-00858,Submitted,Approved,2025-07-20,Sachini Silva
SH-003526,SR-25-00858,Approved,In Progress,2025-07-21,Sachini Silva
SH-003527,SR-25-00858,In Progress,QC,2025-07-22,Sachini Silva
SH-003528,SR-25-00858,QC,Completed,2025-07-24,Sachini Silva
SH-003529,SR-25-00859,Submitted,Approved,2025-07-20,Dulani Jayasuriya
SH-003530,SR-25-00859,Approved,In Progress,2025-07-21,Dulani Jayasuriya
SH-003531,SR-25-00859,In Progress,QC,2025-07-23,Dulani Jayasuriya
SH-003532,SR-25-00859,QC,Rework,2025-07-25,Dulani Jayasuriya
SH-003533,SR-25-00859,Rework,QC,2025-07-26,Dulani Jayasuriya
SH-003534,SR-25-00859,QC,Completed,2025-07-28,Dulani Jayasuriya
SH-003535,SR-25-00860,Submitted,Approved,2025-07-20,Dulani Jayasuriya
SH-003536,SR-25-00860,Approved,In Progress,2025-07-22,Dulani Jayasuriya
SH-003537,SR-25-00860,In Progress,QC,2025-07-23,Dulani Jayasuriya
SH-003538,SR-25-00860,QC,Completed,2025-07-25,Dulani Jayasuriya
SH-003539,SR-25-00861,Submitted,Approved,2025-07-18,Sachini Silva
SH-003540,SR-25-00861,Approved,In Progress,2025-07-18,Sachini Silva
SH-003541,SR-25-00861,In Progress,QC,2025-07-19,Sachini Silva
SH-003542,SR-25-00861,QC,Completed,2025-07-19,Sachini Silva
SH-003543,SR-25-00862,Submitted,Approved,2025-07-21,Sachini Silva
SH-003544,SR-25-00862,Approved,In Progress,2025-07-24,Sachini Silva
SH-003545,SR-25-00862,In Progress,QC,2025-07-27,Sachini Silva
SH-003546,SR-25-00862,QC,Completed,2025-07-29,Sachini Silva
SH-003547,SR-25-00863,Submitted,Approved,2025-07-21,Nethmi Perera
SH-003548,SR-25-00863,Approved,In Progress,2025-07-23,Nethmi Perera
SH-003549,SR-25-00863,In Progress,QC,2025-07-24,Nethmi Perera
SH-003550,SR-25-00863,QC,Completed,2025-07-26,Nethmi Perera
SH-003551,SR-25-00864,Submitted,Approved,2025-07-21,Dulani Jayasuriya
SH-003552,SR-25-00864,Approved,In Progress,2025-07-21,Dulani Jayasuriya
SH-003553,SR-25-00864,In Progress,QC,2025-07-22,Dulani Jayasuriya
SH-003554,SR-25-00864,QC,Completed,2025-07-22,Dulani Jayasuriya
SH-003555,SR-25-00865,Submitted,Approved,2025-07-23,Hiruni Gunasekara
SH-003556,SR-25-00865,Approved,In Progress,2025-07-25,Hiruni Gunasekara
SH-003557,SR-25-00865,In Progress,QC,2025-07-26,Hiruni Gunasekara
SH-003558,SR-25-00865,QC,Completed,2025-07-28,Hiruni Gunasekara
SH-003559,SR-25-00866,Submitted,Approved,2025-07-22,Dulani Jayasuriya
SH-003560,SR-25-00866,Approved,In Progress,2025-07-23,Dulani Jayasuriya
SH-003561,SR-25-00866,In Progress,QC,2025-07-25,Dulani Jayasuriya
SH-003562,SR-25-00866,QC,Completed,2025-07-26,Dulani Jayasuriya
SH-003563,SR-25-00867,Submitted,Approved,2025-07-21,Dulani Jayasuriya
SH-003564,SR-25-00867,Approved,In Progress,2025-07-21,Dulani Jayasuriya
SH-003565,SR-25-00867,In Progress,QC,2025-07-22,Dulani Jayasuriya
SH-003566,SR-25-00867,QC,Completed,2025-07-22,Dulani Jayasuriya
SH-003567,SR-25-00868,Submitted,Approved,2025-07-23,Nethmi Perera
SH-003568,SR-25-00868,Approved,In Progress,2025-07-25,Nethmi Perera
SH-003569,SR-25-00868,In Progress,QC,2025-07-27,Nethmi Perera
SH-003570,SR-25-00868,QC,Completed,2025-07-29,Nethmi Perera
SH-003571,SR-25-00869,Submitted,Approved,2025-07-22,Dulani Jayasuriya
SH-003572,SR-25-00869,Approved,In Progress,2025-07-23,Dulani Jayasuriya
SH-003573,SR-25-00869,In Progress,QC,2025-07-23,Dulani Jayasuriya
SH-003574,SR-25-00869,QC,Completed,2025-07-24,Dulani Jayasuriya
SH-003575,SR-25-00870,Submitted,Approved,2025-07-24,Kavindu Fernando
SH-003576,SR-25-00870,Approved,In Progress,2025-07-26,Kavindu Fernando
SH-003577,SR-25-00870,In Progress,QC,2025-07-28,Kavindu Fernando
SH-003578,SR-25-00870,QC,Completed,2025-07-30,Kavindu Fernando
SH-003579,SR-25-00871,Submitted,Approved,2025-07-23,Dulani Jayasuriya
SH-003580,SR-25-00871,Approved,In Progress,2025-07-24,Dulani Jayasuriya
SH-003581,SR-25-00871,In Progress,QC,2025-07-25,Dulani Jayasuriya
SH-003582,SR-25-00871,QC,Completed,2025-07-26,Dulani Jayasuriya
SH-003583,SR-25-00872,Submitted,Approved,2025-07-25,Sachini Silva
SH-003584,SR-25-00872,Approved,In Progress,2025-07-27,Sachini Silva
SH-003585,SR-25-00872,In Progress,QC,2025-07-28,Sachini Silva
SH-003586,SR-25-00872,QC,Completed,2025-07-30,Sachini Silva
SH-003587,SR-25-00873,Submitted,Approved,2025-07-25,Sachini Silva
SH-003588,SR-25-00873,Approved,In Progress,2025-07-27,Sachini Silva
SH-003589,SR-25-00873,In Progress,QC,2025-07-28,Sachini Silva
SH-003590,SR-25-00873,QC,Completed,2025-07-30,Sachini Silva
SH-003591,SR-25-00874,Submitted,Approved,2025-07-24,Sachini Silva
SH-003592,SR-25-00874,Approved,In Progress,2025-07-25,Sachini Silva
SH-003593,SR-25-00874,In Progress,QC,2025-07-26,Sachini Silva
SH-003594,SR-25-00874,QC,Completed,2025-07-27,Sachini Silva
SH-003595,SR-25-00875,Submitted,Approved,2025-07-26,Ashen Rathnayake
SH-003596,SR-25-00875,Approved,In Progress,2025-07-28,Ashen Rathnayake
SH-003597,SR-25-00875,In Progress,QC,2025-07-31,Ashen Rathnayake
SH-003598,SR-25-00875,QC,Completed,2025-08-02,Ashen Rathnayake
SH-003599,SR-25-00876,Submitted,Approved,2025-07-26,Kavindu Fernando
SH-003600,SR-25-00876,Approved,In Progress,2025-07-28,Kavindu Fernando
SH-003601,SR-25-00876,In Progress,QC,2025-07-29,Kavindu Fernando
SH-003602,SR-25-00876,QC,Completed,2025-07-31,Kavindu Fernando
SH-003603,SR-25-00877,Submitted,Approved,2025-07-26,Sachini Silva
SH-003604,SR-25-00877,Approved,In Progress,2025-07-28,Sachini Silva
SH-003605,SR-25-00877,In Progress,QC,2025-07-29,Sachini Silva
SH-003606,SR-25-00877,QC,Completed,2025-07-31,Sachini Silva
SH-003607,SR-25-00878,Submitted,Approved,2025-07-26,Kavindu Fernando
SH-003608,SR-25-00878,Approved,In Progress,2025-07-27,Kavindu Fernando
SH-003609,SR-25-00878,In Progress,QC,2025-07-28,Kavindu Fernando
SH-003610,SR-25-00878,QC,Rework,2025-07-30,Kavindu Fernando
SH-003611,SR-25-00878,Rework,QC,2025-08-01,Kavindu Fernando
SH-003612,SR-25-00878,QC,Completed,2025-08-02,Kavindu Fernando
SH-003613,SR-25-00879,Submitted,Approved,2025-07-26,Sachini Silva
SH-003614,SR-25-00879,Approved,In Progress,2025-07-27,Sachini Silva
SH-003615,SR-25-00879,In Progress,QC,2025-07-29,Sachini Silva
SH-003616,SR-25-00879,QC,Completed,2025-07-30,Sachini Silva
SH-003617,SR-25-00880,Submitted,Approved,2025-07-25,Dulani Jayasuriya
SH-003618,SR-25-00880,Approved,In Progress,2025-07-26,Dulani Jayasuriya
SH-003619,SR-25-00880,In Progress,QC,2025-07-27,Dulani Jayasuriya
SH-003620,SR-25-00880,QC,Completed,2025-07-27,Dulani Jayasuriya
SH-003621,SR-25-00881,Submitted,Approved,2025-07-28,Nethmi Perera
SH-003622,SR-25-00881,Approved,In Progress,2025-07-30,Nethmi Perera
SH-003623,SR-25-00881,In Progress,QC,2025-07-31,Nethmi Perera
SH-003624,SR-25-00881,QC,Completed,2025-08-02,Nethmi Perera
SH-003625,SR-25-00882,Submitted,Approved,2025-07-27,Kavindu Fernando
SH-003626,SR-25-00882,Approved,In Progress,2025-07-28,Kavindu Fernando
SH-003627,SR-25-00882,In Progress,QC,2025-07-28,Kavindu Fernando
SH-003628,SR-25-00882,QC,Completed,2025-07-29,Kavindu Fernando
SH-003629,SR-25-00883,Submitted,Approved,2025-07-29,Ashen Rathnayake
SH-003630,SR-25-00883,Approved,In Progress,2025-07-30,Ashen Rathnayake
SH-003631,SR-25-00883,In Progress,QC,2025-07-31,Ashen Rathnayake
SH-003632,SR-25-00883,QC,Completed,2025-08-01,Ashen Rathnayake
SH-003633,SR-25-00884,Submitted,Approved,2025-07-29,Hiruni Gunasekara
SH-003634,SR-25-00884,Approved,In Progress,2025-07-30,Hiruni Gunasekara
SH-003635,SR-25-00884,In Progress,QC,2025-07-31,Hiruni Gunasekara
SH-003636,SR-25-00884,QC,Completed,2025-08-01,Hiruni Gunasekara
SH-003637,SR-25-00885,Submitted,Approved,2025-07-29,Hiruni Gunasekara
SH-003638,SR-25-00885,Approved,In Progress,2025-07-30,Hiruni Gunasekara
SH-003639,SR-25-00885,In Progress,QC,2025-08-01,Hiruni Gunasekara
SH-003640,SR-25-00885,QC,Completed,2025-08-02,Hiruni Gunasekara
SH-003641,SR-25-00886,Submitted,Approved,2025-07-30,Dulani Jayasuriya
SH-003642,SR-25-00886,Approved,In Progress,2025-08-01,Dulani Jayasuriya
SH-003643,SR-25-00886,In Progress,QC,2025-08-03,Dulani Jayasuriya
SH-003644,SR-25-00886,QC,Completed,2025-08-05,Dulani Jayasuriya
SH-003645,SR-25-00887,Submitted,Approved,2025-07-29,Kavindu Fernando
SH-003646,SR-25-00887,Approved,In Progress,2025-07-30,Kavindu Fernando
SH-003647,SR-25-00887,In Progress,QC,2025-07-30,Kavindu Fernando
SH-003648,SR-25-00887,QC,Completed,2025-07-31,Kavindu Fernando
SH-003649,SR-25-00888,Submitted,Approved,2025-07-30,Dulani Jayasuriya
SH-003650,SR-25-00888,Approved,In Progress,2025-07-31,Dulani Jayasuriya
SH-003651,SR-25-00888,In Progress,QC,2025-07-31,Dulani Jayasuriya
SH-003652,SR-25-00888,QC,Completed,2025-08-01,Dulani Jayasuriya
SH-003653,SR-25-00889,Submitted,Approved,2025-07-31,Hiruni Gunasekara
SH-003654,SR-25-00889,Approved,In Progress,2025-08-01,Hiruni Gunasekara
SH-003655,SR-25-00889,In Progress,QC,2025-08-02,Hiruni Gunasekara
SH-003656,SR-25-00889,QC,Completed,2025-08-04,Hiruni Gunasekara
SH-003657,SR-25-00890,Submitted,Approved,2025-07-30,Nethmi Perera
SH-003658,SR-25-00890,Approved,In Progress,2025-07-31,Nethmi Perera
SH-003659,SR-25-00890,In Progress,QC,2025-07-31,Nethmi Perera
SH-003660,SR-25-00890,QC,Completed,2025-08-01,Nethmi Perera
SH-003661,SR-25-00891,Submitted,Approved,2025-07-31,Kavindu Fernando
SH-003662,SR-25-00891,Approved,In Progress,2025-08-02,Kavindu Fernando
SH-003663,SR-25-00891,In Progress,QC,2025-08-04,Kavindu Fernando
SH-003664,SR-25-00891,QC,Completed,2025-08-06,Kavindu Fernando
SH-003665,SR-25-00892,Submitted,Approved,2025-07-31,Hiruni Gunasekara
SH-003666,SR-25-00892,Approved,In Progress,2025-08-02,Hiruni Gunasekara
SH-003667,SR-25-00892,In Progress,QC,2025-08-03,Hiruni Gunasekara
SH-003668,SR-25-00892,QC,Completed,2025-08-05,Hiruni Gunasekara
SH-003669,SR-25-00893,Submitted,Approved,2025-07-29,Hiruni Gunasekara
SH-003670,SR-25-00893,Approved,In Progress,2025-07-29,Hiruni Gunasekara
SH-003671,SR-25-00893,In Progress,QC,2025-07-30,Hiruni Gunasekara
SH-003672,SR-25-00893,QC,Completed,2025-07-30,Hiruni Gunasekara
SH-003673,SR-25-00894,Submitted,Approved,2025-07-29,Dulani Jayasuriya
SH-003674,SR-25-00894,Approved,In Progress,2025-07-30,Dulani Jayasuriya
SH-003675,SR-25-00894,In Progress,QC,2025-07-31,Dulani Jayasuriya
SH-003676,SR-25-00894,QC,Completed,2025-07-31,Dulani Jayasuriya
SH-003677,SR-25-00895,Submitted,Approved,2025-07-31,Hiruni Gunasekara
SH-003678,SR-25-00895,Approved,In Progress,2025-08-02,Hiruni Gunasekara
SH-003679,SR-25-00895,In Progress,QC,2025-08-03,Hiruni Gunasekara
SH-003680,SR-25-00895,QC,Completed,2025-08-05,Hiruni Gunasekara
SH-003681,SR-25-00896,Submitted,Approved,2025-07-30,Sachini Silva
SH-003682,SR-25-00896,Approved,In Progress,2025-07-31,Sachini Silva
SH-003683,SR-25-00896,In Progress,QC,2025-08-01,Sachini Silva
SH-003684,SR-25-00896,QC,Completed,2025-08-01,Sachini Silva
SH-003685,SR-25-00897,Submitted,Approved,2025-08-01,Kavindu Fernando
SH-003686,SR-25-00897,Approved,In Progress,2025-08-02,Kavindu Fernando
SH-003687,SR-25-00897,In Progress,QC,2025-08-02,Kavindu Fernando
SH-003688,SR-25-00897,QC,Completed,2025-08-03,Kavindu Fernando
SH-003689,SR-25-00898,Submitted,Approved,2025-08-02,Nethmi Perera
SH-003690,SR-25-00898,Approved,In Progress,2025-08-03,Nethmi Perera
SH-003691,SR-25-00898,In Progress,QC,2025-08-04,Nethmi Perera
SH-003692,SR-25-00898,QC,Completed,2025-08-06,Nethmi Perera
SH-003693,SR-25-00899,Submitted,Approved,2025-08-02,Sachini Silva
SH-003694,SR-25-00899,Approved,In Progress,2025-08-03,Sachini Silva
SH-003695,SR-25-00899,In Progress,QC,2025-08-04,Sachini Silva
SH-003696,SR-25-00899,QC,Completed,2025-08-05,Sachini Silva
SH-003697,SR-25-00900,Submitted,Approved,2025-08-04,Dulani Jayasuriya
SH-003698,SR-25-00900,Approved,In Progress,2025-08-07,Dulani Jayasuriya
SH-003699,SR-25-00900,In Progress,QC,2025-08-09,Dulani Jayasuriya
SH-003700,SR-25-00900,QC,Completed,2025-08-12,Dulani Jayasuriya
SH-003701,SR-25-00901,Submitted,Approved,2025-08-03,Hiruni Gunasekara
SH-003702,SR-25-00901,Approved,In Progress,2025-08-04,Hiruni Gunasekara
SH-003703,SR-25-00901,In Progress,QC,2025-08-05,Hiruni Gunasekara
SH-003704,SR-25-00901,QC,Completed,2025-08-07,Hiruni Gunasekara
SH-003705,SR-25-00902,Submitted,Approved,2025-08-04,Sachini Silva
SH-003706,SR-25-00902,Approved,In Progress,2025-08-05,Sachini Silva
SH-003707,SR-25-00902,In Progress,QC,2025-08-06,Sachini Silva
SH-003708,SR-25-00902,QC,Completed,2025-08-08,Sachini Silva
SH-003709,SR-25-00903,Submitted,Approved,2025-08-04,Sachini Silva
SH-003710,SR-25-00903,Approved,In Progress,2025-08-06,Sachini Silva
SH-003711,SR-25-00903,In Progress,QC,2025-08-07,Sachini Silva
SH-003712,SR-25-00903,QC,Completed,2025-08-09,Sachini Silva
SH-003713,SR-25-00904,Submitted,Approved,2025-08-04,Dulani Jayasuriya
SH-003714,SR-25-00904,Approved,In Progress,2025-08-07,Dulani Jayasuriya
SH-003715,SR-25-00904,In Progress,QC,2025-08-10,Dulani Jayasuriya
SH-003716,SR-25-00904,QC,Completed,2025-08-12,Dulani Jayasuriya
SH-003717,SR-25-00905,Submitted,Approved,2025-08-03,Dulani Jayasuriya
SH-003718,SR-25-00905,Approved,In Progress,2025-08-04,Dulani Jayasuriya
SH-003719,SR-25-00905,In Progress,QC,2025-08-05,Dulani Jayasuriya
SH-003720,SR-25-00905,QC,Completed,2025-08-06,Dulani Jayasuriya
SH-003721,SR-25-00906,Submitted,Approved,2025-08-03,Hiruni Gunasekara
SH-003722,SR-25-00906,Approved,In Progress,2025-08-04,Hiruni Gunasekara
SH-003723,SR-25-00906,In Progress,QC,2025-08-06,Hiruni Gunasekara
SH-003724,SR-25-00906,QC,Completed,2025-08-07,Hiruni Gunasekara
SH-003725,SR-25-00907,Submitted,Approved,2025-08-04,Dulani Jayasuriya
SH-003726,SR-25-00907,Approved,In Progress,2025-08-06,Dulani Jayasuriya
SH-003727,SR-25-00907,In Progress,QC,2025-08-07,Dulani Jayasuriya
SH-003728,SR-25-00907,QC,Completed,2025-08-09,Dulani Jayasuriya
SH-003729,SR-25-00908,Submitted,Approved,2025-08-05,Nethmi Perera
SH-003730,SR-25-00908,Approved,In Progress,2025-08-06,Nethmi Perera
SH-003731,SR-25-00908,In Progress,QC,2025-08-07,Nethmi Perera
SH-003732,SR-25-00908,QC,Completed,2025-08-08,Nethmi Perera
SH-003733,SR-25-00909,Submitted,Approved,2025-08-06,Nethmi Perera
SH-003734,SR-25-00909,Approved,In Progress,2025-08-07,Nethmi Perera
SH-003735,SR-25-00909,In Progress,QC,2025-08-08,Nethmi Perera
SH-003736,SR-25-00909,QC,Completed,2025-08-10,Nethmi Perera
SH-003737,SR-25-00910,Submitted,Approved,2025-08-06,Sachini Silva
SH-003738,SR-25-00910,Approved,In Progress,2025-08-07,Sachini Silva
SH-003739,SR-25-00910,In Progress,QC,2025-08-09,Sachini Silva
SH-003740,SR-25-00910,QC,Completed,2025-08-10,Sachini Silva
SH-003741,SR-25-00911,Submitted,Approved,2025-08-06,Hiruni Gunasekara
SH-003742,SR-25-00911,Approved,In Progress,2025-08-07,Hiruni Gunasekara
SH-003743,SR-25-00911,In Progress,QC,2025-08-08,Hiruni Gunasekara
SH-003744,SR-25-00911,QC,Completed,2025-08-09,Hiruni Gunasekara
SH-003745,SR-25-00912,Submitted,Approved,2025-08-07,Dulani Jayasuriya
SH-003746,SR-25-00912,Approved,In Progress,2025-08-09,Dulani Jayasuriya
SH-003747,SR-25-00912,In Progress,QC,2025-08-11,Dulani Jayasuriya
SH-003748,SR-25-00912,QC,Completed,2025-08-13,Dulani Jayasuriya
SH-003749,SR-25-00913,Submitted,Approved,2025-08-07,Kavindu Fernando
SH-003750,SR-25-00913,Approved,In Progress,2025-08-08,Kavindu Fernando
SH-003751,SR-25-00913,In Progress,QC,2025-08-08,Kavindu Fernando
SH-003752,SR-25-00913,QC,Completed,2025-08-09,Kavindu Fernando
SH-003753,SR-25-00914,Submitted,Approved,2025-08-08,Dulani Jayasuriya
SH-003754,SR-25-00914,Approved,In Progress,2025-08-11,Dulani Jayasuriya
SH-003755,SR-25-00914,In Progress,QC,2025-08-14,Dulani Jayasuriya
SH-003756,SR-25-00914,QC,Completed,2025-08-16,Dulani Jayasuriya
SH-003757,SR-25-00915,Submitted,Approved,2025-08-08,Nethmi Perera
SH-003758,SR-25-00915,Approved,In Progress,2025-08-10,Nethmi Perera
SH-003759,SR-25-00915,In Progress,QC,2025-08-12,Nethmi Perera
SH-003760,SR-25-00915,QC,Completed,2025-08-14,Nethmi Perera
SH-003761,SR-25-00916,Submitted,Approved,2025-08-08,Dulani Jayasuriya
SH-003762,SR-25-00916,Approved,In Progress,2025-08-10,Dulani Jayasuriya
SH-003763,SR-25-00916,In Progress,QC,2025-08-12,Dulani Jayasuriya
SH-003764,SR-25-00916,QC,Rework,2025-08-13,Dulani Jayasuriya
SH-003765,SR-25-00916,Rework,QC,2025-08-15,Dulani Jayasuriya
SH-003766,SR-25-00916,QC,Completed,2025-08-17,Dulani Jayasuriya
SH-003767,SR-25-00917,Submitted,Approved,2025-08-08,Dulani Jayasuriya
SH-003768,SR-25-00917,Approved,In Progress,2025-08-09,Dulani Jayasuriya
SH-003769,SR-25-00917,In Progress,QC,2025-08-10,Dulani Jayasuriya
SH-003770,SR-25-00917,QC,Completed,2025-08-11,Dulani Jayasuriya
SH-003771,SR-25-00918,Submitted,Approved,2025-08-08,Nethmi Perera
SH-003772,SR-25-00918,Approved,In Progress,2025-08-09,Nethmi Perera
SH-003773,SR-25-00918,In Progress,QC,2025-08-11,Nethmi Perera
SH-003774,SR-25-00918,QC,Rework,2025-08-12,Nethmi Perera
SH-003775,SR-25-00918,Rework,QC,2025-08-13,Nethmi Perera
SH-003776,SR-25-00918,QC,Completed,2025-08-14,Nethmi Perera
SH-003777,SR-25-00919,Submitted,Approved,2025-08-09,Nethmi Perera
SH-003778,SR-25-00919,Approved,In Progress,2025-08-10,Nethmi Perera
SH-003779,SR-25-00919,In Progress,QC,2025-08-11,Nethmi Perera
SH-003780,SR-25-00919,QC,Rework,2025-08-13,Nethmi Perera
SH-003781,SR-25-00919,Rework,QC,2025-08-15,Nethmi Perera
SH-003782,SR-25-00919,QC,Completed,2025-08-16,Nethmi Perera
SH-003783,SR-25-00920,Submitted,Approved,2025-08-08,Hiruni Gunasekara
SH-003784,SR-25-00920,Approved,In Progress,2025-08-09,Hiruni Gunasekara
SH-003785,SR-25-00920,In Progress,QC,2025-08-10,Hiruni Gunasekara
SH-003786,SR-25-00920,QC,Completed,2025-08-11,Hiruni Gunasekara
SH-003787,SR-25-00921,Submitted,Approved,2025-08-09,Nethmi Perera
SH-003788,SR-25-00921,Approved,In Progress,2025-08-11,Nethmi Perera
SH-003789,SR-25-00921,In Progress,QC,2025-08-12,Nethmi Perera
SH-003790,SR-25-00921,QC,Completed,2025-08-14,Nethmi Perera
SH-003791,SR-25-00922,Submitted,Approved,2025-08-09,Nethmi Perera
SH-003792,SR-25-00922,Approved,In Progress,2025-08-11,Nethmi Perera
SH-003793,SR-25-00922,In Progress,QC,2025-08-12,Nethmi Perera
SH-003794,SR-25-00922,QC,Completed,2025-08-14,Nethmi Perera
SH-003795,SR-25-00923,Submitted,Approved,2025-08-09,Ashen Rathnayake
SH-003796,SR-25-00923,Approved,In Progress,2025-08-10,Ashen Rathnayake
SH-003797,SR-25-00923,In Progress,QC,2025-08-11,Ashen Rathnayake
SH-003798,SR-25-00923,QC,Rework,2025-08-13,Ashen Rathnayake
SH-003799,SR-25-00923,Rework,QC,2025-08-15,Ashen Rathnayake
SH-003800,SR-25-00923,QC,Completed,2025-08-16,Ashen Rathnayake
SH-003801,SR-25-00924,Submitted,Approved,2025-08-10,Ashen Rathnayake
SH-003802,SR-25-00924,Approved,In Progress,2025-08-13,Ashen Rathnayake
SH-003803,SR-25-00924,In Progress,QC,2025-08-15,Ashen Rathnayake
SH-003804,SR-25-00924,QC,Completed,2025-08-18,Ashen Rathnayake
SH-003805,SR-25-00925,Submitted,Approved,2025-08-11,Hiruni Gunasekara
SH-003806,SR-25-00925,Approved,In Progress,2025-08-14,Hiruni Gunasekara
SH-003807,SR-25-00925,In Progress,QC,2025-08-17,Hiruni Gunasekara
SH-003808,SR-25-00925,QC,Completed,2025-08-20,Hiruni Gunasekara
SH-003809,SR-25-00926,Submitted,Approved,2025-08-10,Nethmi Perera
SH-003810,SR-25-00926,Approved,In Progress,2025-08-11,Nethmi Perera
SH-003811,SR-25-00926,In Progress,QC,2025-08-12,Nethmi Perera
SH-003812,SR-25-00926,QC,Completed,2025-08-14,Nethmi Perera
SH-003813,SR-25-00927,Submitted,Approved,2025-08-10,Nethmi Perera
SH-003814,SR-25-00927,Approved,In Progress,2025-08-12,Nethmi Perera
SH-003815,SR-25-00927,In Progress,QC,2025-08-13,Nethmi Perera
SH-003816,SR-25-00927,QC,Completed,2025-08-15,Nethmi Perera
SH-003817,SR-25-00928,Submitted,Approved,2025-08-09,Ashen Rathnayake
SH-003818,SR-25-00928,Approved,In Progress,2025-08-10,Ashen Rathnayake
SH-003819,SR-25-00928,In Progress,QC,2025-08-11,Ashen Rathnayake
SH-003820,SR-25-00928,QC,Completed,2025-08-12,Ashen Rathnayake
SH-003821,SR-25-00929,Submitted,Approved,2025-08-09,Kavindu Fernando
SH-003822,SR-25-00929,Approved,In Progress,2025-08-10,Kavindu Fernando
SH-003823,SR-25-00929,In Progress,QC,2025-08-10,Kavindu Fernando
SH-003824,SR-25-00929,QC,Completed,2025-08-11,Kavindu Fernando
SH-003825,SR-25-00930,Submitted,Approved,2025-08-10,Dulani Jayasuriya
SH-003826,SR-25-00930,Approved,In Progress,2025-08-12,Dulani Jayasuriya
SH-003827,SR-25-00930,In Progress,QC,2025-08-15,Dulani Jayasuriya
SH-003828,SR-25-00930,QC,Completed,2025-08-17,Dulani Jayasuriya
SH-003829,SR-25-00931,Submitted,Approved,2025-08-10,Dulani Jayasuriya
SH-003830,SR-25-00931,Approved,In Progress,2025-08-12,Dulani Jayasuriya
SH-003831,SR-25-00931,In Progress,QC,2025-08-15,Dulani Jayasuriya
SH-003832,SR-25-00931,QC,Completed,2025-08-17,Dulani Jayasuriya
SH-003833,SR-25-00932,Submitted,Approved,2025-08-10,Sachini Silva
SH-003834,SR-25-00932,Approved,In Progress,2025-08-12,Sachini Silva
SH-003835,SR-25-00932,In Progress,QC,2025-08-13,Sachini Silva
SH-003836,SR-25-00932,QC,Completed,2025-08-15,Sachini Silva
SH-003837,SR-25-00933,Submitted,Approved,2025-08-09,Ashen Rathnayake
SH-003838,SR-25-00933,Approved,In Progress,2025-08-10,Ashen Rathnayake
SH-003839,SR-25-00933,In Progress,QC,2025-08-12,Ashen Rathnayake
SH-003840,SR-25-00933,QC,Rework,2025-08-13,Ashen Rathnayake
SH-003841,SR-25-00933,Rework,QC,2025-08-14,Ashen Rathnayake
SH-003842,SR-25-00933,QC,Completed,2025-08-15,Ashen Rathnayake
SH-003843,SR-25-00934,Submitted,Approved,2025-08-11,Dulani Jayasuriya
SH-003844,SR-25-00934,Approved,In Progress,2025-08-14,Dulani Jayasuriya
SH-003845,SR-25-00934,In Progress,QC,2025-08-16,Dulani Jayasuriya
SH-003846,SR-25-00934,QC,Completed,2025-08-19,Dulani Jayasuriya
SH-003847,SR-25-00935,Submitted,Approved,2025-08-10,Kavindu Fernando
SH-003848,SR-25-00935,Approved,In Progress,2025-08-11,Kavindu Fernando
SH-003849,SR-25-00935,In Progress,QC,2025-08-12,Kavindu Fernando
SH-003850,SR-25-00935,QC,Completed,2025-08-13,Kavindu Fernando
SH-003851,SR-25-00936,Submitted,Approved,2025-08-11,Dulani Jayasuriya
SH-003852,SR-25-00936,Approved,In Progress,2025-08-12,Dulani Jayasuriya
SH-003853,SR-25-00936,In Progress,QC,2025-08-13,Dulani Jayasuriya
SH-003854,SR-25-00936,QC,Completed,2025-08-15,Dulani Jayasuriya
SH-003855,SR-25-00937,Submitted,Approved,2025-08-10,Dulani Jayasuriya
SH-003856,SR-25-00937,Approved,In Progress,2025-08-11,Dulani Jayasuriya
SH-003857,SR-25-00937,In Progress,QC,2025-08-13,Dulani Jayasuriya
SH-003858,SR-25-00937,QC,Completed,2025-08-14,Dulani Jayasuriya
SH-003859,SR-25-00938,Submitted,Approved,2025-08-09,Nethmi Perera
SH-003860,SR-25-00938,Approved,In Progress,2025-08-10,Nethmi Perera
SH-003861,SR-25-00938,In Progress,QC,2025-08-11,Nethmi Perera
SH-003862,SR-25-00938,QC,Completed,2025-08-11,Nethmi Perera
SH-003863,SR-25-00939,Submitted,Approved,2025-08-10,Ashen Rathnayake
SH-003864,SR-25-00939,Approved,In Progress,2025-08-11,Ashen Rathnayake
SH-003865,SR-25-00939,In Progress,QC,2025-08-12,Ashen Rathnayake
SH-003866,SR-25-00939,QC,Completed,2025-08-13,Ashen Rathnayake
SH-003867,SR-25-00940,Submitted,Approved,2025-08-11,Ashen Rathnayake
SH-003868,SR-25-00940,Approved,In Progress,2025-08-13,Ashen Rathnayake
SH-003869,SR-25-00940,In Progress,QC,2025-08-14,Ashen Rathnayake
SH-003870,SR-25-00940,QC,Completed,2025-08-16,Ashen Rathnayake
SH-003871,SR-25-00941,Submitted,Approved,2025-08-11,Sachini Silva
SH-003872,SR-25-00941,Approved,In Progress,2025-08-13,Sachini Silva
SH-003873,SR-25-00941,In Progress,QC,2025-08-16,Sachini Silva
SH-003874,SR-25-00941,QC,Completed,2025-08-18,Sachini Silva
SH-003875,SR-25-00942,Submitted,Approved,2025-08-12,Kavindu Fernando
SH-003876,SR-25-00942,Approved,In Progress,2025-08-13,Kavindu Fernando
SH-003877,SR-25-00942,In Progress,QC,2025-08-15,Kavindu Fernando
SH-003878,SR-25-00942,QC,Completed,2025-08-16,Kavindu Fernando
SH-003879,SR-25-00943,Submitted,Approved,2025-08-12,Nethmi Perera
SH-003880,SR-25-00943,Approved,In Progress,2025-08-13,Nethmi Perera
SH-003881,SR-25-00943,In Progress,QC,2025-08-15,Nethmi Perera
SH-003882,SR-25-00943,QC,Completed,2025-08-16,Nethmi Perera
SH-003883,SR-25-00944,Submitted,Approved,2025-08-12,Kavindu Fernando
SH-003884,SR-25-00944,Approved,In Progress,2025-08-13,Kavindu Fernando
SH-003885,SR-25-00944,In Progress,QC,2025-08-15,Kavindu Fernando
SH-003886,SR-25-00944,QC,Completed,2025-08-16,Kavindu Fernando
SH-003887,SR-25-00945,Submitted,Approved,2025-08-13,Nethmi Perera
SH-003888,SR-25-00945,Approved,In Progress,2025-08-15,Nethmi Perera
SH-003889,SR-25-00945,In Progress,QC,2025-08-17,Nethmi Perera
SH-003890,SR-25-00945,QC,Completed,2025-08-19,Nethmi Perera
SH-003891,SR-25-00946,Submitted,Approved,2025-08-13,Ashen Rathnayake
SH-003892,SR-25-00946,Approved,In Progress,2025-08-15,Ashen Rathnayake
SH-003893,SR-25-00946,In Progress,QC,2025-08-16,Ashen Rathnayake
SH-003894,SR-25-00946,QC,Completed,2025-08-18,Ashen Rathnayake
SH-003895,SR-25-00947,Submitted,Approved,2025-08-13,Sachini Silva
SH-003896,SR-25-00947,Approved,In Progress,2025-08-14,Sachini Silva
SH-003897,SR-25-00947,In Progress,QC,2025-08-14,Sachini Silva
SH-003898,SR-25-00947,QC,Completed,2025-08-15,Sachini Silva
SH-003899,SR-25-00948,Submitted,Approved,2025-08-13,Ashen Rathnayake
SH-003900,SR-25-00948,Approved,In Progress,2025-08-14,Ashen Rathnayake
SH-003901,SR-25-00948,In Progress,QC,2025-08-14,Ashen Rathnayake
SH-003902,SR-25-00948,QC,Completed,2025-08-15,Ashen Rathnayake
SH-003903,SR-25-00949,Submitted,Approved,2025-08-12,Dulani Jayasuriya
SH-003904,SR-25-00949,Approved,In Progress,2025-08-13,Dulani Jayasuriya
SH-003905,SR-25-00949,In Progress,QC,2025-08-14,Dulani Jayasuriya
SH-003906,SR-25-00949,QC,Completed,2025-08-14,Dulani Jayasuriya
SH-003907,SR-25-00950,Submitted,Approved,2025-08-14,Sachini Silva
SH-003908,SR-25-00950,Approved,In Progress,2025-08-15,Sachini Silva
SH-003909,SR-25-00950,In Progress,QC,2025-08-16,Sachini Silva
SH-003910,SR-25-00950,QC,Completed,2025-08-18,Sachini Silva
SH-003911,SR-25-00951,Submitted,Approved,2025-08-14,Kavindu Fernando
SH-003912,SR-25-00951,Approved,In Progress,2025-08-16,Kavindu Fernando
SH-003913,SR-25-00951,In Progress,QC,2025-08-19,Kavindu Fernando
SH-003914,SR-25-00951,QC,Completed,2025-08-21,Kavindu Fernando
SH-003915,SR-25-00952,Submitted,Approved,2025-08-15,Hiruni Gunasekara
SH-003916,SR-25-00952,Approved,In Progress,2025-08-16,Hiruni Gunasekara
SH-003917,SR-25-00952,In Progress,QC,2025-08-17,Hiruni Gunasekara
SH-003918,SR-25-00952,QC,Completed,2025-08-19,Hiruni Gunasekara
SH-003919,SR-25-00953,Submitted,Approved,2025-08-15,Nethmi Perera
SH-003920,SR-25-00953,Approved,In Progress,2025-08-16,Nethmi Perera
SH-003921,SR-25-00953,In Progress,QC,2025-08-17,Nethmi Perera
SH-003922,SR-25-00953,QC,Completed,2025-08-19,Nethmi Perera
SH-003923,SR-25-00954,Submitted,Approved,2025-08-15,Hiruni Gunasekara
SH-003924,SR-25-00954,Approved,In Progress,2025-08-17,Hiruni Gunasekara
SH-003925,SR-25-00954,In Progress,QC,2025-08-19,Hiruni Gunasekara
SH-003926,SR-25-00954,QC,Completed,2025-08-21,Hiruni Gunasekara
SH-003927,SR-25-00955,Submitted,Approved,2025-08-15,Sachini Silva
SH-003928,SR-25-00955,Approved,In Progress,2025-08-17,Sachini Silva
SH-003929,SR-25-00955,In Progress,QC,2025-08-18,Sachini Silva
SH-003930,SR-25-00955,QC,Completed,2025-08-20,Sachini Silva
SH-003931,SR-25-00956,Submitted,Approved,2025-08-13,Ashen Rathnayake
SH-003932,SR-25-00956,Approved,In Progress,2025-08-13,Ashen Rathnayake
SH-003933,SR-25-00956,In Progress,QC,2025-08-14,Ashen Rathnayake
SH-003934,SR-25-00956,QC,Completed,2025-08-14,Ashen Rathnayake
SH-003935,SR-25-00957,Submitted,Approved,2025-08-14,Dulani Jayasuriya
SH-003936,SR-25-00957,Approved,In Progress,2025-08-15,Dulani Jayasuriya
SH-003937,SR-25-00957,In Progress,QC,2025-08-16,Dulani Jayasuriya
SH-003938,SR-25-00957,QC,Completed,2025-08-17,Dulani Jayasuriya
SH-003939,SR-25-00958,Submitted,Approved,2025-08-14,Kavindu Fernando
SH-003940,SR-25-00958,Approved,In Progress,2025-08-15,Kavindu Fernando
SH-003941,SR-25-00958,In Progress,QC,2025-08-15,Kavindu Fernando
SH-003942,SR-25-00958,QC,Completed,2025-08-16,Kavindu Fernando
SH-003943,SR-25-00959,Submitted,Approved,2025-08-15,Nethmi Perera
SH-003944,SR-25-00959,Approved,In Progress,2025-08-17,Nethmi Perera
SH-003945,SR-25-00959,In Progress,QC,2025-08-18,Nethmi Perera
SH-003946,SR-25-00959,QC,Completed,2025-08-20,Nethmi Perera
SH-003947,SR-25-00960,Submitted,Approved,2025-08-16,Hiruni Gunasekara
SH-003948,SR-25-00960,Approved,In Progress,2025-08-18,Hiruni Gunasekara
SH-003949,SR-25-00960,In Progress,QC,2025-08-21,Hiruni Gunasekara
SH-003950,SR-25-00960,QC,Completed,2025-08-23,Hiruni Gunasekara
SH-003951,SR-25-00961,Submitted,Approved,2025-08-15,Nethmi Perera
SH-003952,SR-25-00961,Approved,In Progress,2025-08-17,Nethmi Perera
SH-003953,SR-25-00961,In Progress,QC,2025-08-18,Nethmi Perera
SH-003954,SR-25-00961,QC,Rework,2025-08-19,Nethmi Perera
SH-003955,SR-25-00961,Rework,QC,2025-08-21,Nethmi Perera
SH-003956,SR-25-00961,QC,Completed,2025-08-22,Nethmi Perera
SH-003957,SR-25-00962,Submitted,Approved,2025-08-15,Hiruni Gunasekara
SH-003958,SR-25-00962,Approved,In Progress,2025-08-16,Hiruni Gunasekara
SH-003959,SR-25-00962,In Progress,QC,2025-08-17,Hiruni Gunasekara
SH-003960,SR-25-00962,QC,Completed,2025-08-18,Hiruni Gunasekara
SH-003961,SR-25-00963,Submitted,Approved,2025-08-17,Kavindu Fernando
SH-003962,SR-25-00963,Approved,In Progress,2025-08-19,Kavindu Fernando
SH-003963,SR-25-00963,In Progress,QC,2025-08-22,Kavindu Fernando
SH-003964,SR-25-00963,QC,Completed,2025-08-24,Kavindu Fernando
SH-003965,SR-25-00964,Submitted,Approved,2025-08-17,Nethmi Perera
SH-003966,SR-25-00964,Approved,In Progress,2025-08-18,Nethmi Perera
SH-003967,SR-25-00964,In Progress,QC,2025-08-19,Nethmi Perera
SH-003968,SR-25-00964,QC,Completed,2025-08-21,Nethmi Perera
SH-003969,SR-25-00965,Submitted,Approved,2025-08-17,Sachini Silva
SH-003970,SR-25-00965,Approved,In Progress,2025-08-19,Sachini Silva
SH-003971,SR-25-00965,In Progress,QC,2025-08-21,Sachini Silva
SH-003972,SR-25-00965,QC,Completed,2025-08-23,Sachini Silva
SH-003973,SR-25-00966,Submitted,Approved,2025-08-16,Hiruni Gunasekara
SH-003974,SR-25-00966,Approved,In Progress,2025-08-17,Hiruni Gunasekara
SH-003975,SR-25-00966,In Progress,QC,2025-08-18,Hiruni Gunasekara
SH-003976,SR-25-00966,QC,Completed,2025-08-19,Hiruni Gunasekara
SH-003977,SR-25-00967,Submitted,Approved,2025-08-18,Nethmi Perera
SH-003978,SR-25-00967,Approved,In Progress,2025-08-20,Nethmi Perera
SH-003979,SR-25-00967,In Progress,QC,2025-08-22,Nethmi Perera
SH-003980,SR-25-00967,QC,Rework,2025-08-23,Nethmi Perera
SH-003981,SR-25-00967,Rework,QC,2025-08-25,Nethmi Perera
SH-003982,SR-25-00967,QC,Completed,2025-08-27,Nethmi Perera
SH-003983,SR-25-00968,Submitted,Approved,2025-08-18,Dulani Jayasuriya
SH-003984,SR-25-00968,Approved,In Progress,2025-08-20,Dulani Jayasuriya
SH-003985,SR-25-00968,In Progress,QC,2025-08-22,Dulani Jayasuriya
SH-003986,SR-25-00968,QC,Completed,2025-08-24,Dulani Jayasuriya
SH-003987,SR-25-00969,Submitted,Approved,2025-08-17,Kavindu Fernando
SH-003988,SR-25-00969,Approved,In Progress,2025-08-18,Kavindu Fernando
SH-003989,SR-25-00969,In Progress,QC,2025-08-20,Kavindu Fernando
SH-003990,SR-25-00969,QC,Completed,2025-08-21,Kavindu Fernando
SH-003991,SR-25-00970,Submitted,Approved,2025-08-17,Dulani Jayasuriya
SH-003992,SR-25-00970,Approved,In Progress,2025-08-18,Dulani Jayasuriya
SH-003993,SR-25-00970,In Progress,QC,2025-08-19,Dulani Jayasuriya
SH-003994,SR-25-00970,QC,Completed,2025-08-20,Dulani Jayasuriya
SH-003995,SR-25-00971,Submitted,Approved,2025-08-17,Hiruni Gunasekara
SH-003996,SR-25-00971,Approved,In Progress,2025-08-18,Hiruni Gunasekara
SH-003997,SR-25-00971,In Progress,QC,2025-08-18,Hiruni Gunasekara
SH-003998,SR-25-00971,QC,Completed,2025-08-19,Hiruni Gunasekara
SH-003999,SR-25-00972,Submitted,Approved,2025-08-18,Kavindu Fernando
SH-004000,SR-25-00972,Approved,In Progress,2025-08-20,Kavindu Fernando
SH-004001,SR-25-00972,In Progress,QC,2025-08-23,Kavindu Fernando
SH-004002,SR-25-00972,QC,Completed,2025-08-25,Kavindu Fernando
SH-004003,SR-25-00973,Submitted,Approved,2025-08-18,Ashen Rathnayake
SH-004004,SR-25-00973,Approved,In Progress,2025-08-20,Ashen Rathnayake
SH-004005,SR-25-00973,In Progress,QC,2025-08-21,Ashen Rathnayake
SH-004006,SR-25-00973,QC,Completed,2025-08-23,Ashen Rathnayake
SH-004007,SR-25-00974,Submitted,Approved,2025-08-16,Dulani Jayasuriya
SH-004008,SR-25-00974,Approved,In Progress,2025-08-17,Dulani Jayasuriya
SH-004009,SR-25-00974,In Progress,QC,2025-08-18,Dulani Jayasuriya
SH-004010,SR-25-00974,QC,Completed,2025-08-18,Dulani Jayasuriya
SH-004011,SR-25-00975,Submitted,Approved,2025-08-20,Kavindu Fernando
SH-004012,SR-25-00975,Approved,In Progress,2025-08-22,Kavindu Fernando
SH-004013,SR-25-00975,In Progress,QC,2025-08-24,Kavindu Fernando
SH-004014,SR-25-00975,QC,Completed,2025-08-26,Kavindu Fernando
SH-004015,SR-25-00976,Submitted,Approved,2025-08-19,Nethmi Perera
SH-004016,SR-25-00976,Approved,In Progress,2025-08-20,Nethmi Perera
SH-004017,SR-25-00976,In Progress,QC,2025-08-20,Nethmi Perera
SH-004018,SR-25-00976,QC,Completed,2025-08-21,Nethmi Perera
SH-004019,SR-25-00977,Submitted,Approved,2025-08-20,Sachini Silva
SH-004020,SR-25-00977,Approved,In Progress,2025-08-21,Sachini Silva
SH-004021,SR-25-00977,In Progress,QC,2025-08-22,Sachini Silva
SH-004022,SR-25-00977,QC,Completed,2025-08-24,Sachini Silva
SH-004023,SR-25-00978,Submitted,Approved,2025-08-20,Hiruni Gunasekara
SH-004024,SR-25-00978,Approved,In Progress,2025-08-22,Hiruni Gunasekara
SH-004025,SR-25-00978,In Progress,QC,2025-08-23,Hiruni Gunasekara
SH-004026,SR-25-00978,QC,Completed,2025-08-25,Hiruni Gunasekara
SH-004027,SR-25-00979,Submitted,Approved,2025-08-20,Kavindu Fernando
SH-004028,SR-25-00979,Approved,In Progress,2025-08-21,Kavindu Fernando
SH-004029,SR-25-00979,In Progress,QC,2025-08-23,Kavindu Fernando
SH-004030,SR-25-00979,QC,Completed,2025-08-24,Kavindu Fernando
SH-004031,SR-25-00980,Submitted,Approved,2025-08-19,Nethmi Perera
SH-004032,SR-25-00980,Approved,In Progress,2025-08-20,Nethmi Perera
SH-004033,SR-25-00980,In Progress,QC,2025-08-21,Nethmi Perera
SH-004034,SR-25-00980,QC,Completed,2025-08-21,Nethmi Perera
SH-004035,SR-25-00981,Submitted,Approved,2025-08-20,Dulani Jayasuriya
SH-004036,SR-25-00981,Approved,In Progress,2025-08-21,Dulani Jayasuriya
SH-004037,SR-25-00981,In Progress,QC,2025-08-23,Dulani Jayasuriya
SH-004038,SR-25-00981,QC,Completed,2025-08-24,Dulani Jayasuriya
SH-004039,SR-25-00982,Submitted,Approved,2025-08-21,Kavindu Fernando
SH-004040,SR-25-00982,Approved,In Progress,2025-08-24,Kavindu Fernando
SH-004041,SR-25-00982,In Progress,QC,2025-08-27,Kavindu Fernando
SH-004042,SR-25-00982,QC,Completed,2025-08-29,Kavindu Fernando
SH-004043,SR-25-00983,Submitted,Approved,2025-08-20,Dulani Jayasuriya
SH-004044,SR-25-00983,Approved,In Progress,2025-08-21,Dulani Jayasuriya
SH-004045,SR-25-00983,In Progress,QC,2025-08-23,Dulani Jayasuriya
SH-004046,SR-25-00983,QC,Completed,2025-08-24,Dulani Jayasuriya
SH-004047,SR-25-00984,Submitted,Approved,2025-08-20,Dulani Jayasuriya
SH-004048,SR-25-00984,Approved,In Progress,2025-08-21,Dulani Jayasuriya
SH-004049,SR-25-00984,In Progress,QC,2025-08-23,Dulani Jayasuriya
SH-004050,SR-25-00984,QC,Completed,2025-08-24,Dulani Jayasuriya
SH-004051,SR-25-00985,Submitted,Approved,2025-08-22,Sachini Silva
SH-004052,SR-25-00985,Approved,In Progress,2025-08-24,Sachini Silva
SH-004053,SR-25-00985,In Progress,QC,2025-08-26,Sachini Silva
SH-004054,SR-25-00985,QC,Completed,2025-08-28,Sachini Silva
SH-004055,SR-25-00986,Submitted,Approved,2025-08-20,Sachini Silva
SH-004056,SR-25-00986,Approved,In Progress,2025-08-20,Sachini Silva
SH-004057,SR-25-00986,In Progress,QC,2025-08-21,Sachini Silva
SH-004058,SR-25-00986,QC,Completed,2025-08-21,Sachini Silva
SH-004059,SR-25-00987,Submitted,Approved,2025-08-21,Kavindu Fernando
SH-004060,SR-25-00987,Approved,In Progress,2025-08-21,Kavindu Fernando
SH-004061,SR-25-00987,In Progress,QC,2025-08-22,Kavindu Fernando
SH-004062,SR-25-00987,QC,Completed,2025-08-22,Kavindu Fernando
SH-004063,SR-25-00988,Submitted,Approved,2025-08-23,Hiruni Gunasekara
SH-004064,SR-25-00988,Approved,In Progress,2025-08-25,Hiruni Gunasekara
SH-004065,SR-25-00988,In Progress,QC,2025-08-27,Hiruni Gunasekara
SH-004066,SR-25-00988,QC,Completed,2025-08-29,Hiruni Gunasekara
SH-004067,SR-25-00989,Submitted,Approved,2025-08-22,Nethmi Perera
SH-004068,SR-25-00989,Approved,In Progress,2025-08-23,Nethmi Perera
SH-004069,SR-25-00989,In Progress,QC,2025-08-24,Nethmi Perera
SH-004070,SR-25-00989,QC,Completed,2025-08-25,Nethmi Perera
SH-004071,SR-25-00990,Submitted,Approved,2025-08-23,Kavindu Fernando
SH-004072,SR-25-00990,Approved,In Progress,2025-08-25,Kavindu Fernando
SH-004073,SR-25-00990,In Progress,QC,2025-08-26,Kavindu Fernando
SH-004074,SR-25-00990,QC,Completed,2025-08-28,Kavindu Fernando
SH-004075,SR-25-00991,Submitted,Approved,2025-08-22,Hiruni Gunasekara
SH-004076,SR-25-00991,Approved,In Progress,2025-08-23,Hiruni Gunasekara
SH-004077,SR-25-00991,In Progress,QC,2025-08-23,Hiruni Gunasekara
SH-004078,SR-25-00991,QC,Completed,2025-08-24,Hiruni Gunasekara
SH-004079,SR-25-00992,Submitted,Approved,2025-08-22,Hiruni Gunasekara
SH-004080,SR-25-00992,Approved,In Progress,2025-08-23,Hiruni Gunasekara
SH-004081,SR-25-00992,In Progress,QC,2025-08-24,Hiruni Gunasekara
SH-004082,SR-25-00992,QC,Completed,2025-08-25,Hiruni Gunasekara
SH-004083,SR-25-00993,Submitted,Approved,2025-08-23,Sachini Silva
SH-004084,SR-25-00993,Approved,In Progress,2025-08-24,Sachini Silva
SH-004085,SR-25-00993,In Progress,QC,2025-08-25,Sachini Silva
SH-004086,SR-25-00993,QC,Completed,2025-08-27,Sachini Silva
SH-004087,SR-25-00994,Submitted,Approved,2025-08-22,Hiruni Gunasekara
SH-004088,SR-25-00994,Approved,In Progress,2025-08-22,Hiruni Gunasekara
SH-004089,SR-25-00994,In Progress,QC,2025-08-23,Hiruni Gunasekara
SH-004090,SR-25-00994,QC,Rework,2025-08-24,Hiruni Gunasekara
SH-004091,SR-25-00994,Rework,QC,2025-08-24,Hiruni Gunasekara
SH-004092,SR-25-00994,QC,Completed,2025-08-25,Hiruni Gunasekara
SH-004093,SR-25-00995,Submitted,Approved,2025-08-24,Ashen Rathnayake
SH-004094,SR-25-00995,Approved,In Progress,2025-08-26,Ashen Rathnayake
SH-004095,SR-25-00995,In Progress,QC,2025-08-27,Ashen Rathnayake
SH-004096,SR-25-00995,QC,Completed,2025-08-29,Ashen Rathnayake
SH-004097,SR-25-00996,Submitted,Approved,2025-08-23,Ashen Rathnayake
SH-004098,SR-25-00996,Approved,In Progress,2025-08-24,Ashen Rathnayake
SH-004099,SR-25-00996,In Progress,QC,2025-08-25,Ashen Rathnayake
SH-004100,SR-25-00996,QC,Completed,2025-08-26,Ashen Rathnayake
SH-004101,SR-25-00997,Submitted,Approved,2025-08-23,Hiruni Gunasekara
SH-004102,SR-25-00997,Approved,In Progress,2025-08-24,Hiruni Gunasekara
SH-004103,SR-25-00997,In Progress,QC,2025-08-26,Hiruni Gunasekara
SH-004104,SR-25-00997,QC,Completed,2025-08-27,Hiruni Gunasekara
SH-004105,SR-25-00998,Submitted,Approved,2025-08-24,Ashen Rathnayake
SH-004106,SR-25-00998,Approved,In Progress,2025-08-26,Ashen Rathnayake
SH-004107,SR-25-00998,In Progress,QC,2025-08-27,Ashen Rathnayake
SH-004108,SR-25-00998,QC,Completed,2025-08-29,Ashen Rathnayake
SH-004109,SR-25-00999,Submitted,Approved,2025-08-24,Nethmi Perera
SH-004110,SR-25-00999,Approved,In Progress,2025-08-26,Nethmi Perera
SH-004111,SR-25-00999,In Progress,QC,2025-08-29,Nethmi Perera
SH-004112,SR-25-00999,QC,Completed,2025-08-31,Nethmi Perera
SH-004113,SR-25-01000,Submitted,Approved,2025-08-24,Dulani Jayasuriya
SH-004114,SR-25-01000,Approved,In Progress,2025-08-26,Dulani Jayasuriya
SH-004115,SR-25-01000,In Progress,QC,2025-08-27,Dulani Jayasuriya
SH-004116,SR-25-01000,QC,Completed,2025-08-29,Dulani Jayasuriya
SH-004117,SR-25-01001,Submitted,Approved,2025-08-24,Dulani Jayasuriya
SH-004118,SR-25-01001,Approved,In Progress,2025-08-25,Dulani Jayasuriya
SH-004119,SR-25-01001,In Progress,QC,2025-08-26,Dulani Jayasuriya
SH-004120,SR-25-01001,QC,Completed,2025-08-28,Dulani Jayasuriya
SH-004121,SR-25-01002,Submitted,Approved,2025-08-25,Kavindu Fernando
SH-004122,SR-25-01002,Approved,In Progress,2025-08-27,Kavindu Fernando
SH-004123,SR-25-01002,In Progress,QC,2025-08-28,Kavindu Fernando
SH-004124,SR-25-01002,QC,Completed,2025-08-30,Kavindu Fernando
SH-004125,SR-25-01003,Submitted,Approved,2025-08-25,Sachini Silva
SH-004126,SR-25-01003,Approved,In Progress,2025-08-26,Sachini Silva
SH-004127,SR-25-01003,In Progress,QC,2025-08-27,Sachini Silva
SH-004128,SR-25-01003,QC,Completed,2025-08-29,Sachini Silva
SH-004129,SR-25-01004,Submitted,Approved,2025-08-25,Ashen Rathnayake
SH-004130,SR-25-01004,Approved,In Progress,2025-08-27,Ashen Rathnayake
SH-004131,SR-25-01004,In Progress,QC,2025-08-28,Ashen Rathnayake
SH-004132,SR-25-01004,QC,Completed,2025-08-30,Ashen Rathnayake
SH-004133,SR-25-01005,Submitted,Approved,2025-08-25,Sachini Silva
SH-004134,SR-25-01005,Approved,In Progress,2025-08-27,Sachini Silva
SH-004135,SR-25-01005,In Progress,QC,2025-08-29,Sachini Silva
SH-004136,SR-25-01005,QC,Rework,2025-08-30,Sachini Silva
SH-004137,SR-25-01005,Rework,QC,2025-09-01,Sachini Silva
SH-004138,SR-25-01005,QC,Completed,2025-09-03,Sachini Silva
SH-004139,SR-25-01006,Submitted,Approved,2025-08-25,Sachini Silva
SH-004140,SR-25-01006,Approved,In Progress,2025-08-27,Sachini Silva
SH-004141,SR-25-01006,In Progress,QC,2025-08-30,Sachini Silva
SH-004142,SR-25-01006,QC,Completed,2025-09-01,Sachini Silva
SH-004143,SR-25-01007,Submitted,Approved,2025-08-26,Hiruni Gunasekara
SH-004144,SR-25-01007,Approved,In Progress,2025-08-27,Hiruni Gunasekara
SH-004145,SR-25-01007,In Progress,QC,2025-08-29,Hiruni Gunasekara
SH-004146,SR-25-01007,QC,Completed,2025-08-30,Hiruni Gunasekara
SH-004147,SR-25-01008,Submitted,Approved,2025-08-27,Nethmi Perera
SH-004148,SR-25-01008,Approved,In Progress,2025-08-29,Nethmi Perera
SH-004149,SR-25-01008,In Progress,QC,2025-08-30,Nethmi Perera
SH-004150,SR-25-01008,QC,Completed,2025-09-01,Nethmi Perera
SH-004151,SR-25-01009,Submitted,Approved,2025-08-25,Nethmi Perera
SH-004152,SR-25-01009,Approved,In Progress,2025-08-25,Nethmi Perera
SH-004153,SR-25-01009,In Progress,QC,2025-08-26,Nethmi Perera
SH-004154,SR-25-01009,QC,Completed,2025-08-26,Nethmi Perera
SH-004155,SR-25-01010,Submitted,Approved,2025-08-27,Ashen Rathnayake
SH-004156,SR-25-01010,Approved,In Progress,2025-08-29,Ashen Rathnayake
SH-004157,SR-25-01010,In Progress,QC,2025-08-30,Ashen Rathnayake
SH-004158,SR-25-01010,QC,Completed,2025-09-01,Ashen Rathnayake
SH-004159,SR-25-01011,Submitted,Approved,2025-08-26,Kavindu Fernando
SH-004160,SR-25-01011,Approved,In Progress,2025-08-27,Kavindu Fernando
SH-004161,SR-25-01011,In Progress,QC,2025-08-29,Kavindu Fernando
SH-004162,SR-25-01011,QC,Completed,2025-08-30,Kavindu Fernando
SH-004163,SR-25-01012,Submitted,Approved,2025-08-27,Hiruni Gunasekara
SH-004164,SR-25-01012,Approved,In Progress,2025-08-28,Hiruni Gunasekara
SH-004165,SR-25-01012,In Progress,QC,2025-08-29,Hiruni Gunasekara
SH-004166,SR-25-01012,QC,Completed,2025-08-30,Hiruni Gunasekara
SH-004167,SR-25-01013,Submitted,Approved,2025-08-27,Dulani Jayasuriya
SH-004168,SR-25-01013,Approved,In Progress,2025-08-28,Dulani Jayasuriya
SH-004169,SR-25-01013,In Progress,QC,2025-08-28,Dulani Jayasuriya
SH-004170,SR-25-01013,QC,Completed,2025-08-29,Dulani Jayasuriya
SH-004171,SR-25-01014,Submitted,Approved,2025-08-26,Ashen Rathnayake
SH-004172,SR-25-01014,Approved,In Progress,2025-08-26,Ashen Rathnayake
SH-004173,SR-25-01014,In Progress,QC,2025-08-27,Ashen Rathnayake
SH-004174,SR-25-01014,QC,Completed,2025-08-27,Ashen Rathnayake
SH-004175,SR-25-01015,Submitted,Approved,2025-08-28,Sachini Silva
SH-004176,SR-25-01015,Approved,In Progress,2025-08-30,Sachini Silva
SH-004177,SR-25-01015,In Progress,QC,2025-08-31,Sachini Silva
SH-004178,SR-25-01015,QC,Completed,2025-09-02,Sachini Silva
SH-004179,SR-25-01016,Submitted,Approved,2025-08-28,Ashen Rathnayake
SH-004180,SR-25-01016,Approved,In Progress,2025-08-29,Ashen Rathnayake
SH-004181,SR-25-01016,In Progress,QC,2025-08-30,Ashen Rathnayake
SH-004182,SR-25-01016,QC,Rework,2025-09-01,Ashen Rathnayake
SH-004183,SR-25-01016,Rework,QC,2025-09-03,Ashen Rathnayake
SH-004184,SR-25-01016,QC,Completed,2025-09-04,Ashen Rathnayake
SH-004185,SR-25-01017,Submitted,Approved,2025-08-29,Nethmi Perera
SH-004186,SR-25-01017,Approved,In Progress,2025-08-30,Nethmi Perera
SH-004187,SR-25-01017,In Progress,QC,2025-08-31,Nethmi Perera
SH-004188,SR-25-01017,QC,Completed,2025-09-02,Nethmi Perera
SH-004189,SR-25-01018,Submitted,Approved,2025-08-29,Dulani Jayasuriya
SH-004190,SR-25-01018,Approved,In Progress,2025-08-30,Dulani Jayasuriya
SH-004191,SR-25-01018,In Progress,QC,2025-08-31,Dulani Jayasuriya
SH-004192,SR-25-01018,QC,Completed,2025-09-02,Dulani Jayasuriya
SH-004193,SR-25-01019,Submitted,Approved,2025-08-29,Sachini Silva
SH-004194,SR-25-01019,Approved,In Progress,2025-08-30,Sachini Silva
SH-004195,SR-25-01019,In Progress,QC,2025-08-31,Sachini Silva
SH-004196,SR-25-01019,QC,Completed,2025-09-02,Sachini Silva
SH-004197,SR-25-01020,Submitted,Approved,2025-08-28,Hiruni Gunasekara
SH-004198,SR-25-01020,Approved,In Progress,2025-08-28,Hiruni Gunasekara
SH-004199,SR-25-01020,In Progress,QC,2025-08-29,Hiruni Gunasekara
SH-004200,SR-25-01020,QC,Completed,2025-08-29,Hiruni Gunasekara
SH-004201,SR-25-01021,Submitted,Approved,2025-08-29,Kavindu Fernando
SH-004202,SR-25-01021,Approved,In Progress,2025-08-30,Kavindu Fernando
SH-004203,SR-25-01021,In Progress,QC,2025-08-31,Kavindu Fernando
SH-004204,SR-25-01021,QC,Completed,2025-09-01,Kavindu Fernando
SH-004205,SR-25-01022,Submitted,Approved,2025-08-29,Nethmi Perera
SH-004206,SR-25-01022,Approved,In Progress,2025-08-30,Nethmi Perera
SH-004207,SR-25-01022,In Progress,QC,2025-08-31,Nethmi Perera
SH-004208,SR-25-01022,QC,Completed,2025-09-01,Nethmi Perera
SH-004209,SR-25-01023,Submitted,Approved,2025-08-30,Kavindu Fernando
SH-004210,SR-25-01023,Approved,In Progress,2025-09-01,Kavindu Fernando
SH-004211,SR-25-01023,In Progress,QC,2025-09-02,Kavindu Fernando
SH-004212,SR-25-01023,QC,Completed,2025-09-04,Kavindu Fernando
SH-004213,SR-25-01024,Submitted,Approved,2025-08-30,Dulani Jayasuriya
SH-004214,SR-25-01024,Approved,In Progress,2025-09-01,Dulani Jayasuriya
SH-004215,SR-25-01024,In Progress,QC,2025-09-03,Dulani Jayasuriya
SH-004216,SR-25-01024,QC,Completed,2025-09-05,Dulani Jayasuriya
SH-004217,SR-25-01025,Submitted,Approved,2025-08-31,Hiruni Gunasekara
SH-004218,SR-25-01025,Approved,In Progress,2025-09-01,Hiruni Gunasekara
SH-004219,SR-25-01025,In Progress,QC,2025-09-02,Hiruni Gunasekara
SH-004220,SR-25-01025,QC,Completed,2025-09-04,Hiruni Gunasekara
SH-004221,SR-25-01026,Submitted,Approved,2025-08-30,Ashen Rathnayake
SH-004222,SR-25-01026,Approved,In Progress,2025-08-31,Ashen Rathnayake
SH-004223,SR-25-01026,In Progress,QC,2025-09-01,Ashen Rathnayake
SH-004224,SR-25-01026,QC,Completed,2025-09-02,Ashen Rathnayake
SH-004225,SR-25-01027,Submitted,Approved,2025-08-31,Sachini Silva
SH-004226,SR-25-01027,Approved,In Progress,2025-09-02,Sachini Silva
SH-004227,SR-25-01027,In Progress,QC,2025-09-03,Sachini Silva
SH-004228,SR-25-01027,QC,Completed,2025-09-05,Sachini Silva
SH-004229,SR-25-01028,Submitted,Approved,2025-08-31,Kavindu Fernando
SH-004230,SR-25-01028,Approved,In Progress,2025-09-03,Kavindu Fernando
SH-004231,SR-25-01028,In Progress,QC,2025-09-06,Kavindu Fernando
SH-004232,SR-25-01028,QC,Completed,2025-09-08,Kavindu Fernando
SH-004233,SR-25-01029,Submitted,Approved,2025-08-30,Dulani Jayasuriya
SH-004234,SR-25-01029,Approved,In Progress,2025-08-31,Dulani Jayasuriya
SH-004235,SR-25-01029,In Progress,QC,2025-09-02,Dulani Jayasuriya
SH-004236,SR-25-01029,QC,Completed,2025-09-03,Dulani Jayasuriya
SH-004237,SR-25-01030,Submitted,Approved,2025-08-30,Sachini Silva
SH-004238,SR-25-01030,Approved,In Progress,2025-08-31,Sachini Silva
SH-004239,SR-25-01030,In Progress,QC,2025-09-01,Sachini Silva
SH-004240,SR-25-01030,QC,Completed,2025-09-02,Sachini Silva
SH-004241,SR-25-01031,Submitted,Approved,2025-09-01,Sachini Silva
SH-004242,SR-25-01031,Approved,In Progress,2025-09-03,Sachini Silva
SH-004243,SR-25-01031,In Progress,QC,2025-09-05,Sachini Silva
SH-004244,SR-25-01031,QC,Completed,2025-09-07,Sachini Silva
SH-004245,SR-25-01032,Submitted,Approved,2025-08-31,Sachini Silva
SH-004246,SR-25-01032,Approved,In Progress,2025-09-01,Sachini Silva
SH-004247,SR-25-01032,In Progress,QC,2025-09-03,Sachini Silva
SH-004248,SR-25-01032,QC,Completed,2025-09-04,Sachini Silva
SH-004249,SR-25-01033,Submitted,Approved,2025-08-31,Sachini Silva
SH-004250,SR-25-01033,Approved,In Progress,2025-09-01,Sachini Silva
SH-004251,SR-25-01033,In Progress,QC,2025-09-02,Sachini Silva
SH-004252,SR-25-01033,QC,Completed,2025-09-03,Sachini Silva
SH-004253,SR-25-01034,Submitted,Approved,2025-09-03,Sachini Silva
SH-004254,SR-25-01034,Approved,In Progress,2025-09-04,Sachini Silva
SH-004255,SR-25-01034,In Progress,QC,2025-09-05,Sachini Silva
SH-004256,SR-25-01034,QC,Completed,2025-09-07,Sachini Silva
SH-004257,SR-25-01035,Submitted,Approved,2025-09-01,Ashen Rathnayake
SH-004258,SR-25-01035,Approved,In Progress,2025-09-02,Ashen Rathnayake
SH-004259,SR-25-01035,In Progress,QC,2025-09-03,Ashen Rathnayake
SH-004260,SR-25-01035,QC,Completed,2025-09-03,Ashen Rathnayake
SH-004261,SR-25-01036,Submitted,Approved,2025-09-04,Hiruni Gunasekara
SH-004262,SR-25-01036,Approved,In Progress,2025-09-07,Hiruni Gunasekara
SH-004263,SR-25-01036,In Progress,QC,2025-09-10,Hiruni Gunasekara
SH-004264,SR-25-01036,QC,Completed,2025-09-13,Hiruni Gunasekara
SH-004265,SR-25-01037,Submitted,Approved,2025-09-03,Ashen Rathnayake
SH-004266,SR-25-01037,Approved,In Progress,2025-09-05,Ashen Rathnayake
SH-004267,SR-25-01037,In Progress,QC,2025-09-08,Ashen Rathnayake
SH-004268,SR-25-01037,QC,Completed,2025-09-10,Ashen Rathnayake
SH-004269,SR-25-01038,Submitted,Approved,2025-09-03,Nethmi Perera
SH-004270,SR-25-01038,Approved,In Progress,2025-09-04,Nethmi Perera
SH-004271,SR-25-01038,In Progress,QC,2025-09-04,Nethmi Perera
SH-004272,SR-25-01038,QC,Completed,2025-09-05,Nethmi Perera
SH-004273,SR-25-01039,Submitted,Approved,2025-09-03,Dulani Jayasuriya
SH-004274,SR-25-01039,Approved,In Progress,2025-09-04,Dulani Jayasuriya
SH-004275,SR-25-01039,In Progress,QC,2025-09-05,Dulani Jayasuriya
SH-004276,SR-25-01039,QC,Completed,2025-09-06,Dulani Jayasuriya
SH-004277,SR-25-01040,Submitted,Approved,2025-09-03,Ashen Rathnayake
SH-004278,SR-25-01040,Approved,In Progress,2025-09-04,Ashen Rathnayake
SH-004279,SR-25-01040,In Progress,QC,2025-09-05,Ashen Rathnayake
SH-004280,SR-25-01040,QC,Completed,2025-09-06,Ashen Rathnayake
SH-004281,SR-25-01041,Submitted,Approved,2025-09-04,Dulani Jayasuriya
SH-004282,SR-25-01041,Approved,In Progress,2025-09-06,Dulani Jayasuriya
SH-004283,SR-25-01041,In Progress,QC,2025-09-07,Dulani Jayasuriya
SH-004284,SR-25-01041,QC,Completed,2025-09-09,Dulani Jayasuriya
SH-004285,SR-25-01042,Submitted,Approved,2025-09-04,Dulani Jayasuriya
SH-004286,SR-25-01042,Approved,In Progress,2025-09-06,Dulani Jayasuriya
SH-004287,SR-25-01042,In Progress,QC,2025-09-07,Dulani Jayasuriya
SH-004288,SR-25-01042,QC,Completed,2025-09-09,Dulani Jayasuriya
SH-004289,SR-25-01043,Submitted,Approved,2025-09-03,Dulani Jayasuriya
SH-004290,SR-25-01043,Approved,In Progress,2025-09-04,Dulani Jayasuriya
SH-004291,SR-25-01043,In Progress,QC,2025-09-05,Dulani Jayasuriya
SH-004292,SR-25-01043,QC,Completed,2025-09-06,Dulani Jayasuriya
SH-004293,SR-25-01044,Submitted,Approved,2025-09-03,Hiruni Gunasekara
SH-004294,SR-25-01044,Approved,In Progress,2025-09-04,Hiruni Gunasekara
SH-004295,SR-25-01044,In Progress,QC,2025-09-05,Hiruni Gunasekara
SH-004296,SR-25-01044,QC,Completed,2025-09-06,Hiruni Gunasekara
SH-004297,SR-25-01045,Submitted,Approved,2025-09-05,Hiruni Gunasekara
SH-004298,SR-25-01045,Approved,In Progress,2025-09-07,Hiruni Gunasekara
SH-004299,SR-25-01045,In Progress,QC,2025-09-09,Hiruni Gunasekara
SH-004300,SR-25-01045,QC,Completed,2025-09-11,Hiruni Gunasekara
SH-004301,SR-25-01046,Submitted,Approved,2025-09-04,Ashen Rathnayake
SH-004302,SR-25-01046,Approved,In Progress,2025-09-05,Ashen Rathnayake
SH-004303,SR-25-01046,In Progress,QC,2025-09-07,Ashen Rathnayake
SH-004304,SR-25-01046,QC,Completed,2025-09-08,Ashen Rathnayake
SH-004305,SR-25-01047,Submitted,Approved,2025-09-04,Dulani Jayasuriya
SH-004306,SR-25-01047,Approved,In Progress,2025-09-05,Dulani Jayasuriya
SH-004307,SR-25-01047,In Progress,QC,2025-09-05,Dulani Jayasuriya
SH-004308,SR-25-01047,QC,Completed,2025-09-06,Dulani Jayasuriya
SH-004309,SR-25-01048,Submitted,Approved,2025-09-04,Ashen Rathnayake
SH-004310,SR-25-01048,Approved,In Progress,2025-09-05,Ashen Rathnayake
SH-004311,SR-25-01048,In Progress,QC,2025-09-06,Ashen Rathnayake
SH-004312,SR-25-01048,QC,Completed,2025-09-07,Ashen Rathnayake
SH-004313,SR-25-01049,Submitted,Approved,2025-09-03,Ashen Rathnayake
SH-004314,SR-25-01049,Approved,In Progress,2025-09-04,Ashen Rathnayake
SH-004315,SR-25-01049,In Progress,QC,2025-09-05,Ashen Rathnayake
SH-004316,SR-25-01049,QC,Completed,2025-09-05,Ashen Rathnayake
SH-004317,SR-25-01050,Submitted,Approved,2025-09-03,Ashen Rathnayake
SH-004318,SR-25-01050,Approved,In Progress,2025-09-04,Ashen Rathnayake
SH-004319,SR-25-01050,In Progress,QC,2025-09-05,Ashen Rathnayake
SH-004320,SR-25-01050,QC,Completed,2025-09-05,Ashen Rathnayake
SH-004321,SR-25-01051,Submitted,Approved,2025-09-06,Sachini Silva
SH-004322,SR-25-01051,Approved,In Progress,2025-09-09,Sachini Silva
SH-004323,SR-25-01051,In Progress,QC,2025-09-12,Sachini Silva
SH-004324,SR-25-01051,QC,Completed,2025-09-14,Sachini Silva
SH-004325,SR-25-01052,Submitted,Approved,2025-09-05,Sachini Silva
SH-004326,SR-25-01052,Approved,In Progress,2025-09-06,Sachini Silva
SH-004327,SR-25-01052,In Progress,QC,2025-09-07,Sachini Silva
SH-004328,SR-25-01052,QC,Completed,2025-09-08,Sachini Silva
SH-004329,SR-25-01053,Submitted,Approved,2025-09-06,Sachini Silva
SH-004330,SR-25-01053,Approved,In Progress,2025-09-08,Sachini Silva
SH-004331,SR-25-01053,In Progress,QC,2025-09-11,Sachini Silva
SH-004332,SR-25-01053,QC,Completed,2025-09-13,Sachini Silva
SH-004333,SR-25-01054,Submitted,Approved,2025-09-06,Dulani Jayasuriya
SH-004334,SR-25-01054,Approved,In Progress,2025-09-07,Dulani Jayasuriya
SH-004335,SR-25-01054,In Progress,QC,2025-09-09,Dulani Jayasuriya
SH-004336,SR-25-01054,QC,Completed,2025-09-10,Dulani Jayasuriya
SH-004337,SR-25-01055,Submitted,Approved,2025-09-06,Kavindu Fernando
SH-004338,SR-25-01055,Approved,In Progress,2025-09-07,Kavindu Fernando
SH-004339,SR-25-01055,In Progress,QC,2025-09-07,Kavindu Fernando
SH-004340,SR-25-01055,QC,Completed,2025-09-08,Kavindu Fernando
SH-004341,SR-25-01056,Submitted,Approved,2025-09-07,Dulani Jayasuriya
SH-004342,SR-25-01056,Approved,In Progress,2025-09-08,Dulani Jayasuriya
SH-004343,SR-25-01056,In Progress,QC,2025-09-09,Dulani Jayasuriya
SH-004344,SR-25-01056,QC,Completed,2025-09-11,Dulani Jayasuriya
SH-004345,SR-25-01057,Submitted,Approved,2025-09-06,Hiruni Gunasekara
SH-004346,SR-25-01057,Approved,In Progress,2025-09-07,Hiruni Gunasekara
SH-004347,SR-25-01057,In Progress,QC,2025-09-09,Hiruni Gunasekara
SH-004348,SR-25-01057,QC,Completed,2025-09-10,Hiruni Gunasekara
SH-004349,SR-25-01058,Submitted,Approved,2025-09-06,Ashen Rathnayake
SH-004350,SR-25-01058,Approved,In Progress,2025-09-06,Ashen Rathnayake
SH-004351,SR-25-01058,In Progress,QC,2025-09-07,Ashen Rathnayake
SH-004352,SR-25-01058,QC,Completed,2025-09-07,Ashen Rathnayake
SH-004353,SR-25-01059,Submitted,Approved,2025-09-06,Ashen Rathnayake
SH-004354,SR-25-01059,Approved,In Progress,2025-09-07,Ashen Rathnayake
SH-004355,SR-25-01059,In Progress,QC,2025-09-08,Ashen Rathnayake
SH-004356,SR-25-01059,QC,Completed,2025-09-08,Ashen Rathnayake
SH-004357,SR-25-01060,Submitted,Approved,2025-09-07,Ashen Rathnayake
SH-004358,SR-25-01060,Approved,In Progress,2025-09-08,Ashen Rathnayake
SH-004359,SR-25-01060,In Progress,QC,2025-09-10,Ashen Rathnayake
SH-004360,SR-25-01060,QC,Completed,2025-09-11,Ashen Rathnayake
SH-004361,SR-25-01061,Submitted,Approved,2025-09-08,Nethmi Perera
SH-004362,SR-25-01061,Approved,In Progress,2025-09-10,Nethmi Perera
SH-004363,SR-25-01061,In Progress,QC,2025-09-13,Nethmi Perera
SH-004364,SR-25-01061,QC,Completed,2025-09-15,Nethmi Perera
SH-004365,SR-25-01062,Submitted,Approved,2025-09-06,Ashen Rathnayake
SH-004366,SR-25-01062,Approved,In Progress,2025-09-07,Ashen Rathnayake
SH-004367,SR-25-01062,In Progress,QC,2025-09-08,Ashen Rathnayake
SH-004368,SR-25-01062,QC,Completed,2025-09-08,Ashen Rathnayake
SH-004369,SR-25-01063,Submitted,Approved,2025-09-08,Dulani Jayasuriya
SH-004370,SR-25-01063,Approved,In Progress,2025-09-10,Dulani Jayasuriya
SH-004371,SR-25-01063,In Progress,QC,2025-09-12,Dulani Jayasuriya
SH-004372,SR-25-01063,QC,Completed,2025-09-14,Dulani Jayasuriya
SH-004373,SR-25-01064,Submitted,Approved,2025-09-10,Hiruni Gunasekara
SH-004374,SR-25-01064,Approved,In Progress,2025-09-12,Hiruni Gunasekara
SH-004375,SR-25-01064,In Progress,QC,2025-09-13,Hiruni Gunasekara
SH-004376,SR-25-01064,QC,Completed,2025-09-15,Hiruni Gunasekara
SH-004377,SR-25-01065,Submitted,Approved,2025-09-10,Dulani Jayasuriya
SH-004378,SR-25-01065,Approved,In Progress,2025-09-12,Dulani Jayasuriya
SH-004379,SR-25-01065,In Progress,QC,2025-09-14,Dulani Jayasuriya
SH-004380,SR-25-01065,QC,Completed,2025-09-16,Dulani Jayasuriya
SH-004381,SR-25-01066,Submitted,Approved,2025-09-10,Kavindu Fernando
SH-004382,SR-25-01066,Approved,In Progress,2025-09-12,Kavindu Fernando
SH-004383,SR-25-01066,In Progress,QC,2025-09-13,Kavindu Fernando
SH-004384,SR-25-01066,QC,Completed,2025-09-15,Kavindu Fernando
SH-004385,SR-25-01067,Submitted,Approved,2025-09-09,Hiruni Gunasekara
SH-004386,SR-25-01067,Approved,In Progress,2025-09-10,Hiruni Gunasekara
SH-004387,SR-25-01067,In Progress,QC,2025-09-10,Hiruni Gunasekara
SH-004388,SR-25-01067,QC,Rework,2025-09-11,Hiruni Gunasekara
SH-004389,SR-25-01067,Rework,QC,2025-09-12,Hiruni Gunasekara
SH-004390,SR-25-01067,QC,Completed,2025-09-13,Hiruni Gunasekara
SH-004391,SR-25-01068,Submitted,Approved,2025-09-09,Ashen Rathnayake
SH-004392,SR-25-01068,Approved,In Progress,2025-09-10,Ashen Rathnayake
SH-004393,SR-25-01068,In Progress,QC,2025-09-11,Ashen Rathnayake
SH-004394,SR-25-01068,QC,Completed,2025-09-12,Ashen Rathnayake
SH-004395,SR-25-01069,Submitted,Approved,2025-09-10,Sachini Silva
SH-004396,SR-25-01069,Approved,In Progress,2025-09-11,Sachini Silva
SH-004397,SR-25-01069,In Progress,QC,2025-09-12,Sachini Silva
SH-004398,SR-25-01069,QC,Completed,2025-09-14,Sachini Silva
SH-004399,SR-25-01070,Submitted,Approved,2025-09-08,Kavindu Fernando
SH-004400,SR-25-01070,Approved,In Progress,2025-09-08,Kavindu Fernando
SH-004401,SR-25-01070,In Progress,QC,2025-09-09,Kavindu Fernando
SH-004402,SR-25-01070,QC,Completed,2025-09-09,Kavindu Fernando
SH-004403,SR-25-01071,Submitted,Approved,2025-09-10,Hiruni Gunasekara
SH-004404,SR-25-01071,Approved,In Progress,2025-09-12,Hiruni Gunasekara
SH-004405,SR-25-01071,In Progress,QC,2025-09-13,Hiruni Gunasekara
SH-004406,SR-25-01071,QC,Completed,2025-09-15,Hiruni Gunasekara
SH-004407,SR-25-01072,Submitted,Approved,2025-09-08,Nethmi Perera
SH-004408,SR-25-01072,Approved,In Progress,2025-09-09,Nethmi Perera
SH-004409,SR-25-01072,In Progress,QC,2025-09-10,Nethmi Perera
SH-004410,SR-25-01072,QC,Completed,2025-09-10,Nethmi Perera
SH-004411,SR-25-01073,Submitted,Approved,2025-09-10,Ashen Rathnayake
SH-004412,SR-25-01073,Approved,In Progress,2025-09-12,Ashen Rathnayake
SH-004413,SR-25-01073,In Progress,QC,2025-09-13,Ashen Rathnayake
SH-004414,SR-25-01073,QC,Completed,2025-09-15,Ashen Rathnayake
SH-004415,SR-25-01074,Submitted,Approved,2025-09-10,Ashen Rathnayake
SH-004416,SR-25-01074,Approved,In Progress,2025-09-11,Ashen Rathnayake
SH-004417,SR-25-01074,In Progress,QC,2025-09-12,Ashen Rathnayake
SH-004418,SR-25-01074,QC,Completed,2025-09-13,Ashen Rathnayake
SH-004419,SR-25-01075,Submitted,Approved,2025-09-09,Dulani Jayasuriya
SH-004420,SR-25-01075,Approved,In Progress,2025-09-10,Dulani Jayasuriya
SH-004421,SR-25-01075,In Progress,QC,2025-09-11,Dulani Jayasuriya
SH-004422,SR-25-01075,QC,Completed,2025-09-11,Dulani Jayasuriya
SH-004423,SR-25-01076,Submitted,Approved,2025-09-10,Nethmi Perera
SH-004424,SR-25-01076,Approved,In Progress,2025-09-11,Nethmi Perera
SH-004425,SR-25-01076,In Progress,QC,2025-09-12,Nethmi Perera
SH-004426,SR-25-01076,QC,Completed,2025-09-13,Nethmi Perera
SH-004427,SR-25-01077,Submitted,Approved,2025-09-11,Hiruni Gunasekara
SH-004428,SR-25-01077,Approved,In Progress,2025-09-13,Hiruni Gunasekara
SH-004429,SR-25-01077,In Progress,QC,2025-09-15,Hiruni Gunasekara
SH-004430,SR-25-01077,QC,Completed,2025-09-17,Hiruni Gunasekara
SH-004431,SR-25-01078,Submitted,Approved,2025-09-10,Ashen Rathnayake
SH-004432,SR-25-01078,Approved,In Progress,2025-09-10,Ashen Rathnayake
SH-004433,SR-25-01078,In Progress,QC,2025-09-11,Ashen Rathnayake
SH-004434,SR-25-01078,QC,Completed,2025-09-11,Ashen Rathnayake
SH-004435,SR-25-01079,Submitted,Approved,2025-09-12,Dulani Jayasuriya
SH-004436,SR-25-01079,Approved,In Progress,2025-09-14,Dulani Jayasuriya
SH-004437,SR-25-01079,In Progress,QC,2025-09-16,Dulani Jayasuriya
SH-004438,SR-25-01079,QC,Completed,2025-09-18,Dulani Jayasuriya
SH-004439,SR-25-01080,Submitted,Approved,2025-09-12,Nethmi Perera
SH-004440,SR-25-01080,Approved,In Progress,2025-09-14,Nethmi Perera
SH-004441,SR-25-01080,In Progress,QC,2025-09-15,Nethmi Perera
SH-004442,SR-25-01080,QC,Completed,2025-09-17,Nethmi Perera
SH-004443,SR-25-01081,Submitted,Approved,2025-09-13,Ashen Rathnayake
SH-004444,SR-25-01081,Approved,In Progress,2025-09-16,Ashen Rathnayake
SH-004445,SR-25-01081,In Progress,QC,2025-09-19,Ashen Rathnayake
SH-004446,SR-25-01081,QC,Completed,2025-09-21,Ashen Rathnayake
SH-004447,SR-25-01082,Submitted,Approved,2025-09-11,Nethmi Perera
SH-004448,SR-25-01082,Approved,In Progress,2025-09-11,Nethmi Perera
SH-004449,SR-25-01082,In Progress,QC,2025-09-12,Nethmi Perera
SH-004450,SR-25-01082,QC,Completed,2025-09-12,Nethmi Perera
SH-004451,SR-25-01083,Submitted,Approved,2025-09-12,Nethmi Perera
SH-004452,SR-25-01083,Approved,In Progress,2025-09-13,Nethmi Perera
SH-004453,SR-25-01083,In Progress,QC,2025-09-13,Nethmi Perera
SH-004454,SR-25-01083,QC,Completed,2025-09-14,Nethmi Perera
SH-004455,SR-25-01084,Submitted,Approved,2025-09-12,Hiruni Gunasekara
SH-004456,SR-25-01084,Approved,In Progress,2025-09-13,Hiruni Gunasekara
SH-004457,SR-25-01084,In Progress,QC,2025-09-13,Hiruni Gunasekara
SH-004458,SR-25-01084,QC,Completed,2025-09-14,Hiruni Gunasekara
SH-004459,SR-25-01085,Submitted,Approved,2025-09-12,Sachini Silva
SH-004460,SR-25-01085,Approved,In Progress,2025-09-13,Sachini Silva
SH-004461,SR-25-01085,In Progress,QC,2025-09-14,Sachini Silva
SH-004462,SR-25-01085,QC,Completed,2025-09-15,Sachini Silva
SH-004463,SR-25-01086,Submitted,Approved,2025-09-14,Kavindu Fernando
SH-004464,SR-25-01086,Approved,In Progress,2025-09-16,Kavindu Fernando
SH-004465,SR-25-01086,In Progress,QC,2025-09-18,Kavindu Fernando
SH-004466,SR-25-01086,QC,Completed,2025-09-20,Kavindu Fernando
SH-004467,SR-25-01087,Submitted,Approved,2025-09-14,Dulani Jayasuriya
SH-004468,SR-25-01087,Approved,In Progress,2025-09-15,Dulani Jayasuriya
SH-004469,SR-25-01087,In Progress,QC,2025-09-16,Dulani Jayasuriya
SH-004470,SR-25-01087,QC,Rework,2025-09-18,Dulani Jayasuriya
SH-004471,SR-25-01087,Rework,QC,2025-09-20,Dulani Jayasuriya
SH-004472,SR-25-01087,QC,Completed,2025-09-21,Dulani Jayasuriya
SH-004473,SR-25-01088,Submitted,Approved,2025-09-14,Kavindu Fernando
SH-004474,SR-25-01088,Approved,In Progress,2025-09-15,Kavindu Fernando
SH-004475,SR-25-01088,In Progress,QC,2025-09-16,Kavindu Fernando
SH-004476,SR-25-01088,QC,Completed,2025-09-18,Kavindu Fernando
SH-004477,SR-25-01089,Submitted,Approved,2025-09-14,Sachini Silva
SH-004478,SR-25-01089,Approved,In Progress,2025-09-16,Sachini Silva
SH-004479,SR-25-01089,In Progress,QC,2025-09-17,Sachini Silva
SH-004480,SR-25-01089,QC,Completed,2025-09-19,Sachini Silva
SH-004481,SR-25-01090,Submitted,Approved,2025-09-15,Kavindu Fernando
SH-004482,SR-25-01090,Approved,In Progress,2025-09-17,Kavindu Fernando
SH-004483,SR-25-01090,In Progress,QC,2025-09-18,Kavindu Fernando
SH-004484,SR-25-01090,QC,Completed,2025-09-20,Kavindu Fernando
SH-004485,SR-25-01091,Submitted,Approved,2025-09-15,Dulani Jayasuriya
SH-004486,SR-25-01091,Approved,In Progress,2025-09-17,Dulani Jayasuriya
SH-004487,SR-25-01091,In Progress,QC,2025-09-20,Dulani Jayasuriya
SH-004488,SR-25-01091,QC,Completed,2025-09-22,Dulani Jayasuriya
SH-004489,SR-25-01092,Submitted,Approved,2025-09-15,Kavindu Fernando
SH-004490,SR-25-01092,Approved,In Progress,2025-09-17,Kavindu Fernando
SH-004491,SR-25-01092,In Progress,QC,2025-09-19,Kavindu Fernando
SH-004492,SR-25-01092,QC,Rework,2025-09-21,Kavindu Fernando
SH-004493,SR-25-01092,Rework,QC,2025-09-23,Kavindu Fernando
SH-004494,SR-25-01092,QC,Completed,2025-09-25,Kavindu Fernando
SH-004495,SR-25-01093,Submitted,Approved,2025-09-15,Dulani Jayasuriya
SH-004496,SR-25-01093,Approved,In Progress,2025-09-17,Dulani Jayasuriya
SH-004497,SR-25-01093,In Progress,QC,2025-09-19,Dulani Jayasuriya
SH-004498,SR-25-01093,QC,Completed,2025-09-21,Dulani Jayasuriya
SH-004499,SR-25-01094,Submitted,Approved,2025-09-14,Ashen Rathnayake
SH-004500,SR-25-01094,Approved,In Progress,2025-09-15,Ashen Rathnayake
SH-004501,SR-25-01094,In Progress,QC,2025-09-16,Ashen Rathnayake
SH-004502,SR-25-01094,QC,Completed,2025-09-17,Ashen Rathnayake
SH-004503,SR-25-01095,Submitted,Approved,2025-09-16,Dulani Jayasuriya
SH-004504,SR-25-01095,Approved,In Progress,2025-09-17,Dulani Jayasuriya
SH-004505,SR-25-01095,In Progress,QC,2025-09-18,Dulani Jayasuriya
SH-004506,SR-25-01095,QC,Completed,2025-09-19,Dulani Jayasuriya
SH-004507,SR-25-01096,Submitted,Approved,2025-09-15,Sachini Silva
SH-004508,SR-25-01096,Approved,In Progress,2025-09-15,Sachini Silva
SH-004509,SR-25-01096,In Progress,QC,2025-09-16,Sachini Silva
SH-004510,SR-25-01096,QC,Completed,2025-09-16,Sachini Silva
SH-004511,SR-25-01097,Submitted,Approved,2025-09-16,Hiruni Gunasekara
SH-004512,SR-25-01097,Approved,In Progress,2025-09-17,Hiruni Gunasekara
SH-004513,SR-25-01097,In Progress,QC,2025-09-19,Hiruni Gunasekara
SH-004514,SR-25-01097,QC,Completed,2025-09-20,Hiruni Gunasekara
SH-004515,SR-25-01098,Submitted,Approved,2025-09-18,Nethmi Perera
SH-004516,SR-25-01098,Approved,In Progress,2025-09-21,Nethmi Perera
SH-004517,SR-25-01098,In Progress,QC,2025-09-23,Nethmi Perera
SH-004518,SR-25-01098,QC,Completed,2025-09-26,Nethmi Perera
SH-004519,SR-25-01099,Submitted,Approved,2025-09-18,Ashen Rathnayake
SH-004520,SR-25-01099,Approved,In Progress,2025-09-20,Ashen Rathnayake
SH-004521,SR-25-01099,In Progress,QC,2025-09-22,Ashen Rathnayake
SH-004522,SR-25-01099,QC,Completed,2025-09-24,Ashen Rathnayake
SH-004523,SR-25-01100,Submitted,Approved,2025-09-17,Nethmi Perera
SH-004524,SR-25-01100,Approved,In Progress,2025-09-18,Nethmi Perera
SH-004525,SR-25-01100,In Progress,QC,2025-09-20,Nethmi Perera
SH-004526,SR-25-01100,QC,Completed,2025-09-21,Nethmi Perera
SH-004527,SR-25-01101,Submitted,Approved,2025-09-18,Dulani Jayasuriya
SH-004528,SR-25-01101,Approved,In Progress,2025-09-19,Dulani Jayasuriya
SH-004529,SR-25-01101,In Progress,QC,2025-09-20,Dulani Jayasuriya
SH-004530,SR-25-01101,QC,Completed,2025-09-22,Dulani Jayasuriya
SH-004531,SR-25-01102,Submitted,Approved,2025-09-17,Kavindu Fernando
SH-004532,SR-25-01102,Approved,In Progress,2025-09-18,Kavindu Fernando
SH-004533,SR-25-01102,In Progress,QC,2025-09-18,Kavindu Fernando
SH-004534,SR-25-01102,QC,Completed,2025-09-19,Kavindu Fernando
SH-004535,SR-25-01103,Submitted,Approved,2025-09-18,Nethmi Perera
SH-004536,SR-25-01103,Approved,In Progress,2025-09-20,Nethmi Perera
SH-004537,SR-25-01103,In Progress,QC,2025-09-22,Nethmi Perera
SH-004538,SR-25-01103,QC,Rework,2025-09-23,Nethmi Perera
SH-004539,SR-25-01103,Rework,QC,2025-09-25,Nethmi Perera
SH-004540,SR-25-01103,QC,Completed,2025-09-27,Nethmi Perera
SH-004541,SR-25-01104,Submitted,Approved,2025-09-18,Ashen Rathnayake
SH-004542,SR-25-01104,Approved,In Progress,2025-09-20,Ashen Rathnayake
SH-004543,SR-25-01104,In Progress,QC,2025-09-21,Ashen Rathnayake
SH-004544,SR-25-01104,QC,Completed,2025-09-23,Ashen Rathnayake
SH-004545,SR-25-01105,Submitted,Approved,2025-09-17,Ashen Rathnayake
SH-004546,SR-25-01105,Approved,In Progress,2025-09-18,Ashen Rathnayake
SH-004547,SR-25-01105,In Progress,QC,2025-09-19,Ashen Rathnayake
SH-004548,SR-25-01105,QC,Completed,2025-09-20,Ashen Rathnayake
SH-004549,SR-25-01106,Submitted,Approved,2025-09-19,Sachini Silva
SH-004550,SR-25-01106,Approved,In Progress,2025-09-21,Sachini Silva
SH-004551,SR-25-01106,In Progress,QC,2025-09-23,Sachini Silva
SH-004552,SR-25-01106,QC,Completed,2025-09-25,Sachini Silva
SH-004553,SR-25-01107,Submitted,Approved,2025-09-19,Hiruni Gunasekara
SH-004554,SR-25-01107,Approved,In Progress,2025-09-21,Hiruni Gunasekara
SH-004555,SR-25-01107,In Progress,QC,2025-09-23,Hiruni Gunasekara
SH-004556,SR-25-01107,QC,Rework,2025-09-24,Hiruni Gunasekara
SH-004557,SR-25-01107,Rework,QC,2025-09-26,Hiruni Gunasekara
SH-004558,SR-25-01107,QC,Completed,2025-09-28,Hiruni Gunasekara
SH-004559,SR-25-01108,Submitted,Approved,2025-09-18,Nethmi Perera
SH-004560,SR-25-01108,Approved,In Progress,2025-09-19,Nethmi Perera
SH-004561,SR-25-01108,In Progress,QC,2025-09-19,Nethmi Perera
SH-004562,SR-25-01108,QC,Completed,2025-09-20,Nethmi Perera
SH-004563,SR-25-01109,Submitted,Approved,2025-09-18,Nethmi Perera
SH-004564,SR-25-01109,Approved,In Progress,2025-09-19,Nethmi Perera
SH-004565,SR-25-01109,In Progress,QC,2025-09-20,Nethmi Perera
SH-004566,SR-25-01109,QC,Completed,2025-09-21,Nethmi Perera
SH-004567,SR-25-01110,Submitted,Approved,2025-09-18,Ashen Rathnayake
SH-004568,SR-25-01110,Approved,In Progress,2025-09-19,Ashen Rathnayake
SH-004569,SR-25-01110,In Progress,QC,2025-09-19,Ashen Rathnayake
SH-004570,SR-25-01110,QC,Completed,2025-09-20,Ashen Rathnayake
SH-004571,SR-25-01111,Submitted,Approved,2025-09-18,Hiruni Gunasekara
SH-004572,SR-25-01111,Approved,In Progress,2025-09-19,Hiruni Gunasekara
SH-004573,SR-25-01111,In Progress,QC,2025-09-21,Hiruni Gunasekara
SH-004574,SR-25-01111,QC,Completed,2025-09-22,Hiruni Gunasekara
SH-004575,SR-25-01112,Submitted,Approved,2025-09-19,Hiruni Gunasekara
SH-004576,SR-25-01112,Approved,In Progress,2025-09-20,Hiruni Gunasekara
SH-004577,SR-25-01112,In Progress,QC,2025-09-22,Hiruni Gunasekara
SH-004578,SR-25-01112,QC,Completed,2025-09-23,Hiruni Gunasekara
SH-004579,SR-25-01113,Submitted,Approved,2025-09-20,Sachini Silva
SH-004580,SR-25-01113,Approved,In Progress,2025-09-23,Sachini Silva
SH-004581,SR-25-01113,In Progress,QC,2025-09-26,Sachini Silva
SH-004582,SR-25-01113,QC,Completed,2025-09-28,Sachini Silva
SH-004583,SR-25-01114,Submitted,Approved,2025-09-20,Ashen Rathnayake
SH-004584,SR-25-01114,Approved,In Progress,2025-09-21,Ashen Rathnayake
SH-004585,SR-25-01114,In Progress,QC,2025-09-22,Ashen Rathnayake
SH-004586,SR-25-01114,QC,Completed,2025-09-24,Ashen Rathnayake
SH-004587,SR-25-01115,Submitted,Approved,2025-09-20,Nethmi Perera
SH-004588,SR-25-01115,Approved,In Progress,2025-09-21,Nethmi Perera
SH-004589,SR-25-01115,In Progress,QC,2025-09-22,Nethmi Perera
SH-004590,SR-25-01115,QC,Completed,2025-09-24,Nethmi Perera
SH-004591,SR-25-01116,Submitted,Approved,2025-09-19,Kavindu Fernando
SH-004592,SR-25-01116,Approved,In Progress,2025-09-20,Kavindu Fernando
SH-004593,SR-25-01116,In Progress,QC,2025-09-21,Kavindu Fernando
SH-004594,SR-25-01116,QC,Completed,2025-09-22,Kavindu Fernando
SH-004595,SR-25-01117,Submitted,Approved,2025-09-19,Dulani Jayasuriya
SH-004596,SR-25-01117,Approved,In Progress,2025-09-20,Dulani Jayasuriya
SH-004597,SR-25-01117,In Progress,QC,2025-09-20,Dulani Jayasuriya
SH-004598,SR-25-01117,QC,Completed,2025-09-21,Dulani Jayasuriya
SH-004599,SR-25-01118,Submitted,Approved,2025-09-21,Nethmi Perera
SH-004600,SR-25-01118,Approved,In Progress,2025-09-22,Nethmi Perera
SH-004601,SR-25-01118,In Progress,QC,2025-09-23,Nethmi Perera
SH-004602,SR-25-01118,QC,Completed,2025-09-25,Nethmi Perera
SH-004603,SR-25-01119,Submitted,Approved,2025-09-20,Dulani Jayasuriya
SH-004604,SR-25-01119,Approved,In Progress,2025-09-21,Dulani Jayasuriya
SH-004605,SR-25-01119,In Progress,QC,2025-09-21,Dulani Jayasuriya
SH-004606,SR-25-01119,QC,Completed,2025-09-22,Dulani Jayasuriya
SH-004607,SR-25-01120,Submitted,Approved,2025-09-21,Hiruni Gunasekara
SH-004608,SR-25-01120,Approved,In Progress,2025-09-22,Hiruni Gunasekara
SH-004609,SR-25-01120,In Progress,QC,2025-09-23,Hiruni Gunasekara
SH-004610,SR-25-01120,QC,Completed,2025-09-25,Hiruni Gunasekara
SH-004611,SR-25-01121,Submitted,Approved,2025-09-19,Sachini Silva
SH-004612,SR-25-01121,Approved,In Progress,2025-09-20,Sachini Silva
SH-004613,SR-25-01121,In Progress,QC,2025-09-21,Sachini Silva
SH-004614,SR-25-01121,QC,Completed,2025-09-21,Sachini Silva
SH-004615,SR-25-01122,Submitted,Approved,2025-09-21,Nethmi Perera
SH-004616,SR-25-01122,Approved,In Progress,2025-09-23,Nethmi Perera
SH-004617,SR-25-01122,In Progress,QC,2025-09-25,Nethmi Perera
SH-004618,SR-25-01122,QC,Rework,2025-09-26,Nethmi Perera
SH-004619,SR-25-01122,Rework,QC,2025-09-28,Nethmi Perera
SH-004620,SR-25-01122,QC,Completed,2025-09-30,Nethmi Perera
SH-004621,SR-25-01123,Submitted,Approved,2025-09-20,Ashen Rathnayake
SH-004622,SR-25-01123,Approved,In Progress,2025-09-21,Ashen Rathnayake
SH-004623,SR-25-01123,In Progress,QC,2025-09-23,Ashen Rathnayake
SH-004624,SR-25-01123,QC,Completed,2025-09-24,Ashen Rathnayake
SH-004625,SR-25-01124,Submitted,Approved,2025-09-21,Dulani Jayasuriya
SH-004626,SR-25-01124,Approved,In Progress,2025-09-23,Dulani Jayasuriya
SH-004627,SR-25-01124,In Progress,QC,2025-09-25,Dulani Jayasuriya
SH-004628,SR-25-01124,QC,Completed,2025-09-27,Dulani Jayasuriya
SH-004629,SR-25-01125,Submitted,Approved,2025-09-21,Dulani Jayasuriya
SH-004630,SR-25-01125,Approved,In Progress,2025-09-22,Dulani Jayasuriya
SH-004631,SR-25-01125,In Progress,QC,2025-09-23,Dulani Jayasuriya
SH-004632,SR-25-01125,QC,Completed,2025-09-24,Dulani Jayasuriya
SH-004633,SR-25-01126,Submitted,Approved,2025-09-20,Sachini Silva
SH-004634,SR-25-01126,Approved,In Progress,2025-09-21,Sachini Silva
SH-004635,SR-25-01126,In Progress,QC,2025-09-22,Sachini Silva
SH-004636,SR-25-01126,QC,Completed,2025-09-22,Sachini Silva
SH-004637,SR-25-01127,Submitted,Approved,2025-09-22,Nethmi Perera
SH-004638,SR-25-01127,Approved,In Progress,2025-09-24,Nethmi Perera
SH-004639,SR-25-01127,In Progress,QC,2025-09-25,Nethmi Perera
SH-004640,SR-25-01127,QC,Completed,2025-09-27,Nethmi Perera
SH-004641,SR-25-01128,Submitted,Approved,2025-09-22,Ashen Rathnayake
SH-004642,SR-25-01128,Approved,In Progress,2025-09-24,Ashen Rathnayake
SH-004643,SR-25-01128,In Progress,QC,2025-09-26,Ashen Rathnayake
SH-004644,SR-25-01128,QC,Completed,2025-09-28,Ashen Rathnayake
SH-004645,SR-25-01129,Submitted,Approved,2025-09-21,Hiruni Gunasekara
SH-004646,SR-25-01129,Approved,In Progress,2025-09-22,Hiruni Gunasekara
SH-004647,SR-25-01129,In Progress,QC,2025-09-24,Hiruni Gunasekara
SH-004648,SR-25-01129,QC,Rework,2025-09-25,Hiruni Gunasekara
SH-004649,SR-25-01129,Rework,QC,2025-09-26,Hiruni Gunasekara
SH-004650,SR-25-01129,QC,Completed,2025-09-27,Hiruni Gunasekara
SH-004651,SR-25-01130,Submitted,Approved,2025-09-20,Ashen Rathnayake
SH-004652,SR-25-01130,Approved,In Progress,2025-09-20,Ashen Rathnayake
SH-004653,SR-25-01130,In Progress,QC,2025-09-21,Ashen Rathnayake
SH-004654,SR-25-01130,QC,Completed,2025-09-21,Ashen Rathnayake
SH-004655,SR-25-01131,Submitted,Approved,2025-09-22,Kavindu Fernando
SH-004656,SR-25-01131,Approved,In Progress,2025-09-23,Kavindu Fernando
SH-004657,SR-25-01131,In Progress,QC,2025-09-24,Kavindu Fernando
SH-004658,SR-25-01131,QC,Completed,2025-09-24,Kavindu Fernando
SH-004659,SR-25-01132,Submitted,Approved,2025-09-23,Nethmi Perera
SH-004660,SR-25-01132,Approved,In Progress,2025-09-24,Nethmi Perera
SH-004661,SR-25-01132,In Progress,QC,2025-09-24,Nethmi Perera
SH-004662,SR-25-01132,QC,Completed,2025-09-25,Nethmi Perera
SH-004663,SR-25-01133,Submitted,Approved,2025-09-23,Nethmi Perera
SH-004664,SR-25-01133,Approved,In Progress,2025-09-24,Nethmi Perera
SH-004665,SR-25-01133,In Progress,QC,2025-09-24,Nethmi Perera
SH-004666,SR-25-01133,QC,Completed,2025-09-25,Nethmi Perera
SH-004667,SR-25-01134,Submitted,Approved,2025-09-25,Hiruni Gunasekara
SH-004668,SR-25-01134,Approved,In Progress,2025-09-26,Hiruni Gunasekara
SH-004669,SR-25-01134,In Progress,QC,2025-09-27,Hiruni Gunasekara
SH-004670,SR-25-01134,QC,Completed,2025-09-29,Hiruni Gunasekara
SH-004671,SR-25-01135,Submitted,Approved,2025-09-24,Ashen Rathnayake
SH-004672,SR-25-01135,Approved,In Progress,2025-09-25,Ashen Rathnayake
SH-004673,SR-25-01135,In Progress,QC,2025-09-26,Ashen Rathnayake
SH-004674,SR-25-01135,QC,Completed,2025-09-27,Ashen Rathnayake
SH-004675,SR-25-01136,Submitted,Approved,2025-09-25,Hiruni Gunasekara
SH-004676,SR-25-01136,Approved,In Progress,2025-09-27,Hiruni Gunasekara
SH-004677,SR-25-01136,In Progress,QC,2025-09-28,Hiruni Gunasekara
SH-004678,SR-25-01136,QC,Completed,2025-09-30,Hiruni Gunasekara
SH-004679,SR-25-01137,Submitted,Approved,2025-09-24,Ashen Rathnayake
SH-004680,SR-25-01137,Approved,In Progress,2025-09-25,Ashen Rathnayake
SH-004681,SR-25-01137,In Progress,QC,2025-09-27,Ashen Rathnayake
SH-004682,SR-25-01137,QC,Completed,2025-09-28,Ashen Rathnayake
SH-004683,SR-25-01138,Submitted,Approved,2025-09-25,Sachini Silva
SH-004684,SR-25-01138,Approved,In Progress,2025-09-28,Sachini Silva
SH-004685,SR-25-01138,In Progress,QC,2025-10-01,Sachini Silva
SH-004686,SR-25-01138,QC,Completed,2025-10-03,Sachini Silva
SH-004687,SR-25-01139,Submitted,Approved,2025-09-25,Kavindu Fernando
SH-004688,SR-25-01139,Approved,In Progress,2025-09-27,Kavindu Fernando
SH-004689,SR-25-01139,In Progress,QC,2025-09-29,Kavindu Fernando
SH-004690,SR-25-01139,QC,Completed,2025-10-01,Kavindu Fernando
SH-004691,SR-25-01140,Submitted,Approved,2025-09-25,Nethmi Perera
SH-004692,SR-25-01140,Approved,In Progress,2025-09-26,Nethmi Perera
SH-004693,SR-25-01140,In Progress,QC,2025-09-26,Nethmi Perera
SH-004694,SR-25-01140,QC,Completed,2025-09-27,Nethmi Perera
SH-004695,SR-25-01141,Submitted,Approved,2025-09-25,Ashen Rathnayake
SH-004696,SR-25-01141,Approved,In Progress,2025-09-26,Ashen Rathnayake
SH-004697,SR-25-01141,In Progress,QC,2025-09-27,Ashen Rathnayake
SH-004698,SR-25-01141,QC,Completed,2025-09-28,Ashen Rathnayake
SH-004699,SR-25-01142,Submitted,Approved,2025-09-25,Hiruni Gunasekara
SH-004700,SR-25-01142,Approved,In Progress,2025-09-26,Hiruni Gunasekara
SH-004701,SR-25-01142,In Progress,QC,2025-09-28,Hiruni Gunasekara
SH-004702,SR-25-01142,QC,Completed,2025-09-29,Hiruni Gunasekara
SH-004703,SR-25-01143,Submitted,Approved,2025-09-25,Sachini Silva
SH-004704,SR-25-01143,Approved,In Progress,2025-09-26,Sachini Silva
SH-004705,SR-25-01143,In Progress,QC,2025-09-27,Sachini Silva
SH-004706,SR-25-01143,QC,Completed,2025-09-28,Sachini Silva
SH-004707,SR-25-01144,Submitted,Approved,2025-09-25,Hiruni Gunasekara
SH-004708,SR-25-01144,Approved,In Progress,2025-09-26,Hiruni Gunasekara
SH-004709,SR-25-01144,In Progress,QC,2025-09-28,Hiruni Gunasekara
SH-004710,SR-25-01144,QC,Rework,2025-09-29,Hiruni Gunasekara
SH-004711,SR-25-01144,Rework,QC,2025-09-30,Hiruni Gunasekara
SH-004712,SR-25-01144,QC,Completed,2025-10-01,Hiruni Gunasekara
SH-004713,SR-25-01145,Submitted,Approved,2025-09-26,Sachini Silva
SH-004714,SR-25-01145,Approved,In Progress,2025-09-27,Sachini Silva
SH-004715,SR-25-01145,In Progress,QC,2025-09-28,Sachini Silva
SH-004716,SR-25-01145,QC,Completed,2025-09-30,Sachini Silva
SH-004717,SR-25-01146,Submitted,Approved,2025-09-25,Sachini Silva
SH-004718,SR-25-01146,Approved,In Progress,2025-09-26,Sachini Silva
SH-004719,SR-25-01146,In Progress,QC,2025-09-28,Sachini Silva
SH-004720,SR-25-01146,QC,Completed,2025-09-29,Sachini Silva
SH-004721,SR-25-01147,Submitted,Approved,2025-09-25,Sachini Silva
SH-004722,SR-25-01147,Approved,In Progress,2025-09-26,Sachini Silva
SH-004723,SR-25-01147,In Progress,QC,2025-09-27,Sachini Silva
SH-004724,SR-25-01147,QC,Completed,2025-09-27,Sachini Silva
SH-004725,SR-25-01148,Submitted,Approved,2025-09-27,Ashen Rathnayake
SH-004726,SR-25-01148,Approved,In Progress,2025-09-29,Ashen Rathnayake
SH-004727,SR-25-01148,In Progress,QC,2025-10-01,Ashen Rathnayake
SH-004728,SR-25-01148,QC,Completed,2025-10-03,Ashen Rathnayake
SH-004729,SR-25-01149,Submitted,Approved,2025-09-27,Kavindu Fernando
SH-004730,SR-25-01149,Approved,In Progress,2025-09-28,Kavindu Fernando
SH-004731,SR-25-01149,In Progress,QC,2025-09-29,Kavindu Fernando
SH-004732,SR-25-01149,QC,Completed,2025-10-01,Kavindu Fernando
SH-004733,SR-25-01150,Submitted,Approved,2025-09-27,Ashen Rathnayake
SH-004734,SR-25-01150,Approved,In Progress,2025-09-28,Ashen Rathnayake
SH-004735,SR-25-01150,In Progress,QC,2025-09-29,Ashen Rathnayake
SH-004736,SR-25-01150,QC,Completed,2025-10-01,Ashen Rathnayake
SH-004737,SR-25-01151,Submitted,Approved,2025-09-27,Kavindu Fernando
SH-004738,SR-25-01151,Approved,In Progress,2025-09-29,Kavindu Fernando
SH-004739,SR-25-01151,In Progress,QC,2025-10-01,Kavindu Fernando
SH-004740,SR-25-01151,QC,Completed,2025-10-03,Kavindu Fernando
SH-004741,SR-25-01152,Submitted,Approved,2025-09-27,Ashen Rathnayake
SH-004742,SR-25-01152,Approved,In Progress,2025-09-28,Ashen Rathnayake
SH-004743,SR-25-01152,In Progress,QC,2025-09-29,Ashen Rathnayake
SH-004744,SR-25-01152,QC,Rework,2025-10-01,Ashen Rathnayake
SH-004745,SR-25-01152,Rework,QC,2025-10-03,Ashen Rathnayake
SH-004746,SR-25-01152,QC,Completed,2025-10-04,Ashen Rathnayake
SH-004747,SR-25-01153,Submitted,Approved,2025-09-27,Ashen Rathnayake
SH-004748,SR-25-01153,Approved,In Progress,2025-09-28,Ashen Rathnayake
SH-004749,SR-25-01153,In Progress,QC,2025-09-29,Ashen Rathnayake
SH-004750,SR-25-01153,QC,Completed,2025-10-01,Ashen Rathnayake
SH-004751,SR-25-01154,Submitted,Approved,2025-09-28,Nethmi Perera
SH-004752,SR-25-01154,Approved,In Progress,2025-09-29,Nethmi Perera
SH-004753,SR-25-01154,In Progress,QC,2025-09-30,Nethmi Perera
SH-004754,SR-25-01154,QC,Completed,2025-10-02,Nethmi Perera
SH-004755,SR-25-01155,Submitted,Approved,2025-09-27,Sachini Silva
SH-004756,SR-25-01155,Approved,In Progress,2025-09-28,Sachini Silva
SH-004757,SR-25-01155,In Progress,QC,2025-09-28,Sachini Silva
SH-004758,SR-25-01155,QC,Completed,2025-09-29,Sachini Silva
SH-004759,SR-25-01156,Submitted,Approved,2025-09-27,Kavindu Fernando
SH-004760,SR-25-01156,Approved,In Progress,2025-09-28,Kavindu Fernando
SH-004761,SR-25-01156,In Progress,QC,2025-09-28,Kavindu Fernando
SH-004762,SR-25-01156,QC,Completed,2025-09-29,Kavindu Fernando
SH-004763,SR-25-01157,Submitted,Approved,2025-09-27,Ashen Rathnayake
SH-004764,SR-25-01157,Approved,In Progress,2025-09-28,Ashen Rathnayake
SH-004765,SR-25-01157,In Progress,QC,2025-09-28,Ashen Rathnayake
SH-004766,SR-25-01157,QC,Completed,2025-09-29,Ashen Rathnayake
SH-004767,SR-25-01158,Submitted,Approved,2025-09-28,Sachini Silva
SH-004768,SR-25-01158,Approved,In Progress,2025-09-29,Sachini Silva
SH-004769,SR-25-01158,In Progress,QC,2025-10-01,Sachini Silva
SH-004770,SR-25-01158,QC,Completed,2025-10-02,Sachini Silva
SH-004771,SR-25-01159,Submitted,Approved,2025-09-28,Kavindu Fernando
SH-004772,SR-25-01159,Approved,In Progress,2025-09-29,Kavindu Fernando
SH-004773,SR-25-01159,In Progress,QC,2025-10-01,Kavindu Fernando
SH-004774,SR-25-01159,QC,Completed,2025-10-02,Kavindu Fernando
SH-004775,SR-25-01160,Submitted,Approved,2025-09-28,Ashen Rathnayake
SH-004776,SR-25-01160,Approved,In Progress,2025-09-29,Ashen Rathnayake
SH-004777,SR-25-01160,In Progress,QC,2025-10-01,Ashen Rathnayake
SH-004778,SR-25-01160,QC,Completed,2025-10-02,Ashen Rathnayake
SH-004779,SR-25-01161,Submitted,Approved,2025-09-28,Dulani Jayasuriya
SH-004780,SR-25-01161,Approved,In Progress,2025-09-29,Dulani Jayasuriya
SH-004781,SR-25-01161,In Progress,QC,2025-10-01,Dulani Jayasuriya
SH-004782,SR-25-01161,QC,Completed,2025-10-02,Dulani Jayasuriya
SH-004783,SR-25-01162,Submitted,Approved,2025-09-28,Dulani Jayasuriya
SH-004784,SR-25-01162,Approved,In Progress,2025-09-29,Dulani Jayasuriya
SH-004785,SR-25-01162,In Progress,QC,2025-09-30,Dulani Jayasuriya
SH-004786,SR-25-01162,QC,Completed,2025-10-01,Dulani Jayasuriya
SH-004787,SR-25-01163,Submitted,Approved,2025-09-29,Kavindu Fernando
SH-004788,SR-25-01163,Approved,In Progress,2025-09-30,Kavindu Fernando
SH-004789,SR-25-01163,In Progress,QC,2025-10-01,Kavindu Fernando
SH-004790,SR-25-01163,QC,Completed,2025-10-03,Kavindu Fernando
SH-004791,SR-25-01164,Submitted,Approved,2025-09-29,Sachini Silva
SH-004792,SR-25-01164,Approved,In Progress,2025-09-30,Sachini Silva
SH-004793,SR-25-01164,In Progress,QC,2025-10-02,Sachini Silva
SH-004794,SR-25-01164,QC,Rework,2025-10-04,Sachini Silva
SH-004795,SR-25-01164,Rework,QC,2025-10-05,Sachini Silva
SH-004796,SR-25-01164,QC,Completed,2025-10-07,Sachini Silva
SH-004797,SR-25-01165,Submitted,Approved,2025-09-28,Dulani Jayasuriya
SH-004798,SR-25-01165,Approved,In Progress,2025-09-29,Dulani Jayasuriya
SH-004799,SR-25-01165,In Progress,QC,2025-09-29,Dulani Jayasuriya
SH-004800,SR-25-01165,QC,Completed,2025-09-30,Dulani Jayasuriya
SH-004801,SR-25-01166,Submitted,Approved,2025-09-28,Ashen Rathnayake
SH-004802,SR-25-01166,Approved,In Progress,2025-09-29,Ashen Rathnayake
SH-004803,SR-25-01166,In Progress,QC,2025-09-29,Ashen Rathnayake
SH-004804,SR-25-01166,QC,Completed,2025-09-30,Ashen Rathnayake
SH-004805,SR-25-01167,Submitted,Approved,2025-10-01,Kavindu Fernando
SH-004806,SR-25-01167,Approved,In Progress,2025-10-03,Kavindu Fernando
SH-004807,SR-25-01167,In Progress,QC,2025-10-05,Kavindu Fernando
SH-004808,SR-25-01167,QC,Completed,2025-10-07,Kavindu Fernando
SH-004809,SR-25-01168,Submitted,Approved,2025-10-01,Dulani Jayasuriya
SH-004810,SR-25-01168,Approved,In Progress,2025-10-03,Dulani Jayasuriya
SH-004811,SR-25-01168,In Progress,QC,2025-10-04,Dulani Jayasuriya
SH-004812,SR-25-01168,QC,Completed,2025-10-06,Dulani Jayasuriya
SH-004813,SR-25-01169,Submitted,Approved,2025-10-02,Hiruni Gunasekara
SH-004814,SR-25-01169,Approved,In Progress,2025-10-03,Hiruni Gunasekara
SH-004815,SR-25-01169,In Progress,QC,2025-10-04,Hiruni Gunasekara
SH-004816,SR-25-01169,QC,Completed,2025-10-06,Hiruni Gunasekara
SH-004817,SR-25-01170,Submitted,Approved,2025-10-02,Sachini Silva
SH-004818,SR-25-01170,Approved,In Progress,2025-10-05,Sachini Silva
SH-004819,SR-25-01170,In Progress,QC,2025-10-08,Sachini Silva
SH-004820,SR-25-01170,QC,Completed,2025-10-10,Sachini Silva
SH-004821,SR-25-01171,Submitted,Approved,2025-10-02,Nethmi Perera
SH-004822,SR-25-01171,Approved,In Progress,2025-10-03,Nethmi Perera
SH-004823,SR-25-01171,In Progress,QC,2025-10-05,Nethmi Perera
SH-004824,SR-25-01171,QC,Rework,2025-10-07,Nethmi Perera
SH-004825,SR-25-01171,Rework,QC,2025-10-08,Nethmi Perera
SH-004826,SR-25-01171,QC,Completed,2025-10-10,Nethmi Perera
SH-004827,SR-25-01172,Submitted,Approved,2025-10-03,Dulani Jayasuriya
SH-004828,SR-25-01172,Approved,In Progress,2025-10-05,Dulani Jayasuriya
SH-004829,SR-25-01172,In Progress,QC,2025-10-06,Dulani Jayasuriya
SH-004830,SR-25-01172,QC,Completed,2025-10-08,Dulani Jayasuriya
SH-004831,SR-25-01173,Submitted,Approved,2025-10-03,Sachini Silva
SH-004832,SR-25-01173,Approved,In Progress,2025-10-04,Sachini Silva
SH-004833,SR-25-01173,In Progress,QC,2025-10-06,Sachini Silva
SH-004834,SR-25-01173,QC,Completed,2025-10-07,Sachini Silva
SH-004835,SR-25-01174,Submitted,Approved,2025-10-03,Dulani Jayasuriya
SH-004836,SR-25-01174,Approved,In Progress,2025-10-04,Dulani Jayasuriya
SH-004837,SR-25-01174,In Progress,QC,2025-10-06,Dulani Jayasuriya
SH-004838,SR-25-01174,QC,Completed,2025-10-07,Dulani Jayasuriya
SH-004839,SR-25-01175,Submitted,Approved,2025-10-05,Hiruni Gunasekara
SH-004840,SR-25-01175,Approved,In Progress,2025-10-07,Hiruni Gunasekara
SH-004841,SR-25-01175,In Progress,QC,2025-10-09,Hiruni Gunasekara
SH-004842,SR-25-01175,QC,Completed,2025-10-11,Hiruni Gunasekara
SH-004843,SR-25-01176,Submitted,Approved,2025-10-04,Nethmi Perera
SH-004844,SR-25-01176,Approved,In Progress,2025-10-05,Nethmi Perera
SH-004845,SR-25-01176,In Progress,QC,2025-10-07,Nethmi Perera
SH-004846,SR-25-01176,QC,Completed,2025-10-08,Nethmi Perera
SH-004847,SR-25-01177,Submitted,Approved,2025-10-05,Nethmi Perera
SH-004848,SR-25-01177,Approved,In Progress,2025-10-07,Nethmi Perera
SH-004849,SR-25-01177,In Progress,QC,2025-10-08,Nethmi Perera
SH-004850,SR-25-01177,QC,Completed,2025-10-10,Nethmi Perera
SH-004851,SR-25-01178,Submitted,Approved,2025-10-04,Hiruni Gunasekara
SH-004852,SR-25-01178,Approved,In Progress,2025-10-05,Hiruni Gunasekara
SH-004853,SR-25-01178,In Progress,QC,2025-10-06,Hiruni Gunasekara
SH-004854,SR-25-01178,QC,Completed,2025-10-07,Hiruni Gunasekara
SH-004855,SR-25-01179,Submitted,Approved,2025-10-05,Dulani Jayasuriya
SH-004856,SR-25-01179,Approved,In Progress,2025-10-07,Dulani Jayasuriya
SH-004857,SR-25-01179,In Progress,QC,2025-10-09,Dulani Jayasuriya
SH-004858,SR-25-01179,QC,Completed,2025-10-11,Dulani Jayasuriya
SH-004859,SR-25-01180,Submitted,Approved,2025-10-05,Dulani Jayasuriya
SH-004860,SR-25-01180,Approved,In Progress,2025-10-05,Dulani Jayasuriya
SH-004861,SR-25-01180,In Progress,QC,2025-10-06,Dulani Jayasuriya
SH-004862,SR-25-01180,QC,Rework,2025-10-07,Dulani Jayasuriya
SH-004863,SR-25-01180,Rework,QC,2025-10-07,Dulani Jayasuriya
SH-004864,SR-25-01180,QC,Completed,2025-10-08,Dulani Jayasuriya
SH-004865,SR-25-01181,Submitted,Approved,2025-10-04,Dulani Jayasuriya
SH-004866,SR-25-01181,Approved,In Progress,2025-10-04,Dulani Jayasuriya
SH-004867,SR-25-01181,In Progress,QC,2025-10-05,Dulani Jayasuriya
SH-004868,SR-25-01181,QC,Completed,2025-10-05,Dulani Jayasuriya
SH-004869,SR-25-01182,Submitted,Approved,2025-10-04,Dulani Jayasuriya
SH-004870,SR-25-01182,Approved,In Progress,2025-10-05,Dulani Jayasuriya
SH-004871,SR-25-01182,In Progress,QC,2025-10-06,Dulani Jayasuriya
SH-004872,SR-25-01182,QC,Completed,2025-10-06,Dulani Jayasuriya
SH-004873,SR-25-01183,Submitted,Approved,2025-10-08,Ashen Rathnayake
SH-004874,SR-25-01183,Approved,In Progress,2025-10-10,Ashen Rathnayake
SH-004875,SR-25-01183,In Progress,QC,2025-10-11,Ashen Rathnayake
SH-004876,SR-25-01183,QC,Completed,2025-10-13,Ashen Rathnayake
SH-004877,SR-25-01184,Submitted,Approved,2025-10-08,Sachini Silva
SH-004878,SR-25-01184,Approved,In Progress,2025-10-10,Sachini Silva
SH-004879,SR-25-01184,In Progress,QC,2025-10-11,Sachini Silva
SH-004880,SR-25-01184,QC,Completed,2025-10-13,Sachini Silva
SH-004881,SR-25-01185,Submitted,Approved,2025-10-07,Ashen Rathnayake
SH-004882,SR-25-01185,Approved,In Progress,2025-10-08,Ashen Rathnayake
SH-004883,SR-25-01185,In Progress,QC,2025-10-10,Ashen Rathnayake
SH-004884,SR-25-01185,QC,Completed,2025-10-11,Ashen Rathnayake
SH-004885,SR-25-01186,Submitted,Approved,2025-10-09,Sachini Silva
SH-004886,SR-25-01186,Approved,In Progress,2025-10-10,Sachini Silva
SH-004887,SR-25-01186,In Progress,QC,2025-10-11,Sachini Silva
SH-004888,SR-25-01186,QC,Completed,2025-10-13,Sachini Silva
SH-004889,SR-25-01187,Submitted,Approved,2025-10-09,Kavindu Fernando
SH-004890,SR-25-01187,Approved,In Progress,2025-10-11,Kavindu Fernando
SH-004891,SR-25-01187,In Progress,QC,2025-10-14,Kavindu Fernando
SH-004892,SR-25-01187,QC,Completed,2025-10-16,Kavindu Fernando
SH-004893,SR-25-01188,Submitted,Approved,2025-10-08,Dulani Jayasuriya
SH-004894,SR-25-01188,Approved,In Progress,2025-10-09,Dulani Jayasuriya
SH-004895,SR-25-01188,In Progress,QC,2025-10-09,Dulani Jayasuriya
SH-004896,SR-25-01188,QC,Completed,2025-10-10,Dulani Jayasuriya
SH-004897,SR-25-01189,Submitted,Approved,2025-10-07,Hiruni Gunasekara
SH-004898,SR-25-01189,Approved,In Progress,2025-10-08,Hiruni Gunasekara
SH-004899,SR-25-01189,In Progress,QC,2025-10-09,Hiruni Gunasekara
SH-004900,SR-25-01189,QC,Completed,2025-10-09,Hiruni Gunasekara
SH-004901,SR-25-01190,Submitted,Approved,2025-10-08,Kavindu Fernando
SH-004902,SR-25-01190,Approved,In Progress,2025-10-09,Kavindu Fernando
SH-004903,SR-25-01190,In Progress,QC,2025-10-09,Kavindu Fernando
SH-004904,SR-25-01190,QC,Completed,2025-10-10,Kavindu Fernando
SH-004905,SR-25-01191,Submitted,Approved,2025-10-09,Ashen Rathnayake
SH-004906,SR-25-01191,Approved,In Progress,2025-10-11,Ashen Rathnayake
SH-004907,SR-25-01191,In Progress,QC,2025-10-12,Ashen Rathnayake
SH-004908,SR-25-01191,QC,Completed,2025-10-14,Ashen Rathnayake
SH-004909,SR-25-01192,Submitted,Approved,2025-10-09,Nethmi Perera
SH-004910,SR-25-01192,Approved,In Progress,2025-10-11,Nethmi Perera
SH-004911,SR-25-01192,In Progress,QC,2025-10-13,Nethmi Perera
SH-004912,SR-25-01192,QC,Rework,2025-10-14,Nethmi Perera
SH-004913,SR-25-01192,Rework,QC,2025-10-16,Nethmi Perera
SH-004914,SR-25-01192,QC,Completed,2025-10-18,Nethmi Perera
SH-004915,SR-25-01193,Submitted,Approved,2025-10-10,Nethmi Perera
SH-004916,SR-25-01193,Approved,In Progress,2025-10-12,Nethmi Perera
SH-004917,SR-25-01193,In Progress,QC,2025-10-13,Nethmi Perera
SH-004918,SR-25-01193,QC,Completed,2025-10-15,Nethmi Perera
SH-004919,SR-25-01194,Submitted,Approved,2025-10-08,Sachini Silva
SH-004920,SR-25-01194,Approved,In Progress,2025-10-08,Sachini Silva
SH-004921,SR-25-01194,In Progress,QC,2025-10-09,Sachini Silva
SH-004922,SR-25-01194,QC,Completed,2025-10-09,Sachini Silva
SH-004923,SR-25-01195,Submitted,Approved,2025-10-11,Ashen Rathnayake
SH-004924,SR-25-01195,Approved,In Progress,2025-10-12,Ashen Rathnayake
SH-004925,SR-25-01195,In Progress,QC,2025-10-13,Ashen Rathnayake
SH-004926,SR-25-01195,QC,Completed,2025-10-15,Ashen Rathnayake
SH-004927,SR-25-01196,Submitted,Approved,2025-10-10,Sachini Silva
SH-004928,SR-25-01196,Approved,In Progress,2025-10-11,Sachini Silva
SH-004929,SR-25-01196,In Progress,QC,2025-10-12,Sachini Silva
SH-004930,SR-25-01196,QC,Completed,2025-10-13,Sachini Silva
SH-004931,SR-25-01197,Submitted,Approved,2025-10-09,Ashen Rathnayake
SH-004932,SR-25-01197,Approved,In Progress,2025-10-09,Ashen Rathnayake
SH-004933,SR-25-01197,In Progress,QC,2025-10-10,Ashen Rathnayake
SH-004934,SR-25-01197,QC,Completed,2025-10-10,Ashen Rathnayake
SH-004935,SR-25-01198,Submitted,Approved,2025-10-11,Ashen Rathnayake
SH-004936,SR-25-01198,Approved,In Progress,2025-10-13,Ashen Rathnayake
SH-004937,SR-25-01198,In Progress,QC,2025-10-14,Ashen Rathnayake
SH-004938,SR-25-01198,QC,Completed,2025-10-16,Ashen Rathnayake
SH-004939,SR-25-01199,Submitted,Approved,2025-10-09,Kavindu Fernando
SH-004940,SR-25-01199,Approved,In Progress,2025-10-10,Kavindu Fernando
SH-004941,SR-25-01199,In Progress,QC,2025-10-11,Kavindu Fernando
SH-004942,SR-25-01199,QC,Completed,2025-10-11,Kavindu Fernando
SH-004943,SR-25-01200,Submitted,Approved,2025-10-12,Ashen Rathnayake
SH-004944,SR-25-01200,Approved,In Progress,2025-10-14,Ashen Rathnayake
SH-004945,SR-25-01200,In Progress,QC,2025-10-15,Ashen Rathnayake
SH-004946,SR-25-01200,QC,Completed,2025-10-17,Ashen Rathnayake
SH-004947,SR-25-01201,Submitted,Approved,2025-10-12,Hiruni Gunasekara
SH-004948,SR-25-01201,Approved,In Progress,2025-10-14,Hiruni Gunasekara
SH-004949,SR-25-01201,In Progress,QC,2025-10-15,Hiruni Gunasekara
SH-004950,SR-25-01201,QC,Completed,2025-10-17,Hiruni Gunasekara
SH-004951,SR-25-01202,Submitted,Approved,2025-10-11,Kavindu Fernando
SH-004952,SR-25-01202,Approved,In Progress,2025-10-12,Kavindu Fernando
SH-004953,SR-25-01202,In Progress,QC,2025-10-14,Kavindu Fernando
SH-004954,SR-25-01202,QC,Completed,2025-10-15,Kavindu Fernando
SH-004955,SR-25-01203,Submitted,Approved,2025-10-10,Dulani Jayasuriya
SH-004956,SR-25-01203,Approved,In Progress,2025-10-11,Dulani Jayasuriya
SH-004957,SR-25-01203,In Progress,QC,2025-10-12,Dulani Jayasuriya
SH-004958,SR-25-01203,QC,Completed,2025-10-12,Dulani Jayasuriya
SH-004959,SR-25-01204,Submitted,Approved,2025-10-10,Hiruni Gunasekara
SH-004960,SR-25-01204,Approved,In Progress,2025-10-11,Hiruni Gunasekara
SH-004961,SR-25-01204,In Progress,QC,2025-10-12,Hiruni Gunasekara
SH-004962,SR-25-01204,QC,Completed,2025-10-12,Hiruni Gunasekara
SH-004963,SR-25-01205,Submitted,Approved,2025-10-10,Kavindu Fernando
SH-004964,SR-25-01205,Approved,In Progress,2025-10-11,Kavindu Fernando
SH-004965,SR-25-01205,In Progress,QC,2025-10-12,Kavindu Fernando
SH-004966,SR-25-01205,QC,Completed,2025-10-12,Kavindu Fernando
SH-004967,SR-25-01206,Submitted,Approved,2025-10-11,Sachini Silva
SH-004968,SR-25-01206,Approved,In Progress,2025-10-11,Sachini Silva
SH-004969,SR-25-01206,In Progress,QC,2025-10-12,Sachini Silva
SH-004970,SR-25-01206,QC,Completed,2025-10-12,Sachini Silva
SH-004971,SR-25-01207,Submitted,Approved,2025-10-13,Hiruni Gunasekara
SH-004972,SR-25-01207,Approved,In Progress,2025-10-14,Hiruni Gunasekara
SH-004973,SR-25-01207,In Progress,QC,2025-10-15,Hiruni Gunasekara
SH-004974,SR-25-01207,QC,Completed,2025-10-17,Hiruni Gunasekara
SH-004975,SR-25-01208,Submitted,Approved,2025-10-12,Nethmi Perera
SH-004976,SR-25-01208,Approved,In Progress,2025-10-13,Nethmi Perera
SH-004977,SR-25-01208,In Progress,QC,2025-10-13,Nethmi Perera
SH-004978,SR-25-01208,QC,Completed,2025-10-14,Nethmi Perera
SH-004979,SR-25-01209,Submitted,Approved,2025-10-13,Kavindu Fernando
SH-004980,SR-25-01209,Approved,In Progress,2025-10-13,Kavindu Fernando
SH-004981,SR-25-01209,In Progress,QC,2025-10-14,Kavindu Fernando
SH-004982,SR-25-01209,QC,Completed,2025-10-14,Kavindu Fernando
SH-004983,SR-25-01210,Submitted,Approved,2025-10-15,Hiruni Gunasekara
SH-004984,SR-25-01210,Approved,In Progress,2025-10-16,Hiruni Gunasekara
SH-004985,SR-25-01210,In Progress,QC,2025-10-17,Hiruni Gunasekara
SH-004986,SR-25-01210,QC,Rework,2025-10-19,Hiruni Gunasekara
SH-004987,SR-25-01210,Rework,QC,2025-10-21,Hiruni Gunasekara
SH-004988,SR-25-01210,QC,Completed,2025-10-22,Hiruni Gunasekara
SH-004989,SR-25-01211,Submitted,Approved,2025-10-14,Kavindu Fernando
SH-004990,SR-25-01211,Approved,In Progress,2025-10-15,Kavindu Fernando
SH-004991,SR-25-01211,In Progress,QC,2025-10-15,Kavindu Fernando
SH-004992,SR-25-01211,QC,Completed,2025-10-16,Kavindu Fernando
SH-004993,SR-25-01212,Submitted,Approved,2025-10-15,Hiruni Gunasekara
SH-004994,SR-25-01212,Approved,In Progress,2025-10-16,Hiruni Gunasekara
SH-004995,SR-25-01212,In Progress,QC,2025-10-18,Hiruni Gunasekara
SH-004996,SR-25-01212,QC,Completed,2025-10-19,Hiruni Gunasekara
SH-004997,SR-25-01213,Submitted,Approved,2025-10-15,Sachini Silva
SH-004998,SR-25-01213,Approved,In Progress,2025-10-16,Sachini Silva
SH-004999,SR-25-01213,In Progress,QC,2025-10-18,Sachini Silva
SH-005000,SR-25-01213,QC,Completed,2025-10-19,Sachini Silva
SH-005001,SR-25-01214,Submitted,Approved,2025-10-15,Kavindu Fernando
SH-005002,SR-25-01214,Approved,In Progress,2025-10-16,Kavindu Fernando
SH-005003,SR-25-01214,In Progress,QC,2025-10-18,Kavindu Fernando
SH-005004,SR-25-01214,QC,Completed,2025-10-19,Kavindu Fernando
SH-005005,SR-25-01215,Submitted,Approved,2025-10-16,Kavindu Fernando
SH-005006,SR-25-01215,Approved,In Progress,2025-10-18,Kavindu Fernando
SH-005007,SR-25-01215,In Progress,QC,2025-10-19,Kavindu Fernando
SH-005008,SR-25-01215,QC,Completed,2025-10-21,Kavindu Fernando
SH-005009,SR-25-01216,Submitted,Approved,2025-10-17,Nethmi Perera
SH-005010,SR-25-01216,Approved,In Progress,2025-10-19,Nethmi Perera
SH-005011,SR-25-01216,In Progress,QC,2025-10-21,Nethmi Perera
SH-005012,SR-25-01216,QC,Completed,2025-10-23,Nethmi Perera
SH-005013,SR-25-01217,Submitted,Approved,2025-10-15,Kavindu Fernando
SH-005014,SR-25-01217,Approved,In Progress,2025-10-15,Kavindu Fernando
SH-005015,SR-25-01217,In Progress,QC,2025-10-16,Kavindu Fernando
SH-005016,SR-25-01217,QC,Completed,2025-10-16,Kavindu Fernando
SH-005017,SR-25-01218,Submitted,Approved,2025-10-17,Kavindu Fernando
SH-005018,SR-25-01218,Approved,In Progress,2025-10-18,Kavindu Fernando
SH-005019,SR-25-01218,In Progress,QC,2025-10-19,Kavindu Fernando
SH-005020,SR-25-01218,QC,Completed,2025-10-21,Kavindu Fernando
SH-005021,SR-25-01219,Submitted,Approved,2025-10-17,Ashen Rathnayake
SH-005022,SR-25-01219,Approved,In Progress,2025-10-19,Ashen Rathnayake
SH-005023,SR-25-01219,In Progress,QC,2025-10-21,Ashen Rathnayake
SH-005024,SR-25-01219,QC,Completed,2025-10-23,Ashen Rathnayake
SH-005025,SR-25-01220,Submitted,Approved,2025-10-16,Sachini Silva
SH-005026,SR-25-01220,Approved,In Progress,2025-10-17,Sachini Silva
SH-005027,SR-25-01220,In Progress,QC,2025-10-17,Sachini Silva
SH-005028,SR-25-01220,QC,Completed,2025-10-18,Sachini Silva
SH-005029,SR-25-01221,Submitted,Approved,2025-10-17,Nethmi Perera
SH-005030,SR-25-01221,Approved,In Progress,2025-10-18,Nethmi Perera
SH-005031,SR-25-01221,In Progress,QC,2025-10-18,Nethmi Perera
SH-005032,SR-25-01221,QC,Completed,2025-10-19,Nethmi Perera
SH-005033,SR-25-01222,Submitted,Approved,2025-10-17,Hiruni Gunasekara
SH-005034,SR-25-01222,Approved,In Progress,2025-10-18,Hiruni Gunasekara
SH-005035,SR-25-01222,In Progress,QC,2025-10-19,Hiruni Gunasekara
SH-005036,SR-25-01222,QC,Completed,2025-10-20,Hiruni Gunasekara
SH-005037,SR-25-01223,Submitted,Approved,2025-10-18,Ashen Rathnayake
SH-005038,SR-25-01223,Approved,In Progress,2025-10-19,Ashen Rathnayake
SH-005039,SR-25-01223,In Progress,QC,2025-10-20,Ashen Rathnayake
SH-005040,SR-25-01223,QC,Completed,2025-10-22,Ashen Rathnayake
SH-005041,SR-25-01224,Submitted,Approved,2025-10-18,Nethmi Perera
SH-005042,SR-25-01224,Approved,In Progress,2025-10-19,Nethmi Perera
SH-005043,SR-25-01224,In Progress,QC,2025-10-20,Nethmi Perera
SH-005044,SR-25-01224,QC,Rework,2025-10-22,Nethmi Perera
SH-005045,SR-25-01224,Rework,QC,2025-10-24,Nethmi Perera
SH-005046,SR-25-01224,QC,Completed,2025-10-25,Nethmi Perera
SH-005047,SR-25-01225,Submitted,Approved,2025-10-16,Ashen Rathnayake
SH-005048,SR-25-01225,Approved,In Progress,2025-10-17,Ashen Rathnayake
SH-005049,SR-25-01225,In Progress,QC,2025-10-18,Ashen Rathnayake
SH-005050,SR-25-01225,QC,Completed,2025-10-18,Ashen Rathnayake
SH-005051,SR-25-01226,Submitted,Approved,2025-10-18,Hiruni Gunasekara
SH-005052,SR-25-01226,Approved,In Progress,2025-10-20,Hiruni Gunasekara
SH-005053,SR-25-01226,In Progress,QC,2025-10-21,Hiruni Gunasekara
SH-005054,SR-25-01226,QC,Completed,2025-10-23,Hiruni Gunasekara
SH-005055,SR-25-01227,Submitted,Approved,2025-10-18,Kavindu Fernando
SH-005056,SR-25-01227,Approved,In Progress,2025-10-19,Kavindu Fernando
SH-005057,SR-25-01227,In Progress,QC,2025-10-19,Kavindu Fernando
SH-005058,SR-25-01227,QC,Completed,2025-10-20,Kavindu Fernando
SH-005059,SR-25-01228,Submitted,Approved,2025-10-19,Nethmi Perera
SH-005060,SR-25-01228,Approved,In Progress,2025-10-21,Nethmi Perera
SH-005061,SR-25-01228,In Progress,QC,2025-10-23,Nethmi Perera
SH-005062,SR-25-01228,QC,Completed,2025-10-25,Nethmi Perera
SH-005063,SR-25-01229,Submitted,Approved,2025-10-20,Ashen Rathnayake
SH-005064,SR-25-01229,Approved,In Progress,2025-10-22,Ashen Rathnayake
SH-005065,SR-25-01229,In Progress,QC,2025-10-23,Ashen Rathnayake
SH-005066,SR-25-01229,QC,Completed,2025-10-25,Ashen Rathnayake
SH-005067,SR-25-01230,Submitted,Approved,2025-10-20,Sachini Silva
SH-005068,SR-25-01230,Approved,In Progress,2025-10-21,Sachini Silva
SH-005069,SR-25-01230,In Progress,QC,2025-10-22,Sachini Silva
SH-005070,SR-25-01230,QC,Completed,2025-10-24,Sachini Silva
SH-005071,SR-25-01231,Submitted,Approved,2025-10-18,Sachini Silva
SH-005072,SR-25-01231,Approved,In Progress,2025-10-18,Sachini Silva
SH-005073,SR-25-01231,In Progress,QC,2025-10-19,Sachini Silva
SH-005074,SR-25-01231,QC,Completed,2025-10-19,Sachini Silva
SH-005075,SR-25-01232,Submitted,Approved,2025-10-19,Sachini Silva
SH-005076,SR-25-01232,Approved,In Progress,2025-10-20,Sachini Silva
SH-005077,SR-25-01232,In Progress,QC,2025-10-21,Sachini Silva
SH-005078,SR-25-01232,QC,Completed,2025-10-22,Sachini Silva
SH-005079,SR-25-01233,Submitted,Approved,2025-10-22,Ashen Rathnayake
SH-005080,SR-25-01233,Approved,In Progress,2025-10-23,Ashen Rathnayake
SH-005081,SR-25-01233,In Progress,QC,2025-10-24,Ashen Rathnayake
SH-005082,SR-25-01233,QC,Completed,2025-10-26,Ashen Rathnayake
SH-005083,SR-25-01234,Submitted,Approved,2025-10-21,Nethmi Perera
SH-005084,SR-25-01234,Approved,In Progress,2025-10-22,Nethmi Perera
SH-005085,SR-25-01234,In Progress,QC,2025-10-24,Nethmi Perera
SH-005086,SR-25-01234,QC,Completed,2025-10-25,Nethmi Perera
SH-005087,SR-25-01235,Submitted,Approved,2025-10-20,Hiruni Gunasekara
SH-005088,SR-25-01235,Approved,In Progress,2025-10-20,Hiruni Gunasekara
SH-005089,SR-25-01235,In Progress,QC,2025-10-21,Hiruni Gunasekara
SH-005090,SR-25-01235,QC,Completed,2025-10-21,Hiruni Gunasekara
SH-005091,SR-25-01236,Submitted,Approved,2025-10-22,Nethmi Perera
SH-005092,SR-25-01236,Approved,In Progress,2025-10-23,Nethmi Perera
SH-005093,SR-25-01236,In Progress,QC,2025-10-24,Nethmi Perera
SH-005094,SR-25-01236,QC,Completed,2025-10-25,Nethmi Perera
SH-005095,SR-25-01237,Submitted,Approved,2025-10-23,Sachini Silva
SH-005096,SR-25-01237,Approved,In Progress,2025-10-24,Sachini Silva
SH-005097,SR-25-01237,In Progress,QC,2025-10-24,Sachini Silva
SH-005098,SR-25-01237,QC,Completed,2025-10-25,Sachini Silva
SH-005099,SR-25-01238,Submitted,Approved,2025-10-22,Nethmi Perera
SH-005100,SR-25-01238,Approved,In Progress,2025-10-22,Nethmi Perera
SH-005101,SR-25-01238,In Progress,QC,2025-10-23,Nethmi Perera
SH-005102,SR-25-01238,QC,Completed,2025-10-23,Nethmi Perera
SH-005103,SR-25-01239,Submitted,Approved,2025-10-22,Kavindu Fernando
SH-005104,SR-25-01239,Approved,In Progress,2025-10-23,Kavindu Fernando
SH-005105,SR-25-01239,In Progress,QC,2025-10-24,Kavindu Fernando
SH-005106,SR-25-01239,QC,Completed,2025-10-24,Kavindu Fernando
SH-005107,SR-25-01240,Submitted,Approved,2025-10-24,Dulani Jayasuriya
SH-005108,SR-25-01240,Approved,In Progress,2025-10-25,Dulani Jayasuriya
SH-005109,SR-25-01240,In Progress,QC,2025-10-25,Dulani Jayasuriya
SH-005110,SR-25-01240,QC,Completed,2025-10-26,Dulani Jayasuriya
SH-005111,SR-25-01241,Submitted,Approved,2025-10-25,Sachini Silva
SH-005112,SR-25-01241,Approved,In Progress,2025-10-26,Sachini Silva
SH-005113,SR-25-01241,In Progress,QC,2025-10-27,Sachini Silva
SH-005114,SR-25-01241,QC,Rework,2025-10-28,Sachini Silva
SH-005115,SR-25-01241,Rework,QC,2025-10-29,Sachini Silva
SH-005116,SR-25-01241,QC,Completed,2025-10-30,Sachini Silva
SH-005117,SR-25-01242,Submitted,Approved,2025-10-25,Ashen Rathnayake
SH-005118,SR-25-01242,Approved,In Progress,2025-10-26,Ashen Rathnayake
SH-005119,SR-25-01242,In Progress,QC,2025-10-27,Ashen Rathnayake
SH-005120,SR-25-01242,QC,Completed,2025-10-28,Ashen Rathnayake
SH-005121,SR-25-01243,Submitted,Approved,2025-10-26,Ashen Rathnayake
SH-005122,SR-25-01243,Approved,In Progress,2025-10-28,Ashen Rathnayake
SH-005123,SR-25-01243,In Progress,QC,2025-10-30,Ashen Rathnayake
SH-005124,SR-25-01243,QC,Completed,2025-11-01,Ashen Rathnayake
SH-005125,SR-25-01244,Submitted,Approved,2025-10-26,Dulani Jayasuriya
SH-005126,SR-25-01244,Approved,In Progress,2025-10-27,Dulani Jayasuriya
SH-005127,SR-25-01244,In Progress,QC,2025-10-28,Dulani Jayasuriya
SH-005128,SR-25-01244,QC,Completed,2025-10-29,Dulani Jayasuriya
SH-005129,SR-25-01245,Submitted,Approved,2025-10-27,Nethmi Perera
SH-005130,SR-25-01245,Approved,In Progress,2025-10-29,Nethmi Perera
SH-005131,SR-25-01245,In Progress,QC,2025-10-31,Nethmi Perera
SH-005132,SR-25-01245,QC,Completed,2025-11-02,Nethmi Perera
SH-005133,SR-25-01246,Submitted,Approved,2025-10-25,Sachini Silva
SH-005134,SR-25-01246,Approved,In Progress,2025-10-25,Sachini Silva
SH-005135,SR-25-01246,In Progress,QC,2025-10-26,Sachini Silva
SH-005136,SR-25-01246,QC,Completed,2025-10-26,Sachini Silva
SH-005137,SR-25-01247,Submitted,Approved,2025-10-26,Dulani Jayasuriya
SH-005138,SR-25-01247,Approved,In Progress,2025-10-27,Dulani Jayasuriya
SH-005139,SR-25-01247,In Progress,QC,2025-10-28,Dulani Jayasuriya
SH-005140,SR-25-01247,QC,Completed,2025-10-29,Dulani Jayasuriya
SH-005141,SR-25-01248,Submitted,Approved,2025-10-25,Kavindu Fernando
SH-005142,SR-25-01248,Approved,In Progress,2025-10-26,Kavindu Fernando
SH-005143,SR-25-01248,In Progress,QC,2025-10-27,Kavindu Fernando
SH-005144,SR-25-01248,QC,Completed,2025-10-27,Kavindu Fernando
SH-005145,SR-25-01249,Submitted,Approved,2025-10-26,Hiruni Gunasekara
SH-005146,SR-25-01249,Approved,In Progress,2025-10-27,Hiruni Gunasekara
SH-005147,SR-25-01249,In Progress,QC,2025-10-28,Hiruni Gunasekara
SH-005148,SR-25-01249,QC,Completed,2025-10-29,Hiruni Gunasekara
SH-005149,SR-25-01250,Submitted,Approved,2025-10-28,Sachini Silva
SH-005150,SR-25-01250,Approved,In Progress,2025-10-29,Sachini Silva
SH-005151,SR-25-01250,In Progress,QC,2025-10-29,Sachini Silva
SH-005152,SR-25-01250,QC,Completed,2025-10-30,Sachini Silva
SH-005153,SR-25-01251,Submitted,Approved,2025-10-29,Kavindu Fernando
SH-005154,SR-25-01251,Approved,In Progress,2025-10-30,Kavindu Fernando
SH-005155,SR-25-01251,In Progress,QC,2025-10-31,Kavindu Fernando
SH-005156,SR-25-01251,QC,Completed,2025-11-01,Kavindu Fernando
SH-005157,SR-25-01252,Submitted,Approved,2025-10-29,Sachini Silva
SH-005158,SR-25-01252,Approved,In Progress,2025-10-30,Sachini Silva
SH-005159,SR-25-01252,In Progress,QC,2025-10-31,Sachini Silva
SH-005160,SR-25-01252,QC,Completed,2025-11-01,Sachini Silva
SH-005161,SR-25-01253,Submitted,Approved,2025-10-30,Kavindu Fernando
SH-005162,SR-25-01253,Approved,In Progress,2025-11-01,Kavindu Fernando
SH-005163,SR-25-01253,In Progress,QC,2025-11-02,Kavindu Fernando
SH-005164,SR-25-01253,QC,Completed,2025-11-04,Kavindu Fernando
SH-005165,SR-25-01254,Submitted,Approved,2025-10-29,Dulani Jayasuriya
SH-005166,SR-25-01254,Approved,In Progress,2025-10-30,Dulani Jayasuriya
SH-005167,SR-25-01254,In Progress,QC,2025-10-31,Dulani Jayasuriya
SH-005168,SR-25-01254,QC,Completed,2025-11-01,Dulani Jayasuriya
SH-005169,SR-25-01255,Submitted,Approved,2025-10-31,Ashen Rathnayake
SH-005170,SR-25-01255,Approved,In Progress,2025-11-01,Ashen Rathnayake
SH-005171,SR-25-01255,In Progress,QC,2025-11-02,Ashen Rathnayake
SH-005172,SR-25-01255,QC,Completed,2025-11-04,Ashen Rathnayake
SH-005173,SR-25-01256,Submitted,Approved,2025-10-29,Sachini Silva
SH-005174,SR-25-01256,Approved,In Progress,2025-10-29,Sachini Silva
SH-005175,SR-25-01256,In Progress,QC,2025-10-30,Sachini Silva
SH-005176,SR-25-01256,QC,Completed,2025-10-30,Sachini Silva
SH-005177,SR-25-01257,Submitted,Approved,2025-11-01,Nethmi Perera
SH-005178,SR-25-01257,Approved,In Progress,2025-11-04,Nethmi Perera
SH-005179,SR-25-01257,In Progress,QC,2025-11-06,Nethmi Perera
SH-005180,SR-25-01257,QC,Completed,2025-11-09,Nethmi Perera
SH-005181,SR-25-01258,Submitted,Approved,2025-10-30,Hiruni Gunasekara
SH-005182,SR-25-01258,Approved,In Progress,2025-10-31,Hiruni Gunasekara
SH-005183,SR-25-01258,In Progress,QC,2025-11-02,Hiruni Gunasekara
SH-005184,SR-25-01258,QC,Completed,2025-11-03,Hiruni Gunasekara
SH-005185,SR-25-01259,Submitted,Approved,2025-10-31,Ashen Rathnayake
SH-005186,SR-25-01259,Approved,In Progress,2025-11-02,Ashen Rathnayake
SH-005187,SR-25-01259,In Progress,QC,2025-11-05,Ashen Rathnayake
SH-005188,SR-25-01259,QC,Completed,2025-11-07,Ashen Rathnayake
SH-005189,SR-25-01260,Submitted,Approved,2025-10-31,Kavindu Fernando
SH-005190,SR-25-01260,Approved,In Progress,2025-11-01,Kavindu Fernando
SH-005191,SR-25-01260,In Progress,QC,2025-11-03,Kavindu Fernando
SH-005192,SR-25-01260,QC,Completed,2025-11-04,Kavindu Fernando
SH-005193,SR-25-01261,Submitted,Approved,2025-10-31,Ashen Rathnayake
SH-005194,SR-25-01261,Approved,In Progress,2025-11-01,Ashen Rathnayake
SH-005195,SR-25-01261,In Progress,QC,2025-11-01,Ashen Rathnayake
SH-005196,SR-25-01261,QC,Completed,2025-11-02,Ashen Rathnayake
SH-005197,SR-25-01262,Submitted,Approved,2025-10-31,Hiruni Gunasekara
SH-005198,SR-25-01262,Approved,In Progress,2025-11-01,Hiruni Gunasekara
SH-005199,SR-25-01262,In Progress,QC,2025-11-02,Hiruni Gunasekara
SH-005200,SR-25-01262,QC,Completed,2025-11-03,Hiruni Gunasekara
SH-005201,SR-25-01263,Submitted,Approved,2025-11-01,Kavindu Fernando
SH-005202,SR-25-01263,Approved,In Progress,2025-11-02,Kavindu Fernando
SH-005203,SR-25-01263,In Progress,QC,2025-11-03,Kavindu Fernando
SH-005204,SR-25-01263,QC,Completed,2025-11-05,Kavindu Fernando
SH-005205,SR-25-01264,Submitted,Approved,2025-10-31,Ashen Rathnayake
SH-005206,SR-25-01264,Approved,In Progress,2025-11-01,Ashen Rathnayake
SH-005207,SR-25-01264,In Progress,QC,2025-11-03,Ashen Rathnayake
SH-005208,SR-25-01264,QC,Completed,2025-11-04,Ashen Rathnayake
SH-005209,SR-25-01265,Submitted,Approved,2025-10-30,Ashen Rathnayake
SH-005210,SR-25-01265,Approved,In Progress,2025-10-30,Ashen Rathnayake
SH-005211,SR-25-01265,In Progress,QC,2025-10-31,Ashen Rathnayake
SH-005212,SR-25-01265,QC,Completed,2025-10-31,Ashen Rathnayake
SH-005213,SR-25-01266,Submitted,Approved,2025-10-31,Ashen Rathnayake
SH-005214,SR-25-01266,Approved,In Progress,2025-11-01,Ashen Rathnayake
SH-005215,SR-25-01266,In Progress,QC,2025-11-02,Ashen Rathnayake
SH-005216,SR-25-01266,QC,Completed,2025-11-03,Ashen Rathnayake
SH-005217,SR-25-01267,Submitted,Approved,2025-11-01,Ashen Rathnayake
SH-005218,SR-25-01267,Approved,In Progress,2025-11-03,Ashen Rathnayake
SH-005219,SR-25-01267,In Progress,QC,2025-11-04,Ashen Rathnayake
SH-005220,SR-25-01267,QC,Completed,2025-11-06,Ashen Rathnayake
SH-005221,SR-25-01268,Submitted,Approved,2025-10-30,Dulani Jayasuriya
SH-005222,SR-25-01268,Approved,In Progress,2025-10-30,Dulani Jayasuriya
SH-005223,SR-25-01268,In Progress,QC,2025-10-31,Dulani Jayasuriya
SH-005224,SR-25-01268,QC,Completed,2025-10-31,Dulani Jayasuriya
SH-005225,SR-25-01269,Submitted,Approved,2025-11-01,Hiruni Gunasekara
SH-005226,SR-25-01269,Approved,In Progress,2025-11-02,Hiruni Gunasekara
SH-005227,SR-25-01269,In Progress,QC,2025-11-04,Hiruni Gunasekara
SH-005228,SR-25-01269,QC,Completed,2025-11-05,Hiruni Gunasekara
SH-005229,SR-25-01270,Submitted,Approved,2025-11-01,Ashen Rathnayake
SH-005230,SR-25-01270,Approved,In Progress,2025-11-02,Ashen Rathnayake
SH-005231,SR-25-01270,In Progress,QC,2025-11-03,Ashen Rathnayake
SH-005232,SR-25-01270,QC,Completed,2025-11-04,Ashen Rathnayake
SH-005233,SR-25-01271,Submitted,Approved,2025-11-03,Sachini Silva
SH-005234,SR-25-01271,Approved,In Progress,2025-11-04,Sachini Silva
SH-005235,SR-25-01271,In Progress,QC,2025-11-05,Sachini Silva
SH-005236,SR-25-01271,QC,Completed,2025-11-07,Sachini Silva
SH-005237,SR-25-01272,Submitted,Approved,2025-11-03,Dulani Jayasuriya
SH-005238,SR-25-01272,Approved,In Progress,2025-11-04,Dulani Jayasuriya
SH-005239,SR-25-01272,In Progress,QC,2025-11-05,Dulani Jayasuriya
SH-005240,SR-25-01272,QC,Completed,2025-11-05,Dulani Jayasuriya
SH-005241,SR-25-01273,Submitted,Approved,2025-11-05,Nethmi Perera
SH-005242,SR-25-01273,Approved,In Progress,2025-11-07,Nethmi Perera
SH-005243,SR-25-01273,In Progress,QC,2025-11-08,Nethmi Perera
SH-005244,SR-25-01273,QC,Completed,2025-11-10,Nethmi Perera
SH-005245,SR-25-01274,Submitted,Approved,2025-11-06,Sachini Silva
SH-005246,SR-25-01274,Approved,In Progress,2025-11-08,Sachini Silva
SH-005247,SR-25-01274,In Progress,QC,2025-11-09,Sachini Silva
SH-005248,SR-25-01274,QC,Completed,2025-11-11,Sachini Silva
SH-005249,SR-25-01275,Submitted,Approved,2025-11-04,Nethmi Perera
SH-005250,SR-25-01275,Approved,In Progress,2025-11-05,Nethmi Perera
SH-005251,SR-25-01275,In Progress,QC,2025-11-06,Nethmi Perera
SH-005252,SR-25-01275,QC,Completed,2025-11-06,Nethmi Perera
SH-005253,SR-25-01276,Submitted,Approved,2025-11-05,Sachini Silva
SH-005254,SR-25-01276,Approved,In Progress,2025-11-06,Sachini Silva
SH-005255,SR-25-01276,In Progress,QC,2025-11-06,Sachini Silva
SH-005256,SR-25-01276,QC,Completed,2025-11-07,Sachini Silva
SH-005257,SR-25-01277,Submitted,Approved,2025-11-04,Dulani Jayasuriya
SH-005258,SR-25-01277,Approved,In Progress,2025-11-05,Dulani Jayasuriya
SH-005259,SR-25-01277,In Progress,QC,2025-11-06,Dulani Jayasuriya
SH-005260,SR-25-01277,QC,Completed,2025-11-06,Dulani Jayasuriya
SH-005261,SR-25-01278,Submitted,Approved,2025-11-05,Sachini Silva
SH-005262,SR-25-01278,Approved,In Progress,2025-11-06,Sachini Silva
SH-005263,SR-25-01278,In Progress,QC,2025-11-08,Sachini Silva
SH-005264,SR-25-01278,QC,Completed,2025-11-09,Sachini Silva
SH-005265,SR-25-01279,Submitted,Approved,2025-11-06,Ashen Rathnayake
SH-005266,SR-25-01279,Approved,In Progress,2025-11-07,Ashen Rathnayake
SH-005267,SR-25-01279,In Progress,QC,2025-11-08,Ashen Rathnayake
SH-005268,SR-25-01279,QC,Completed,2025-11-09,Ashen Rathnayake
SH-005269,SR-25-01280,Submitted,Approved,2025-11-06,Hiruni Gunasekara
SH-005270,SR-25-01280,Approved,In Progress,2025-11-07,Hiruni Gunasekara
SH-005271,SR-25-01280,In Progress,QC,2025-11-07,Hiruni Gunasekara
SH-005272,SR-25-01280,QC,Completed,2025-11-08,Hiruni Gunasekara
SH-005273,SR-25-01281,Submitted,Approved,2025-11-06,Sachini Silva
SH-005274,SR-25-01281,Approved,In Progress,2025-11-07,Sachini Silva
SH-005275,SR-25-01281,In Progress,QC,2025-11-09,Sachini Silva
SH-005276,SR-25-01281,QC,Completed,2025-11-10,Sachini Silva
SH-005277,SR-25-01282,Submitted,Approved,2025-11-08,Ashen Rathnayake
SH-005278,SR-25-01282,Approved,In Progress,2025-11-10,Ashen Rathnayake
SH-005279,SR-25-01282,In Progress,QC,2025-11-12,Ashen Rathnayake
SH-005280,SR-25-01282,QC,Completed,2025-11-14,Ashen Rathnayake
SH-005281,SR-25-01283,Submitted,Approved,2025-11-08,Nethmi Perera
SH-005282,SR-25-01283,Approved,In Progress,2025-11-10,Nethmi Perera
SH-005283,SR-25-01283,In Progress,QC,2025-11-13,Nethmi Perera
SH-005284,SR-25-01283,QC,Completed,2025-11-15,Nethmi Perera
SH-005285,SR-25-01284,Submitted,Approved,2025-11-07,Kavindu Fernando
SH-005286,SR-25-01284,Approved,In Progress,2025-11-08,Kavindu Fernando
SH-005287,SR-25-01284,In Progress,QC,2025-11-10,Kavindu Fernando
SH-005288,SR-25-01284,QC,Completed,2025-11-11,Kavindu Fernando
SH-005289,SR-25-01285,Submitted,Approved,2025-11-07,Sachini Silva
SH-005290,SR-25-01285,Approved,In Progress,2025-11-08,Sachini Silva
SH-005291,SR-25-01285,In Progress,QC,2025-11-08,Sachini Silva
SH-005292,SR-25-01285,QC,Completed,2025-11-09,Sachini Silva
SH-005293,SR-25-01286,Submitted,Approved,2025-11-06,Nethmi Perera
SH-005294,SR-25-01286,Approved,In Progress,2025-11-06,Nethmi Perera
SH-005295,SR-25-01286,In Progress,QC,2025-11-07,Nethmi Perera
SH-005296,SR-25-01286,QC,Completed,2025-11-07,Nethmi Perera
SH-005297,SR-25-01287,Submitted,Approved,2025-11-07,Sachini Silva
SH-005298,SR-25-01287,Approved,In Progress,2025-11-08,Sachini Silva
SH-005299,SR-25-01287,In Progress,QC,2025-11-09,Sachini Silva
SH-005300,SR-25-01287,QC,Completed,2025-11-09,Sachini Silva
SH-005301,SR-25-01288,Submitted,Approved,2025-11-09,Sachini Silva
SH-005302,SR-25-01288,Approved,In Progress,2025-11-10,Sachini Silva
SH-005303,SR-25-01288,In Progress,QC,2025-11-11,Sachini Silva
SH-005304,SR-25-01288,QC,Completed,2025-11-13,Sachini Silva
SH-005305,SR-25-01289,Submitted,Approved,2025-11-08,Nethmi Perera
SH-005306,SR-25-01289,Approved,In Progress,2025-11-09,Nethmi Perera
SH-005307,SR-25-01289,In Progress,QC,2025-11-09,Nethmi Perera
SH-005308,SR-25-01289,QC,Rework,2025-11-10,Nethmi Perera
SH-005309,SR-25-01289,Rework,QC,2025-11-11,Nethmi Perera
SH-005310,SR-25-01289,QC,Completed,2025-11-12,Nethmi Perera
SH-005311,SR-25-01290,Submitted,Approved,2025-11-08,Nethmi Perera
SH-005312,SR-25-01290,Approved,In Progress,2025-11-09,Nethmi Perera
SH-005313,SR-25-01290,In Progress,QC,2025-11-09,Nethmi Perera
SH-005314,SR-25-01290,QC,Completed,2025-11-10,Nethmi Perera
SH-005315,SR-25-01291,Submitted,Approved,2025-11-09,Ashen Rathnayake
SH-005316,SR-25-01291,Approved,In Progress,2025-11-10,Ashen Rathnayake
SH-005317,SR-25-01291,In Progress,QC,2025-11-11,Ashen Rathnayake
SH-005318,SR-25-01291,QC,Completed,2025-11-13,Ashen Rathnayake
SH-005319,SR-25-01292,Submitted,Approved,2025-11-09,Nethmi Perera
SH-005320,SR-25-01292,Approved,In Progress,2025-11-10,Nethmi Perera
SH-005321,SR-25-01292,In Progress,QC,2025-11-11,Nethmi Perera
SH-005322,SR-25-01292,QC,Completed,2025-11-13,Nethmi Perera
SH-005323,SR-25-01293,Submitted,Approved,2025-11-10,Dulani Jayasuriya
SH-005324,SR-25-01293,Approved,In Progress,2025-11-12,Dulani Jayasuriya
SH-005325,SR-25-01293,In Progress,QC,2025-11-15,Dulani Jayasuriya
SH-005326,SR-25-01293,QC,Completed,2025-11-17,Dulani Jayasuriya
SH-005327,SR-25-01294,Submitted,Approved,2025-11-09,Hiruni Gunasekara
SH-005328,SR-25-01294,Approved,In Progress,2025-11-10,Hiruni Gunasekara
SH-005329,SR-25-01294,In Progress,QC,2025-11-12,Hiruni Gunasekara
SH-005330,SR-25-01294,QC,Completed,2025-11-13,Hiruni Gunasekara
SH-005331,SR-25-01295,Submitted,Approved,2025-11-10,Dulani Jayasuriya
SH-005332,SR-25-01295,Approved,In Progress,2025-11-11,Dulani Jayasuriya
SH-005333,SR-25-01295,In Progress,QC,2025-11-12,Dulani Jayasuriya
SH-005334,SR-25-01295,QC,Completed,2025-11-14,Dulani Jayasuriya
SH-005335,SR-25-01296,Submitted,Approved,2025-11-10,Sachini Silva
SH-005336,SR-25-01296,Approved,In Progress,2025-11-11,Sachini Silva
SH-005337,SR-25-01296,In Progress,QC,2025-11-12,Sachini Silva
SH-005338,SR-25-01296,QC,Completed,2025-11-12,Sachini Silva
SH-005339,SR-25-01297,Submitted,Approved,2025-11-11,Ashen Rathnayake
SH-005340,SR-25-01297,Approved,In Progress,2025-11-12,Ashen Rathnayake
SH-005341,SR-25-01297,In Progress,QC,2025-11-14,Ashen Rathnayake
SH-005342,SR-25-01297,QC,Completed,2025-11-15,Ashen Rathnayake
SH-005343,SR-25-01298,Submitted,Approved,2025-11-12,Hiruni Gunasekara
SH-005344,SR-25-01298,Approved,In Progress,2025-11-13,Hiruni Gunasekara
SH-005345,SR-25-01298,In Progress,QC,2025-11-14,Hiruni Gunasekara
SH-005346,SR-25-01298,QC,Completed,2025-11-16,Hiruni Gunasekara
SH-005347,SR-25-01299,Submitted,Approved,2025-11-12,Nethmi Perera
SH-005348,SR-25-01299,Approved,In Progress,2025-11-14,Nethmi Perera
SH-005349,SR-25-01299,In Progress,QC,2025-11-16,Nethmi Perera
SH-005350,SR-25-01299,QC,Completed,2025-11-18,Nethmi Perera
SH-005351,SR-25-01300,Submitted,Approved,2025-11-11,Dulani Jayasuriya
SH-005352,SR-25-01300,Approved,In Progress,2025-11-12,Dulani Jayasuriya
SH-005353,SR-25-01300,In Progress,QC,2025-11-13,Dulani Jayasuriya
SH-005354,SR-25-01300,QC,Completed,2025-11-13,Dulani Jayasuriya
SH-005355,SR-25-01301,Submitted,Approved,2025-11-13,Sachini Silva
SH-005356,SR-25-01301,Approved,In Progress,2025-11-15,Sachini Silva
SH-005357,SR-25-01301,In Progress,QC,2025-11-18,Sachini Silva
SH-005358,SR-25-01301,QC,Completed,2025-11-20,Sachini Silva
SH-005359,SR-25-01302,Submitted,Approved,2025-11-12,Ashen Rathnayake
SH-005360,SR-25-01302,Approved,In Progress,2025-11-13,Ashen Rathnayake
SH-005361,SR-25-01302,In Progress,QC,2025-11-13,Ashen Rathnayake
SH-005362,SR-25-01302,QC,Rework,2025-11-14,Ashen Rathnayake
SH-005363,SR-25-01302,Rework,QC,2025-11-15,Ashen Rathnayake
SH-005364,SR-25-01302,QC,Completed,2025-11-16,Ashen Rathnayake
SH-005365,SR-25-01303,Submitted,Approved,2025-11-13,Nethmi Perera
SH-005366,SR-25-01303,Approved,In Progress,2025-11-14,Nethmi Perera
SH-005367,SR-25-01303,In Progress,QC,2025-11-14,Nethmi Perera
SH-005368,SR-25-01303,QC,Completed,2025-11-15,Nethmi Perera
SH-005369,SR-25-01304,Submitted,Approved,2025-11-12,Sachini Silva
SH-005370,SR-25-01304,Approved,In Progress,2025-11-13,Sachini Silva
SH-005371,SR-25-01304,In Progress,QC,2025-11-14,Sachini Silva
SH-005372,SR-25-01304,QC,Completed,2025-11-14,Sachini Silva
SH-005373,SR-25-01305,Submitted,Approved,2025-11-13,Ashen Rathnayake
SH-005374,SR-25-01305,Approved,In Progress,2025-11-14,Ashen Rathnayake
SH-005375,SR-25-01305,In Progress,QC,2025-11-15,Ashen Rathnayake
SH-005376,SR-25-01305,QC,Completed,2025-11-16,Ashen Rathnayake
SH-005377,SR-25-01306,Submitted,Approved,2025-11-14,Sachini Silva
SH-005378,SR-25-01306,Approved,In Progress,2025-11-15,Sachini Silva
SH-005379,SR-25-01306,In Progress,QC,2025-11-16,Sachini Silva
SH-005380,SR-25-01306,QC,Completed,2025-11-18,Sachini Silva
SH-005381,SR-25-01307,Submitted,Approved,2025-11-14,Hiruni Gunasekara
SH-005382,SR-25-01307,Approved,In Progress,2025-11-16,Hiruni Gunasekara
SH-005383,SR-25-01307,In Progress,QC,2025-11-18,Hiruni Gunasekara
SH-005384,SR-25-01307,QC,Completed,2025-11-20,Hiruni Gunasekara
SH-005385,SR-25-01308,Submitted,Approved,2025-11-14,Hiruni Gunasekara
SH-005386,SR-25-01308,Approved,In Progress,2025-11-15,Hiruni Gunasekara
SH-005387,SR-25-01308,In Progress,QC,2025-11-16,Hiruni Gunasekara
SH-005388,SR-25-01308,QC,Completed,2025-11-18,Hiruni Gunasekara
SH-005389,SR-25-01309,Submitted,Approved,2025-11-13,Hiruni Gunasekara
SH-005390,SR-25-01309,Approved,In Progress,2025-11-14,Hiruni Gunasekara
SH-005391,SR-25-01309,In Progress,QC,2025-11-15,Hiruni Gunasekara
SH-005392,SR-25-01309,QC,Completed,2025-11-15,Hiruni Gunasekara
SH-005393,SR-25-01310,Submitted,Approved,2025-11-14,Sachini Silva
SH-005394,SR-25-01310,Approved,In Progress,2025-11-14,Sachini Silva
SH-005395,SR-25-01310,In Progress,QC,2025-11-15,Sachini Silva
SH-005396,SR-25-01310,QC,Completed,2025-11-15,Sachini Silva
SH-005397,SR-25-01311,Submitted,Approved,2025-11-16,Hiruni Gunasekara
SH-005398,SR-25-01311,Approved,In Progress,2025-11-19,Hiruni Gunasekara
SH-005399,SR-25-01311,In Progress,QC,2025-11-22,Hiruni Gunasekara
SH-005400,SR-25-01311,QC,Completed,2025-11-24,Hiruni Gunasekara
SH-005401,SR-25-01312,Submitted,Approved,2025-11-16,Ashen Rathnayake
SH-005402,SR-25-01312,Approved,In Progress,2025-11-18,Ashen Rathnayake
SH-005403,SR-25-01312,In Progress,QC,2025-11-21,Ashen Rathnayake
SH-005404,SR-25-01312,QC,Completed,2025-11-23,Ashen Rathnayake
SH-005405,SR-25-01313,Submitted,Approved,2025-11-16,Sachini Silva
SH-005406,SR-25-01313,Approved,In Progress,2025-11-17,Sachini Silva
SH-005407,SR-25-01313,In Progress,QC,2025-11-18,Sachini Silva
SH-005408,SR-25-01313,QC,Completed,2025-11-19,Sachini Silva
SH-005409,SR-25-01314,Submitted,Approved,2025-11-19,Dulani Jayasuriya
SH-005410,SR-25-01314,Approved,In Progress,2025-11-20,Dulani Jayasuriya
SH-005411,SR-25-01314,In Progress,QC,2025-11-21,Dulani Jayasuriya
SH-005412,SR-25-01314,QC,Completed,2025-11-23,Dulani Jayasuriya
SH-005413,SR-25-01315,Submitted,Approved,2025-11-18,Ashen Rathnayake
SH-005414,SR-25-01315,Approved,In Progress,2025-11-19,Ashen Rathnayake
SH-005415,SR-25-01315,In Progress,QC,2025-11-21,Ashen Rathnayake
SH-005416,SR-25-01315,QC,Rework,2025-11-22,Ashen Rathnayake
SH-005417,SR-25-01315,Rework,QC,2025-11-23,Ashen Rathnayake
SH-005418,SR-25-01315,QC,Completed,2025-11-24,Ashen Rathnayake
SH-005419,SR-25-01316,Submitted,Approved,2025-11-19,Sachini Silva
SH-005420,SR-25-01316,Approved,In Progress,2025-11-21,Sachini Silva
SH-005421,SR-25-01316,In Progress,QC,2025-11-22,Sachini Silva
SH-005422,SR-25-01316,QC,Completed,2025-11-24,Sachini Silva
SH-005423,SR-25-01317,Submitted,Approved,2025-11-20,Hiruni Gunasekara
SH-005424,SR-25-01317,Approved,In Progress,2025-11-22,Hiruni Gunasekara
SH-005425,SR-25-01317,In Progress,QC,2025-11-24,Hiruni Gunasekara
SH-005426,SR-25-01317,QC,Completed,2025-11-26,Hiruni Gunasekara
SH-005427,SR-25-01318,Submitted,Approved,2025-11-18,Dulani Jayasuriya
SH-005428,SR-25-01318,Approved,In Progress,2025-11-18,Dulani Jayasuriya
SH-005429,SR-25-01318,In Progress,QC,2025-11-19,Dulani Jayasuriya
SH-005430,SR-25-01318,QC,Completed,2025-11-19,Dulani Jayasuriya
SH-005431,SR-25-01319,Submitted,Approved,2025-11-20,Ashen Rathnayake
SH-005432,SR-25-01319,Approved,In Progress,2025-11-21,Ashen Rathnayake
SH-005433,SR-25-01319,In Progress,QC,2025-11-21,Ashen Rathnayake
SH-005434,SR-25-01319,QC,Completed,2025-11-22,Ashen Rathnayake
SH-005435,SR-25-01320,Submitted,Approved,2025-11-21,Dulani Jayasuriya
SH-005436,SR-25-01320,Approved,In Progress,2025-11-23,Dulani Jayasuriya
SH-005437,SR-25-01320,In Progress,QC,2025-11-26,Dulani Jayasuriya
SH-005438,SR-25-01320,QC,Completed,2025-11-28,Dulani Jayasuriya
SH-005439,SR-25-01321,Submitted,Approved,2025-11-19,Hiruni Gunasekara
SH-005440,SR-25-01321,Approved,In Progress,2025-11-20,Hiruni Gunasekara
SH-005441,SR-25-01321,In Progress,QC,2025-11-21,Hiruni Gunasekara
SH-005442,SR-25-01321,QC,Completed,2025-11-21,Hiruni Gunasekara
SH-005443,SR-25-01322,Submitted,Approved,2025-11-20,Kavindu Fernando
SH-005444,SR-25-01322,Approved,In Progress,2025-11-21,Kavindu Fernando
SH-005445,SR-25-01322,In Progress,QC,2025-11-22,Kavindu Fernando
SH-005446,SR-25-01322,QC,Completed,2025-11-22,Kavindu Fernando
SH-005447,SR-25-01323,Submitted,Approved,2025-11-22,Sachini Silva
SH-005448,SR-25-01323,Approved,In Progress,2025-11-23,Sachini Silva
SH-005449,SR-25-01323,In Progress,QC,2025-11-24,Sachini Silva
SH-005450,SR-25-01323,QC,Completed,2025-11-26,Sachini Silva
SH-005451,SR-25-01324,Submitted,Approved,2025-11-21,Nethmi Perera
SH-005452,SR-25-01324,Approved,In Progress,2025-11-21,Nethmi Perera
SH-005453,SR-25-01324,In Progress,QC,2025-11-22,Nethmi Perera
SH-005454,SR-25-01324,QC,Completed,2025-11-22,Nethmi Perera
SH-005455,SR-25-01325,Submitted,Approved,2025-11-22,Dulani Jayasuriya
SH-005456,SR-25-01325,Approved,In Progress,2025-11-23,Dulani Jayasuriya
SH-005457,SR-25-01325,In Progress,QC,2025-11-24,Dulani Jayasuriya
SH-005458,SR-25-01325,QC,Completed,2025-11-25,Dulani Jayasuriya
SH-005459,SR-25-01326,Submitted,Approved,2025-11-23,Ashen Rathnayake
SH-005460,SR-25-01326,Approved,In Progress,2025-11-24,Ashen Rathnayake
SH-005461,SR-25-01326,In Progress,QC,2025-11-24,Ashen Rathnayake
SH-005462,SR-25-01326,QC,Completed,2025-11-25,Ashen Rathnayake
SH-005463,SR-25-01327,Submitted,Approved,2025-11-22,Hiruni Gunasekara
SH-005464,SR-25-01327,Approved,In Progress,2025-11-23,Hiruni Gunasekara
SH-005465,SR-25-01327,In Progress,QC,2025-11-24,Hiruni Gunasekara
SH-005466,SR-25-01327,QC,Completed,2025-11-24,Hiruni Gunasekara
SH-005467,SR-25-01328,Submitted,Approved,2025-11-22,Sachini Silva
SH-005468,SR-25-01328,Approved,In Progress,2025-11-23,Sachini Silva
SH-005469,SR-25-01328,In Progress,QC,2025-11-24,Sachini Silva
SH-005470,SR-25-01328,QC,Completed,2025-11-24,Sachini Silva
SH-005471,SR-25-01329,Submitted,Approved,2025-11-25,Sachini Silva
SH-005472,SR-25-01329,Approved,In Progress,2025-11-26,Sachini Silva
SH-005473,SR-25-01329,In Progress,QC,2025-11-28,Sachini Silva
SH-005474,SR-25-01329,QC,Completed,2025-11-29,Sachini Silva
SH-005475,SR-25-01330,Submitted,Approved,2025-11-24,Dulani Jayasuriya
SH-005476,SR-25-01330,Approved,In Progress,2025-11-25,Dulani Jayasuriya
SH-005477,SR-25-01330,In Progress,QC,2025-11-26,Dulani Jayasuriya
SH-005478,SR-25-01330,QC,Completed,2025-11-26,Dulani Jayasuriya
SH-005479,SR-25-01331,Submitted,Approved,2025-11-27,Dulani Jayasuriya
SH-005480,SR-25-01331,Approved,In Progress,2025-11-28,Dulani Jayasuriya
SH-005481,SR-25-01331,In Progress,QC,2025-11-29,Dulani Jayasuriya
SH-005482,SR-25-01331,QC,Completed,2025-12-01,Dulani Jayasuriya
SH-005483,SR-25-01332,Submitted,Approved,2025-11-25,Ashen Rathnayake
SH-005484,SR-25-01332,Approved,In Progress,2025-11-26,Ashen Rathnayake
SH-005485,SR-25-01332,In Progress,QC,2025-11-27,Ashen Rathnayake
SH-005486,SR-25-01332,QC,Completed,2025-11-27,Ashen Rathnayake
SH-005487,SR-25-01333,Submitted,Approved,2025-11-25,Dulani Jayasuriya
SH-005488,SR-25-01333,Approved,In Progress,2025-11-25,Dulani Jayasuriya
SH-005489,SR-25-01333,In Progress,QC,2025-11-26,Dulani Jayasuriya
SH-005490,SR-25-01333,QC,Completed,2025-11-26,Dulani Jayasuriya
SH-005491,SR-25-01334,Submitted,Approved,2025-11-26,Dulani Jayasuriya
SH-005492,SR-25-01334,Approved,In Progress,2025-11-27,Dulani Jayasuriya
SH-005493,SR-25-01334,In Progress,QC,2025-11-28,Dulani Jayasuriya
SH-005494,SR-25-01334,QC,Completed,2025-11-29,Dulani Jayasuriya
SH-005495,SR-25-01335,Submitted,Approved,2025-11-25,Ashen Rathnayake
SH-005496,SR-25-01335,Approved,In Progress,2025-11-26,Ashen Rathnayake
SH-005497,SR-25-01335,In Progress,QC,2025-11-27,Ashen Rathnayake
SH-005498,SR-25-01335,QC,Completed,2025-11-27,Ashen Rathnayake
SH-005499,SR-25-01336,Submitted,Approved,2025-11-28,Kavindu Fernando
SH-005500,SR-25-01336,Approved,In Progress,2025-11-29,Kavindu Fernando
SH-005501,SR-25-01336,In Progress,QC,2025-11-30,Kavindu Fernando
SH-005502,SR-25-01336,QC,Completed,2025-12-02,Kavindu Fernando
SH-005503,SR-25-01337,Submitted,Approved,2025-11-27,Kavindu Fernando
SH-005504,SR-25-01337,Approved,In Progress,2025-11-28,Kavindu Fernando
SH-005505,SR-25-01337,In Progress,QC,2025-11-28,Kavindu Fernando
SH-005506,SR-25-01337,QC,Completed,2025-11-29,Kavindu Fernando
SH-005507,SR-25-01338,Submitted,Approved,2025-11-27,Sachini Silva
SH-005508,SR-25-01338,Approved,In Progress,2025-11-28,Sachini Silva
SH-005509,SR-25-01338,In Progress,QC,2025-11-28,Sachini Silva
SH-005510,SR-25-01338,QC,Completed,2025-11-29,Sachini Silva
SH-005511,SR-25-01339,Submitted,Approved,2025-11-28,Nethmi Perera
SH-005512,SR-25-01339,Approved,In Progress,2025-11-30,Nethmi Perera
SH-005513,SR-25-01339,In Progress,QC,2025-12-02,Nethmi Perera
SH-005514,SR-25-01339,QC,Completed,2025-12-04,Nethmi Perera
SH-005515,SR-25-01340,Submitted,Approved,2025-11-26,Kavindu Fernando
SH-005516,SR-25-01340,Approved,In Progress,2025-11-26,Kavindu Fernando
SH-005517,SR-25-01340,In Progress,QC,2025-11-27,Kavindu Fernando
SH-005518,SR-25-01340,QC,Completed,2025-11-27,Kavindu Fernando
SH-005519,SR-25-01341,Submitted,Approved,2025-11-27,Hiruni Gunasekara
SH-005520,SR-25-01341,Approved,In Progress,2025-11-28,Hiruni Gunasekara
SH-005521,SR-25-01341,In Progress,QC,2025-11-28,Hiruni Gunasekara
SH-005522,SR-25-01341,QC,Completed,2025-11-29,Hiruni Gunasekara
SH-005523,SR-25-01342,Submitted,Approved,2025-11-29,Kavindu Fernando
SH-005524,SR-25-01342,Approved,In Progress,2025-12-01,Kavindu Fernando
SH-005525,SR-25-01342,In Progress,QC,2025-12-02,Kavindu Fernando
SH-005526,SR-25-01342,QC,Completed,2025-12-04,Kavindu Fernando
SH-005527,SR-25-01343,Submitted,Approved,2025-11-28,Dulani Jayasuriya
SH-005528,SR-25-01343,Approved,In Progress,2025-11-29,Dulani Jayasuriya
SH-005529,SR-25-01343,In Progress,QC,2025-11-29,Dulani Jayasuriya
SH-005530,SR-25-01343,QC,Completed,2025-11-30,Dulani Jayasuriya
SH-005531,SR-25-01344,Submitted,Approved,2025-11-29,Kavindu Fernando
SH-005532,SR-25-01344,Approved,In Progress,2025-11-30,Kavindu Fernando
SH-005533,SR-25-01344,In Progress,QC,2025-11-30,Kavindu Fernando
SH-005534,SR-25-01344,QC,Completed,2025-12-01,Kavindu Fernando
SH-005535,SR-25-01345,Submitted,Approved,2025-11-29,Nethmi Perera
SH-005536,SR-25-01345,Approved,In Progress,2025-11-30,Nethmi Perera
SH-005537,SR-25-01345,In Progress,QC,2025-12-02,Nethmi Perera
SH-005538,SR-25-01345,QC,Completed,2025-12-03,Nethmi Perera
SH-005539,SR-25-01346,Submitted,Approved,2025-11-29,Nethmi Perera
SH-005540,SR-25-01346,Approved,In Progress,2025-11-30,Nethmi Perera
SH-005541,SR-25-01346,In Progress,QC,2025-11-30,Nethmi Perera
SH-005542,SR-25-01346,QC,Completed,2025-12-01,Nethmi Perera
SH-005543,SR-25-01347,Submitted,Approved,2025-11-29,Nethmi Perera
SH-005544,SR-25-01347,Approved,In Progress,2025-11-30,Nethmi Perera
SH-005545,SR-25-01347,In Progress,QC,2025-11-30,Nethmi Perera
SH-005546,SR-25-01347,QC,Completed,2025-12-01,Nethmi Perera
SH-005547,SR-25-01348,Submitted,Approved,2025-12-01,Ashen Rathnayake
SH-005548,SR-25-01348,Approved,In Progress,2025-12-03,Ashen Rathnayake
SH-005549,SR-25-01348,In Progress,QC,2025-12-06,Ashen Rathnayake
SH-005550,SR-25-01348,QC,Completed,2025-12-08,Ashen Rathnayake
SH-005551,SR-25-01349,Submitted,Approved,2025-12-02,Ashen Rathnayake
SH-005552,SR-25-01349,Approved,In Progress,2025-12-03,Ashen Rathnayake
SH-005553,SR-25-01349,In Progress,QC,2025-12-04,Ashen Rathnayake
SH-005554,SR-25-01349,QC,Completed,2025-12-04,Ashen Rathnayake
SH-005555,SR-25-01350,Submitted,Approved,2025-12-05,Ashen Rathnayake
SH-005556,SR-25-01350,Approved,In Progress,2025-12-06,Ashen Rathnayake
SH-005557,SR-25-01350,In Progress,QC,2025-12-07,Ashen Rathnayake
SH-005558,SR-25-01350,QC,Completed,2025-12-09,Ashen Rathnayake
SH-005559,SR-25-01351,Submitted,Approved,2025-12-04,Dulani Jayasuriya
SH-005560,SR-25-01351,Approved,In Progress,2025-12-05,Dulani Jayasuriya
SH-005561,SR-25-01351,In Progress,QC,2025-12-05,Dulani Jayasuriya
SH-005562,SR-25-01351,QC,Completed,2025-12-06,Dulani Jayasuriya
SH-005563,SR-25-01352,Submitted,Approved,2025-12-05,Hiruni Gunasekara
SH-005564,SR-25-01352,Approved,In Progress,2025-12-06,Hiruni Gunasekara
SH-005565,SR-25-01352,In Progress,QC,2025-12-06,Hiruni Gunasekara
SH-005566,SR-25-01352,QC,Completed,2025-12-07,Hiruni Gunasekara
SH-005567,SR-25-01353,Submitted,Approved,2025-12-06,Kavindu Fernando
SH-005568,SR-25-01353,Approved,In Progress,2025-12-08,Kavindu Fernando
SH-005569,SR-25-01353,In Progress,QC,2025-12-10,Kavindu Fernando
SH-005570,SR-25-01353,QC,Completed,2025-12-12,Kavindu Fernando
SH-005571,SR-25-01354,Submitted,Approved,2025-12-06,Ashen Rathnayake
SH-005572,SR-25-01354,Approved,In Progress,2025-12-08,Ashen Rathnayake
SH-005573,SR-25-01354,In Progress,QC,2025-12-10,Ashen Rathnayake
SH-005574,SR-25-01354,QC,Completed,2025-12-12,Ashen Rathnayake
SH-005575,SR-25-01355,Submitted,Approved,2025-12-05,Dulani Jayasuriya
SH-005576,SR-25-01355,Approved,In Progress,2025-12-06,Dulani Jayasuriya
SH-005577,SR-25-01355,In Progress,QC,2025-12-08,Dulani Jayasuriya
SH-005578,SR-25-01355,QC,Completed,2025-12-09,Dulani Jayasuriya
SH-005579,SR-25-01356,Submitted,Approved,2025-12-06,Nethmi Perera
SH-005580,SR-25-01356,Approved,In Progress,2025-12-07,Nethmi Perera
SH-005581,SR-25-01356,In Progress,QC,2025-12-08,Nethmi Perera
SH-005582,SR-25-01356,QC,Completed,2025-12-09,Nethmi Perera
SH-005583,SR-25-01357,Submitted,Approved,2025-12-07,Sachini Silva
SH-005584,SR-25-01357,Approved,In Progress,2025-12-08,Sachini Silva
SH-005585,SR-25-01357,In Progress,QC,2025-12-09,Sachini Silva
SH-005586,SR-25-01357,QC,Completed,2025-12-11,Sachini Silva
SH-005587,SR-25-01358,Submitted,Approved,2025-12-08,Ashen Rathnayake
SH-005588,SR-25-01358,Approved,In Progress,2025-12-10,Ashen Rathnayake
SH-005589,SR-25-01358,In Progress,QC,2025-12-11,Ashen Rathnayake
SH-005590,SR-25-01358,QC,Completed,2025-12-13,Ashen Rathnayake
SH-005591,SR-25-01359,Submitted,Approved,2025-12-06,Sachini Silva
SH-005592,SR-25-01359,Approved,In Progress,2025-12-07,Sachini Silva
SH-005593,SR-25-01359,In Progress,QC,2025-12-08,Sachini Silva
SH-005594,SR-25-01359,QC,Completed,2025-12-08,Sachini Silva
SH-005595,SR-25-01360,Submitted,Approved,2025-12-07,Sachini Silva
SH-005596,SR-25-01360,Approved,In Progress,2025-12-08,Sachini Silva
SH-005597,SR-25-01360,In Progress,QC,2025-12-10,Sachini Silva
SH-005598,SR-25-01360,QC,Completed,2025-12-11,Sachini Silva
SH-005599,SR-25-01361,Submitted,Approved,2025-12-09,Nethmi Perera
SH-005600,SR-25-01361,Approved,In Progress,2025-12-10,Nethmi Perera
SH-005601,SR-25-01361,In Progress,QC,2025-12-10,Nethmi Perera
SH-005602,SR-25-01361,QC,Completed,2025-12-11,Nethmi Perera
SH-005603,SR-25-01362,Submitted,Approved,2025-12-08,Nethmi Perera
SH-005604,SR-25-01362,Approved,In Progress,2025-12-08,Nethmi Perera
SH-005605,SR-25-01362,In Progress,QC,2025-12-09,Nethmi Perera
SH-005606,SR-25-01362,QC,Completed,2025-12-09,Nethmi Perera
SH-005607,SR-25-01363,Submitted,Approved,2025-12-08,Ashen Rathnayake
SH-005608,SR-25-01363,Approved,In Progress,2025-12-09,Ashen Rathnayake
SH-005609,SR-25-01363,In Progress,QC,2025-12-10,Ashen Rathnayake
SH-005610,SR-25-01363,QC,Completed,2025-12-10,Ashen Rathnayake
SH-005611,SR-25-01364,Submitted,Approved,2025-12-10,Kavindu Fernando
SH-005612,SR-25-01364,Approved,In Progress,2025-12-11,Kavindu Fernando
SH-005613,SR-25-01364,In Progress,QC,2025-12-11,Kavindu Fernando
SH-005614,SR-25-01364,QC,Completed,2025-12-12,Kavindu Fernando
SH-005615,SR-25-01365,Submitted,Approved,2025-12-11,Dulani Jayasuriya
SH-005616,SR-25-01365,Approved,In Progress,2025-12-13,Dulani Jayasuriya
SH-005617,SR-25-01365,In Progress,QC,2025-12-15,Dulani Jayasuriya
SH-005618,SR-25-01365,QC,Completed,2025-12-17,Dulani Jayasuriya
SH-005619,SR-25-01366,Submitted,Approved,2025-12-09,Dulani Jayasuriya
SH-005620,SR-25-01366,Approved,In Progress,2025-12-10,Dulani Jayasuriya
SH-005621,SR-25-01366,In Progress,QC,2025-12-11,Dulani Jayasuriya
SH-005622,SR-25-01366,QC,Completed,2025-12-11,Dulani Jayasuriya
SH-005623,SR-25-01367,Submitted,Approved,2025-12-11,Kavindu Fernando
SH-005624,SR-25-01367,Approved,In Progress,2025-12-12,Kavindu Fernando
SH-005625,SR-25-01367,In Progress,QC,2025-12-13,Kavindu Fernando
SH-005626,SR-25-01367,QC,Completed,2025-12-15,Kavindu Fernando
SH-005627,SR-25-01368,Submitted,Approved,2025-12-10,Hiruni Gunasekara
SH-005628,SR-25-01368,Approved,In Progress,2025-12-10,Hiruni Gunasekara
SH-005629,SR-25-01368,In Progress,QC,2025-12-11,Hiruni Gunasekara
SH-005630,SR-25-01368,QC,Completed,2025-12-11,Hiruni Gunasekara
SH-005631,SR-25-01369,Submitted,Approved,2025-12-13,Ashen Rathnayake
SH-005632,SR-25-01369,Approved,In Progress,2025-12-15,Ashen Rathnayake
SH-005633,SR-25-01369,In Progress,QC,2025-12-17,Ashen Rathnayake
SH-005634,SR-25-01369,QC,Completed,2025-12-19,Ashen Rathnayake
SH-005635,SR-25-01370,Submitted,Approved,2025-12-12,Kavindu Fernando
SH-005636,SR-25-01370,Approved,In Progress,2025-12-13,Kavindu Fernando
SH-005637,SR-25-01370,In Progress,QC,2025-12-15,Kavindu Fernando
SH-005638,SR-25-01370,QC,Completed,2025-12-16,Kavindu Fernando
SH-005639,SR-25-01371,Submitted,Approved,2025-12-14,Hiruni Gunasekara
SH-005640,SR-25-01371,Approved,In Progress,2025-12-16,Hiruni Gunasekara
SH-005641,SR-25-01371,In Progress,QC,2025-12-17,Hiruni Gunasekara
SH-005642,SR-25-01371,QC,Completed,2025-12-19,Hiruni Gunasekara
SH-005643,SR-25-01372,Submitted,Approved,2025-12-14,Kavindu Fernando
SH-005644,SR-25-01372,Approved,In Progress,2025-12-16,Kavindu Fernando
SH-005645,SR-25-01372,In Progress,QC,2025-12-19,Kavindu Fernando
SH-005646,SR-25-01372,QC,Completed,2025-12-21,Kavindu Fernando
SH-005647,SR-25-01373,Submitted,Approved,2025-12-12,Hiruni Gunasekara
SH-005648,SR-25-01373,Approved,In Progress,2025-12-13,Hiruni Gunasekara
SH-005649,SR-25-01373,In Progress,QC,2025-12-14,Hiruni Gunasekara
SH-005650,SR-25-01373,QC,Completed,2025-12-14,Hiruni Gunasekara
SH-005651,SR-25-01374,Submitted,Approved,2025-12-14,Ashen Rathnayake
SH-005652,SR-25-01374,Approved,In Progress,2025-12-15,Ashen Rathnayake
SH-005653,SR-25-01374,In Progress,QC,2025-12-17,Ashen Rathnayake
SH-005654,SR-25-01374,QC,Completed,2025-12-18,Ashen Rathnayake
SH-005655,SR-25-01375,Submitted,Approved,2025-12-14,Kavindu Fernando
SH-005656,SR-25-01375,Approved,In Progress,2025-12-15,Kavindu Fernando
SH-005657,SR-25-01375,In Progress,QC,2025-12-15,Kavindu Fernando
SH-005658,SR-25-01375,QC,Completed,2025-12-16,Kavindu Fernando
SH-005659,SR-25-01376,Submitted,Approved,2025-12-14,Hiruni Gunasekara
SH-005660,SR-25-01376,Approved,In Progress,2025-12-15,Hiruni Gunasekara
SH-005661,SR-25-01376,In Progress,QC,2025-12-16,Hiruni Gunasekara
SH-005662,SR-25-01376,QC,Completed,2025-12-17,Hiruni Gunasekara
SH-005663,SR-25-01377,Submitted,Approved,2025-12-17,Dulani Jayasuriya
SH-005664,SR-25-01377,Approved,In Progress,2025-12-18,Dulani Jayasuriya
SH-005665,SR-25-01377,In Progress,QC,2025-12-19,Dulani Jayasuriya
SH-005666,SR-25-01377,QC,Completed,2025-12-21,Dulani Jayasuriya
SH-005667,SR-25-01378,Submitted,Approved,2025-12-17,Kavindu Fernando
SH-005668,SR-25-01378,Approved,In Progress,2025-12-18,Kavindu Fernando
SH-005669,SR-25-01378,In Progress,QC,2025-12-19,Kavindu Fernando
SH-005670,SR-25-01378,QC,Completed,2025-12-21,Kavindu Fernando
SH-005671,SR-25-01379,Submitted,Approved,2025-12-16,Hiruni Gunasekara
SH-005672,SR-25-01379,Approved,In Progress,2025-12-16,Hiruni Gunasekara
SH-005673,SR-25-01379,In Progress,QC,2025-12-17,Hiruni Gunasekara
SH-005674,SR-25-01379,QC,Completed,2025-12-17,Hiruni Gunasekara
SH-005675,SR-25-01380,Submitted,Approved,2025-12-18,Sachini Silva
SH-005676,SR-25-01380,Approved,In Progress,2025-12-20,Sachini Silva
SH-005677,SR-25-01380,In Progress,QC,2025-12-21,Sachini Silva
SH-005678,SR-25-01380,QC,Completed,2025-12-23,Sachini Silva
SH-005679,SR-25-01381,Submitted,Approved,2025-12-19,Nethmi Perera
SH-005680,SR-25-01381,Approved,In Progress,2025-12-21,Nethmi Perera
SH-005681,SR-25-01381,In Progress,QC,2025-12-22,Nethmi Perera
SH-005682,SR-25-01381,QC,Completed,2025-12-24,Nethmi Perera
SH-005683,SR-25-01382,Submitted,Approved,2025-12-19,Kavindu Fernando
SH-005684,SR-25-01382,Approved,In Progress,2025-12-20,Kavindu Fernando
SH-005685,SR-25-01382,In Progress,QC,2025-12-21,Kavindu Fernando
SH-005686,SR-25-01382,QC,Completed,2025-12-23,Kavindu Fernando
SH-005687,SR-25-01383,Submitted,Approved,2025-12-19,Kavindu Fernando
SH-005688,SR-25-01383,Approved,In Progress,2025-12-20,Kavindu Fernando
SH-005689,SR-25-01383,In Progress,QC,2025-12-21,Kavindu Fernando
SH-005690,SR-25-01383,QC,Completed,2025-12-23,Kavindu Fernando
SH-005691,SR-25-01384,Submitted,Approved,2025-12-19,Nethmi Perera
SH-005692,SR-25-01384,Approved,In Progress,2025-12-20,Nethmi Perera
SH-005693,SR-25-01384,In Progress,QC,2025-12-21,Nethmi Perera
SH-005694,SR-25-01384,QC,Completed,2025-12-22,Nethmi Perera
SH-005695,SR-25-01385,Submitted,Approved,2025-12-19,Dulani Jayasuriya
SH-005696,SR-25-01385,Approved,In Progress,2025-12-20,Dulani Jayasuriya
SH-005697,SR-25-01385,In Progress,QC,2025-12-20,Dulani Jayasuriya
SH-005698,SR-25-01385,QC,Completed,2025-12-21,Dulani Jayasuriya
SH-005699,SR-25-01386,Submitted,Approved,2025-12-19,Ashen Rathnayake
SH-005700,SR-25-01386,Approved,In Progress,2025-12-20,Ashen Rathnayake
SH-005701,SR-25-01386,In Progress,QC,2025-12-20,Ashen Rathnayake
SH-005702,SR-25-01386,QC,Completed,2025-12-21,Ashen Rathnayake
SH-005703,SR-25-01387,Submitted,Approved,2025-12-20,Dulani Jayasuriya
SH-005704,SR-25-01387,Approved,In Progress,2025-12-21,Dulani Jayasuriya
SH-005705,SR-25-01387,In Progress,QC,2025-12-23,Dulani Jayasuriya
SH-005706,SR-25-01387,QC,Rework,2025-12-24,Dulani Jayasuriya
SH-005707,SR-25-01387,Rework,QC,2025-12-25,Dulani Jayasuriya
SH-005708,SR-25-01387,QC,Completed,2025-12-26,Dulani Jayasuriya
SH-005709,SR-25-01388,Submitted,Approved,2025-12-22,Sachini Silva
SH-005710,SR-25-01388,Approved,In Progress,2025-12-24,Sachini Silva
SH-005711,SR-25-01388,In Progress,QC,2025-12-25,Sachini Silva
SH-005712,SR-25-01388,QC,Completed,2025-12-27,Sachini Silva
SH-005713,SR-25-01389,Submitted,Approved,2025-12-22,Kavindu Fernando
SH-005714,SR-25-01389,Approved,In Progress,2025-12-24,Kavindu Fernando
SH-005715,SR-25-01389,In Progress,QC,2025-12-27,Kavindu Fernando
SH-005716,SR-25-01389,QC,Completed,2025-12-29,Kavindu Fernando
SH-005717,SR-25-01390,Submitted,Approved,2025-12-21,Dulani Jayasuriya
SH-005718,SR-25-01390,Approved,In Progress,2025-12-22,Dulani Jayasuriya
SH-005719,SR-25-01390,In Progress,QC,2025-12-24,Dulani Jayasuriya
SH-005720,SR-25-01390,QC,Completed,2025-12-25,Dulani Jayasuriya
SH-005721,SR-25-01391,Submitted,Approved,2025-12-25,Nethmi Perera
SH-005722,SR-25-01391,Approved,In Progress,2025-12-26,Nethmi Perera
SH-005723,SR-25-01391,In Progress,QC,2025-12-28,Nethmi Perera
SH-005724,SR-25-01391,QC,Completed,2025-12-29,Nethmi Perera
SH-005725,SR-25-01392,Submitted,Approved,2025-12-27,Nethmi Perera
SH-005726,SR-25-01392,Approved,In Progress,2025-12-28,Nethmi Perera
SH-005727,SR-25-01392,In Progress,QC,2025-12-29,Nethmi Perera
SH-005728,SR-25-01392,QC,Rework,2025-12-31,Nethmi Perera
SH-005729,SR-25-01392,Rework,QC,2026-01-02,Nethmi Perera
SH-005730,SR-25-01392,QC,Completed,2026-01-03,Nethmi Perera
SH-005731,SR-25-01393,Submitted,Approved,2025-12-27,Kavindu Fernando
SH-005732,SR-25-01393,Approved,In Progress,2025-12-28,Kavindu Fernando
SH-005733,SR-25-01393,In Progress,QC,2025-12-29,Kavindu Fernando
SH-005734,SR-25-01393,QC,Completed,2025-12-30,Kavindu Fernando
SH-005735,SR-25-01394,Submitted,Approved,2025-12-26,Nethmi Perera
SH-005736,SR-25-01394,Approved,In Progress,2025-12-27,Nethmi Perera
SH-005737,SR-25-01394,In Progress,QC,2025-12-28,Nethmi Perera
SH-005738,SR-25-01394,QC,Completed,2025-12-28,Nethmi Perera
SH-005739,SR-25-01395,Submitted,Approved,2025-12-28,Nethmi Perera
SH-005740,SR-25-01395,Approved,In Progress,2025-12-29,Nethmi Perera
SH-005741,SR-25-01395,In Progress,QC,2025-12-31,Nethmi Perera
SH-005742,SR-25-01395,QC,Completed,2026-01-01,Nethmi Perera
SH-005743,SR-25-01396,Submitted,Approved,2025-12-31,Ashen Rathnayake
SH-005744,SR-25-01396,Approved,In Progress,2026-01-02,Ashen Rathnayake
SH-005745,SR-25-01396,In Progress,QC,2026-01-03,Ashen Rathnayake
SH-005746,SR-25-01396,QC,Completed,2026-01-05,Ashen Rathnayake
SH-005747,SR-25-01397,Submitted,Approved,2025-12-30,Kavindu Fernando
SH-005748,SR-25-01397,Approved,In Progress,2025-12-31,Kavindu Fernando
SH-005749,SR-25-01397,In Progress,QC,2025-12-31,Kavindu Fernando
SH-005750,SR-25-01397,QC,Completed,2026-01-01,Kavindu Fernando
SH-005751,SR-25-01398,Submitted,Approved,2025-12-31,Ashen Rathnayake
SH-005752,SR-25-01398,Approved,In Progress,2026-01-01,Ashen Rathnayake
SH-005753,SR-25-01398,In Progress,QC,2026-01-02,Ashen Rathnayake
SH-005754,SR-25-01398,QC,Completed,2026-01-03,Ashen Rathnayake
SH-005755,SR-25-01399,Submitted,Approved,2026-01-01,Dulani Jayasuriya
SH-005756,SR-25-01399,Approved,In Progress,2026-01-03,Dulani Jayasuriya
SH-005757,SR-25-01399,In Progress,QC,2026-01-06,Dulani Jayasuriya
SH-005758,SR-25-01399,QC,Completed,2026-01-08,Dulani Jayasuriya
SH-005759,SR-25-01400,Submitted,Approved,2026-01-02,Dulani Jayasuriya
SH-005760,SR-25-01400,Approved,In Progress,2026-01-03,Dulani Jayasuriya
SH-005761,SR-25-01400,In Progress,QC,2026-01-04,Dulani Jayasuriya
SH-005762,SR-25-01400,QC,Completed,2026-01-06,Dulani Jayasuriya
SH-005763,SR-25-01401,Submitted,Approved,2025-12-31,Ashen Rathnayake
SH-005764,SR-25-01401,Approved,In Progress,2026-01-01,Ashen Rathnayake
SH-005765,SR-25-01401,In Progress,QC,2026-01-02,Ashen Rathnayake
SH-005766,SR-25-01401,QC,Rework,2026-01-02,Ashen Rathnayake
SH-005767,SR-25-01401,Rework,QC,2026-01-02,Ashen Rathnayake
SH-005768,SR-25-01401,QC,Completed,2026-01-03,Ashen Rathnayake
SH-005769,SR-25-01402,Submitted,Approved,2026-01-02,Kavindu Fernando
SH-005770,SR-25-01402,Approved,In Progress,2026-01-04,Kavindu Fernando
SH-005771,SR-25-01402,In Progress,QC,2026-01-05,Kavindu Fernando
SH-005772,SR-25-01402,QC,Completed,2026-01-07,Kavindu Fernando
SH-005773,SR-25-01403,Submitted,Approved,2026-01-01,Kavindu Fernando
SH-005774,SR-25-01403,Approved,In Progress,2026-01-02,Kavindu Fernando
SH-005775,SR-25-01403,In Progress,QC,2026-01-04,Kavindu Fernando
SH-005776,SR-25-01403,QC,Completed,2026-01-05,Kavindu Fernando
SH-005777,SR-26-01404,Submitted,Approved,2026-01-03,Kavindu Fernando
SH-005778,SR-26-01404,Approved,In Progress,2026-01-05,Kavindu Fernando
SH-005779,SR-26-01404,In Progress,QC,2026-01-06,Kavindu Fernando
SH-005780,SR-26-01404,QC,Completed,2026-01-08,Kavindu Fernando
SH-005781,SR-26-01405,Submitted,Approved,2026-01-02,Kavindu Fernando
SH-005782,SR-26-01405,Approved,In Progress,2026-01-03,Kavindu Fernando
SH-005783,SR-26-01405,In Progress,QC,2026-01-03,Kavindu Fernando
SH-005784,SR-26-01405,QC,Completed,2026-01-04,Kavindu Fernando
SH-005785,SR-26-01406,Submitted,Approved,2026-01-03,Hiruni Gunasekara
SH-005786,SR-26-01406,Approved,In Progress,2026-01-04,Hiruni Gunasekara
SH-005787,SR-26-01406,In Progress,QC,2026-01-06,Hiruni Gunasekara
SH-005788,SR-26-01406,QC,Completed,2026-01-07,Hiruni Gunasekara
SH-005789,SR-26-01407,Submitted,Approved,2026-01-03,Hiruni Gunasekara
SH-005790,SR-26-01407,Approved,In Progress,2026-01-04,Hiruni Gunasekara
SH-005791,SR-26-01407,In Progress,QC,2026-01-05,Hiruni Gunasekara
SH-005792,SR-26-01407,QC,Completed,2026-01-06,Hiruni Gunasekara
SH-005793,SR-26-01408,Submitted,Approved,2026-01-03,Sachini Silva
SH-005794,SR-26-01408,Approved,In Progress,2026-01-04,Sachini Silva
SH-005795,SR-26-01408,In Progress,QC,2026-01-05,Sachini Silva
SH-005796,SR-26-01408,QC,Completed,2026-01-06,Sachini Silva
SH-005797,SR-26-01409,Submitted,Approved,2026-01-03,Sachini Silva
SH-005798,SR-26-01409,Approved,In Progress,2026-01-04,Sachini Silva
SH-005799,SR-26-01409,In Progress,QC,2026-01-04,Sachini Silva
SH-005800,SR-26-01409,QC,Completed,2026-01-05,Sachini Silva
SH-005801,SR-26-01410,Submitted,Approved,2026-01-03,Hiruni Gunasekara
SH-005802,SR-26-01410,Approved,In Progress,2026-01-04,Hiruni Gunasekara
SH-005803,SR-26-01410,In Progress,QC,2026-01-04,Hiruni Gunasekara
SH-005804,SR-26-01410,QC,Completed,2026-01-05,Hiruni Gunasekara
SH-005805,SR-26-01411,Submitted,Approved,2026-01-04,Sachini Silva
SH-005806,SR-26-01411,Approved,In Progress,2026-01-07,Sachini Silva
SH-005807,SR-26-01411,In Progress,QC,2026-01-10,Sachini Silva
SH-005808,SR-26-01411,QC,Completed,2026-01-12,Sachini Silva
SH-005809,SR-26-01412,Submitted,Approved,2026-01-04,Hiruni Gunasekara
SH-005810,SR-26-01412,Approved,In Progress,2026-01-05,Hiruni Gunasekara
SH-005811,SR-26-01412,In Progress,QC,2026-01-07,Hiruni Gunasekara
SH-005812,SR-26-01412,QC,Completed,2026-01-08,Hiruni Gunasekara
SH-005813,SR-26-01413,Submitted,Approved,2026-01-03,Nethmi Perera
SH-005814,SR-26-01413,Approved,In Progress,2026-01-03,Nethmi Perera
SH-005815,SR-26-01413,In Progress,QC,2026-01-04,Nethmi Perera
SH-005816,SR-26-01413,QC,Completed,2026-01-04,Nethmi Perera
SH-005817,SR-26-01414,Submitted,Approved,2026-01-05,Sachini Silva
SH-005818,SR-26-01414,Approved,In Progress,2026-01-07,Sachini Silva
SH-005819,SR-26-01414,In Progress,QC,2026-01-09,Sachini Silva
SH-005820,SR-26-01414,QC,Completed,2026-01-11,Sachini Silva
SH-005821,SR-26-01415,Submitted,Approved,2026-01-06,Ashen Rathnayake
SH-005822,SR-26-01415,Approved,In Progress,2026-01-07,Ashen Rathnayake
SH-005823,SR-26-01415,In Progress,QC,2026-01-07,Ashen Rathnayake
SH-005824,SR-26-01415,QC,Completed,2026-01-08,Ashen Rathnayake
SH-005825,SR-26-01416,Submitted,Approved,2026-01-06,Nethmi Perera
SH-005826,SR-26-01416,Approved,In Progress,2026-01-07,Nethmi Perera
SH-005827,SR-26-01416,In Progress,QC,2026-01-09,Nethmi Perera
SH-005828,SR-26-01416,QC,Completed,2026-01-10,Nethmi Perera
SH-005829,SR-26-01417,Submitted,Approved,2026-01-06,Nethmi Perera
SH-005830,SR-26-01417,Approved,In Progress,2026-01-07,Nethmi Perera
SH-005831,SR-26-01417,In Progress,QC,2026-01-07,Nethmi Perera
SH-005832,SR-26-01417,QC,Completed,2026-01-08,Nethmi Perera
SH-005833,SR-26-01418,Submitted,Approved,2026-01-05,Ashen Rathnayake
SH-005834,SR-26-01418,Approved,In Progress,2026-01-06,Ashen Rathnayake
SH-005835,SR-26-01418,In Progress,QC,2026-01-07,Ashen Rathnayake
SH-005836,SR-26-01418,QC,Completed,2026-01-07,Ashen Rathnayake
SH-005837,SR-26-01419,Submitted,Approved,2026-01-06,Dulani Jayasuriya
SH-005838,SR-26-01419,Approved,In Progress,2026-01-07,Dulani Jayasuriya
SH-005839,SR-26-01419,In Progress,QC,2026-01-09,Dulani Jayasuriya
SH-005840,SR-26-01419,QC,Completed,2026-01-10,Dulani Jayasuriya
SH-005841,SR-26-01420,Submitted,Approved,2026-01-07,Nethmi Perera
SH-005842,SR-26-01420,Approved,In Progress,2026-01-08,Nethmi Perera
SH-005843,SR-26-01420,In Progress,QC,2026-01-09,Nethmi Perera
SH-005844,SR-26-01420,QC,Completed,2026-01-10,Nethmi Perera
SH-005845,SR-26-01421,Submitted,Approved,2026-01-07,Nethmi Perera
SH-005846,SR-26-01421,Approved,In Progress,2026-01-08,Nethmi Perera
SH-005847,SR-26-01421,In Progress,QC,2026-01-08,Nethmi Perera
SH-005848,SR-26-01421,QC,Completed,2026-01-09,Nethmi Perera
SH-005849,SR-26-01422,Submitted,Approved,2026-01-07,Nethmi Perera
SH-005850,SR-26-01422,Approved,In Progress,2026-01-08,Nethmi Perera
SH-005851,SR-26-01422,In Progress,QC,2026-01-10,Nethmi Perera
SH-005852,SR-26-01422,QC,Completed,2026-01-11,Nethmi Perera
SH-005853,SR-26-01423,Submitted,Approved,2026-01-08,Dulani Jayasuriya
SH-005854,SR-26-01423,Approved,In Progress,2026-01-10,Dulani Jayasuriya
SH-005855,SR-26-01423,In Progress,QC,2026-01-12,Dulani Jayasuriya
SH-005856,SR-26-01423,QC,Completed,2026-01-14,Dulani Jayasuriya
SH-005857,SR-26-01424,Submitted,Approved,2026-01-08,Kavindu Fernando
SH-005858,SR-26-01424,Approved,In Progress,2026-01-09,Kavindu Fernando
SH-005859,SR-26-01424,In Progress,QC,2026-01-09,Kavindu Fernando
SH-005860,SR-26-01424,QC,Completed,2026-01-10,Kavindu Fernando
SH-005861,SR-26-01425,Submitted,Approved,2026-01-08,Ashen Rathnayake
SH-005862,SR-26-01425,Approved,In Progress,2026-01-09,Ashen Rathnayake
SH-005863,SR-26-01425,In Progress,QC,2026-01-09,Ashen Rathnayake
SH-005864,SR-26-01425,QC,Completed,2026-01-10,Ashen Rathnayake
SH-005865,SR-26-01426,Submitted,Approved,2026-01-09,Ashen Rathnayake
SH-005866,SR-26-01426,Approved,In Progress,2026-01-10,Ashen Rathnayake
SH-005867,SR-26-01426,In Progress,QC,2026-01-10,Ashen Rathnayake
SH-005868,SR-26-01426,QC,Completed,2026-01-11,Ashen Rathnayake
SH-005869,SR-26-01427,Submitted,Approved,2026-01-08,Dulani Jayasuriya
SH-005870,SR-26-01427,Approved,In Progress,2026-01-09,Dulani Jayasuriya
SH-005871,SR-26-01427,In Progress,QC,2026-01-10,Dulani Jayasuriya
SH-005872,SR-26-01427,QC,Completed,2026-01-10,Dulani Jayasuriya
SH-005873,SR-26-01428,Submitted,Approved,2026-01-10,Hiruni Gunasekara
SH-005874,SR-26-01428,Approved,In Progress,2026-01-12,Hiruni Gunasekara
SH-005875,SR-26-01428,In Progress,QC,2026-01-13,Hiruni Gunasekara
SH-005876,SR-26-01428,QC,Completed,2026-01-15,Hiruni Gunasekara
SH-005877,SR-26-01429,Submitted,Approved,2026-01-09,Nethmi Perera
SH-005878,SR-26-01429,Approved,In Progress,2026-01-10,Nethmi Perera
SH-005879,SR-26-01429,In Progress,QC,2026-01-10,Nethmi Perera
SH-005880,SR-26-01429,QC,Completed,2026-01-11,Nethmi Perera
SH-005881,SR-26-01430,Submitted,Approved,2026-01-10,Hiruni Gunasekara
SH-005882,SR-26-01430,Approved,In Progress,2026-01-11,Hiruni Gunasekara
SH-005883,SR-26-01430,In Progress,QC,2026-01-13,Hiruni Gunasekara
SH-005884,SR-26-01430,QC,Completed,2026-01-14,Hiruni Gunasekara
SH-005885,SR-26-01431,Submitted,Approved,2026-01-10,Nethmi Perera
SH-005886,SR-26-01431,Approved,In Progress,2026-01-11,Nethmi Perera
SH-005887,SR-26-01431,In Progress,QC,2026-01-11,Nethmi Perera
SH-005888,SR-26-01431,QC,Completed,2026-01-12,Nethmi Perera
SH-005889,SR-26-01432,Submitted,Approved,2026-01-11,Hiruni Gunasekara
SH-005890,SR-26-01432,Approved,In Progress,2026-01-12,Hiruni Gunasekara
SH-005891,SR-26-01432,In Progress,QC,2026-01-13,Hiruni Gunasekara
SH-005892,SR-26-01432,QC,Completed,2026-01-15,Hiruni Gunasekara
SH-005893,SR-26-01433,Submitted,Approved,2026-01-10,Ashen Rathnayake
SH-005894,SR-26-01433,Approved,In Progress,2026-01-11,Ashen Rathnayake
SH-005895,SR-26-01433,In Progress,QC,2026-01-13,Ashen Rathnayake
SH-005896,SR-26-01433,QC,Completed,2026-01-14,Ashen Rathnayake
SH-005897,SR-26-01434,Submitted,Approved,2026-01-11,Kavindu Fernando
SH-005898,SR-26-01434,Approved,In Progress,2026-01-12,Kavindu Fernando
SH-005899,SR-26-01434,In Progress,QC,2026-01-13,Kavindu Fernando
SH-005900,SR-26-01434,QC,Completed,2026-01-15,Kavindu Fernando
SH-005901,SR-26-01435,Submitted,Approved,2026-01-11,Ashen Rathnayake
SH-005902,SR-26-01435,Approved,In Progress,2026-01-12,Ashen Rathnayake
SH-005903,SR-26-01435,In Progress,QC,2026-01-14,Ashen Rathnayake
SH-005904,SR-26-01435,QC,Completed,2026-01-15,Ashen Rathnayake
SH-005905,SR-26-01436,Submitted,Approved,2026-01-12,Ashen Rathnayake
SH-005906,SR-26-01436,Approved,In Progress,2026-01-13,Ashen Rathnayake
SH-005907,SR-26-01436,In Progress,QC,2026-01-14,Ashen Rathnayake
SH-005908,SR-26-01436,QC,Completed,2026-01-16,Ashen Rathnayake
SH-005909,SR-26-01437,Submitted,Approved,2026-01-11,Sachini Silva
SH-005910,SR-26-01437,Approved,In Progress,2026-01-12,Sachini Silva
SH-005911,SR-26-01437,In Progress,QC,2026-01-12,Sachini Silva
SH-005912,SR-26-01437,QC,Completed,2026-01-13,Sachini Silva
SH-005913,SR-26-01438,Submitted,Approved,2026-01-11,Kavindu Fernando
SH-005914,SR-26-01438,Approved,In Progress,2026-01-12,Kavindu Fernando
SH-005915,SR-26-01438,In Progress,QC,2026-01-14,Kavindu Fernando
SH-005916,SR-26-01438,QC,Completed,2026-01-15,Kavindu Fernando
SH-005917,SR-26-01439,Submitted,Approved,2026-01-13,Hiruni Gunasekara
SH-005918,SR-26-01439,Approved,In Progress,2026-01-14,Hiruni Gunasekara
SH-005919,SR-26-01439,In Progress,QC,2026-01-15,Hiruni Gunasekara
SH-005920,SR-26-01439,QC,Completed,2026-01-16,Hiruni Gunasekara
SH-005921,SR-26-01440,Submitted,Approved,2026-01-14,Sachini Silva
SH-005922,SR-26-01440,Approved,In Progress,2026-01-16,Sachini Silva
SH-005923,SR-26-01440,In Progress,QC,2026-01-17,Sachini Silva
SH-005924,SR-26-01440,QC,Completed,2026-01-19,Sachini Silva
SH-005925,SR-26-01441,Submitted,Approved,2026-01-15,Ashen Rathnayake
SH-005926,SR-26-01441,Approved,In Progress,2026-01-17,Ashen Rathnayake
SH-005927,SR-26-01441,In Progress,QC,2026-01-18,Ashen Rathnayake
SH-005928,SR-26-01441,QC,Completed,2026-01-20,Ashen Rathnayake
SH-005929,SR-26-01442,Submitted,Approved,2026-01-14,Nethmi Perera
SH-005930,SR-26-01442,Approved,In Progress,2026-01-15,Nethmi Perera
SH-005931,SR-26-01442,In Progress,QC,2026-01-16,Nethmi Perera
SH-005932,SR-26-01442,QC,Completed,2026-01-17,Nethmi Perera
SH-005933,SR-26-01443,Submitted,Approved,2026-01-15,Nethmi Perera
SH-005934,SR-26-01443,Approved,In Progress,2026-01-17,Nethmi Perera
SH-005935,SR-26-01443,In Progress,QC,2026-01-19,Nethmi Perera
SH-005936,SR-26-01443,QC,Completed,2026-01-21,Nethmi Perera
SH-005937,SR-26-01444,Submitted,Approved,2026-01-15,Nethmi Perera
SH-005938,SR-26-01444,Approved,In Progress,2026-01-16,Nethmi Perera
SH-005939,SR-26-01444,In Progress,QC,2026-01-18,Nethmi Perera
SH-005940,SR-26-01444,QC,Completed,2026-01-19,Nethmi Perera
SH-005941,SR-26-01445,Submitted,Approved,2026-01-14,Kavindu Fernando
SH-005942,SR-26-01445,Approved,In Progress,2026-01-15,Kavindu Fernando
SH-005943,SR-26-01445,In Progress,QC,2026-01-16,Kavindu Fernando
SH-005944,SR-26-01445,QC,Completed,2026-01-16,Kavindu Fernando
SH-005945,SR-26-01446,Submitted,Approved,2026-01-15,Hiruni Gunasekara
SH-005946,SR-26-01446,Approved,In Progress,2026-01-16,Hiruni Gunasekara
SH-005947,SR-26-01446,In Progress,QC,2026-01-16,Hiruni Gunasekara
SH-005948,SR-26-01446,QC,Completed,2026-01-17,Hiruni Gunasekara
SH-005949,SR-26-01447,Submitted,Approved,2026-01-15,Ashen Rathnayake
SH-005950,SR-26-01447,Approved,In Progress,2026-01-16,Ashen Rathnayake
SH-005951,SR-26-01447,In Progress,QC,2026-01-16,Ashen Rathnayake
SH-005952,SR-26-01447,QC,Completed,2026-01-17,Ashen Rathnayake
SH-005953,SR-26-01448,Submitted,Approved,2026-01-16,Dulani Jayasuriya
SH-005954,SR-26-01448,Approved,In Progress,2026-01-17,Dulani Jayasuriya
SH-005955,SR-26-01448,In Progress,QC,2026-01-19,Dulani Jayasuriya
SH-005956,SR-26-01448,QC,Completed,2026-01-20,Dulani Jayasuriya
SH-005957,SR-26-01449,Submitted,Approved,2026-01-15,Sachini Silva
SH-005958,SR-26-01449,Approved,In Progress,2026-01-15,Sachini Silva
SH-005959,SR-26-01449,In Progress,QC,2026-01-16,Sachini Silva
SH-005960,SR-26-01449,QC,Completed,2026-01-16,Sachini Silva
SH-005961,SR-26-01450,Submitted,Approved,2026-01-16,Sachini Silva
SH-005962,SR-26-01450,Approved,In Progress,2026-01-17,Sachini Silva
SH-005963,SR-26-01450,In Progress,QC,2026-01-17,Sachini Silva
SH-005964,SR-26-01450,QC,Completed,2026-01-18,Sachini Silva
SH-005965,SR-26-01451,Submitted,Approved,2026-01-17,Sachini Silva
SH-005966,SR-26-01451,Approved,In Progress,2026-01-19,Sachini Silva
SH-005967,SR-26-01451,In Progress,QC,2026-01-21,Sachini Silva
SH-005968,SR-26-01451,QC,Completed,2026-01-23,Sachini Silva
SH-005969,SR-26-01452,Submitted,Approved,2026-01-16,Nethmi Perera
SH-005970,SR-26-01452,Approved,In Progress,2026-01-17,Nethmi Perera
SH-005971,SR-26-01452,In Progress,QC,2026-01-19,Nethmi Perera
SH-005972,SR-26-01452,QC,Completed,2026-01-20,Nethmi Perera
SH-005973,SR-26-01453,Submitted,Approved,2026-01-17,Sachini Silva
SH-005974,SR-26-01453,Approved,In Progress,2026-01-18,Sachini Silva
SH-005975,SR-26-01453,In Progress,QC,2026-01-19,Sachini Silva
SH-005976,SR-26-01453,QC,Completed,2026-01-21,Sachini Silva
SH-005977,SR-26-01454,Submitted,Approved,2026-01-18,Nethmi Perera
SH-005978,SR-26-01454,Approved,In Progress,2026-01-20,Nethmi Perera
SH-005979,SR-26-01454,In Progress,QC,2026-01-22,Nethmi Perera
SH-005980,SR-26-01454,QC,Completed,2026-01-24,Nethmi Perera
SH-005981,SR-26-01455,Submitted,Approved,2026-01-17,Ashen Rathnayake
SH-005982,SR-26-01455,Approved,In Progress,2026-01-18,Ashen Rathnayake
SH-005983,SR-26-01455,In Progress,QC,2026-01-19,Ashen Rathnayake
SH-005984,SR-26-01455,QC,Completed,2026-01-20,Ashen Rathnayake
SH-005985,SR-26-01456,Submitted,Approved,2026-01-17,Sachini Silva
SH-005986,SR-26-01456,Approved,In Progress,2026-01-18,Sachini Silva
SH-005987,SR-26-01456,In Progress,QC,2026-01-18,Sachini Silva
SH-005988,SR-26-01456,QC,Completed,2026-01-19,Sachini Silva
SH-005989,SR-26-01457,Submitted,Approved,2026-01-21,Sachini Silva
SH-005990,SR-26-01457,Approved,In Progress,2026-01-23,Sachini Silva
SH-005991,SR-26-01457,In Progress,QC,2026-01-26,Sachini Silva
SH-005992,SR-26-01457,QC,Completed,2026-01-28,Sachini Silva
SH-005993,SR-26-01458,Submitted,Approved,2026-01-21,Nethmi Perera
SH-005994,SR-26-01458,Approved,In Progress,2026-01-22,Nethmi Perera
SH-005995,SR-26-01458,In Progress,QC,2026-01-23,Nethmi Perera
SH-005996,SR-26-01458,QC,Completed,2026-01-25,Nethmi Perera
SH-005997,SR-26-01459,Submitted,Approved,2026-01-21,Hiruni Gunasekara
SH-005998,SR-26-01459,Approved,In Progress,2026-01-23,Hiruni Gunasekara
SH-005999,SR-26-01459,In Progress,QC,2026-01-24,Hiruni Gunasekara
SH-006000,SR-26-01459,QC,Completed,2026-01-26,Hiruni Gunasekara
SH-006001,SR-26-01460,Submitted,Approved,2026-01-19,Sachini Silva
SH-006002,SR-26-01460,Approved,In Progress,2026-01-20,Sachini Silva
SH-006003,SR-26-01460,In Progress,QC,2026-01-21,Sachini Silva
SH-006004,SR-26-01460,QC,Completed,2026-01-21,Sachini Silva
SH-006005,SR-26-01461,Submitted,Approved,2026-01-20,Ashen Rathnayake
SH-006006,SR-26-01461,Approved,In Progress,2026-01-21,Ashen Rathnayake
SH-006007,SR-26-01461,In Progress,QC,2026-01-21,Ashen Rathnayake
SH-006008,SR-26-01461,QC,Completed,2026-01-22,Ashen Rathnayake
SH-006009,SR-26-01462,Submitted,Approved,2026-01-19,Hiruni Gunasekara
SH-006010,SR-26-01462,Approved,In Progress,2026-01-20,Hiruni Gunasekara
SH-006011,SR-26-01462,In Progress,QC,2026-01-21,Hiruni Gunasekara
SH-006012,SR-26-01462,QC,Completed,2026-01-21,Hiruni Gunasekara
SH-006013,SR-26-01463,Submitted,Approved,2026-01-21,Dulani Jayasuriya
SH-006014,SR-26-01463,Approved,In Progress,2026-01-22,Dulani Jayasuriya
SH-006015,SR-26-01463,In Progress,QC,2026-01-22,Dulani Jayasuriya
SH-006016,SR-26-01463,QC,Completed,2026-01-23,Dulani Jayasuriya
SH-006017,SR-26-01464,Submitted,Approved,2026-01-21,Kavindu Fernando
SH-006018,SR-26-01464,Approved,In Progress,2026-01-22,Kavindu Fernando
SH-006019,SR-26-01464,In Progress,QC,2026-01-24,Kavindu Fernando
SH-006020,SR-26-01464,QC,Completed,2026-01-25,Kavindu Fernando
SH-006021,SR-26-01465,Submitted,Approved,2026-01-23,Kavindu Fernando
SH-006022,SR-26-01465,Approved,In Progress,2026-01-25,Kavindu Fernando
SH-006023,SR-26-01465,In Progress,QC,2026-01-26,Kavindu Fernando
SH-006024,SR-26-01465,QC,Completed,2026-01-28,Kavindu Fernando
SH-006025,SR-26-01466,Submitted,Approved,2026-01-22,Hiruni Gunasekara
SH-006026,SR-26-01466,Approved,In Progress,2026-01-23,Hiruni Gunasekara
SH-006027,SR-26-01466,In Progress,QC,2026-01-23,Hiruni Gunasekara
SH-006028,SR-26-01466,QC,Completed,2026-01-24,Hiruni Gunasekara
SH-006029,SR-26-01467,Submitted,Approved,2026-01-24,Dulani Jayasuriya
SH-006030,SR-26-01467,Approved,In Progress,2026-01-26,Dulani Jayasuriya
SH-006031,SR-26-01467,In Progress,QC,2026-01-27,Dulani Jayasuriya
SH-006032,SR-26-01467,QC,Completed,2026-01-29,Dulani Jayasuriya
SH-006033,SR-26-01468,Submitted,Approved,2026-01-24,Kavindu Fernando
SH-006034,SR-26-01468,Approved,In Progress,2026-01-25,Kavindu Fernando
SH-006035,SR-26-01468,In Progress,QC,2026-01-26,Kavindu Fernando
SH-006036,SR-26-01468,QC,Completed,2026-01-28,Kavindu Fernando
SH-006037,SR-26-01469,Submitted,Approved,2026-01-24,Nethmi Perera
SH-006038,SR-26-01469,Approved,In Progress,2026-01-26,Nethmi Perera
SH-006039,SR-26-01469,In Progress,QC,2026-01-27,Nethmi Perera
SH-006040,SR-26-01469,QC,Completed,2026-01-29,Nethmi Perera
SH-006041,SR-26-01470,Submitted,Approved,2026-01-23,Sachini Silva
SH-006042,SR-26-01470,Approved,In Progress,2026-01-24,Sachini Silva
SH-006043,SR-26-01470,In Progress,QC,2026-01-26,Sachini Silva
SH-006044,SR-26-01470,QC,Completed,2026-01-27,Sachini Silva
SH-006045,SR-26-01471,Submitted,Approved,2026-01-23,Sachini Silva
SH-006046,SR-26-01471,Approved,In Progress,2026-01-24,Sachini Silva
SH-006047,SR-26-01471,In Progress,QC,2026-01-26,Sachini Silva
SH-006048,SR-26-01471,QC,Completed,2026-01-27,Sachini Silva
SH-006049,SR-26-01472,Submitted,Approved,2026-01-24,Hiruni Gunasekara
SH-006050,SR-26-01472,Approved,In Progress,2026-01-25,Hiruni Gunasekara
SH-006051,SR-26-01472,In Progress,QC,2026-01-26,Hiruni Gunasekara
SH-006052,SR-26-01472,QC,Completed,2026-01-28,Hiruni Gunasekara
SH-006053,SR-26-01473,Submitted,Approved,2026-01-23,Dulani Jayasuriya
SH-006054,SR-26-01473,Approved,In Progress,2026-01-24,Dulani Jayasuriya
SH-006055,SR-26-01473,In Progress,QC,2026-01-26,Dulani Jayasuriya
SH-006056,SR-26-01473,QC,Completed,2026-01-27,Dulani Jayasuriya
SH-006057,SR-26-01474,Submitted,Approved,2026-01-22,Sachini Silva
SH-006058,SR-26-01474,Approved,In Progress,2026-01-23,Sachini Silva
SH-006059,SR-26-01474,In Progress,QC,2026-01-24,Sachini Silva
SH-006060,SR-26-01474,QC,Completed,2026-01-24,Sachini Silva
SH-006061,SR-26-01475,Submitted,Approved,2026-01-24,Sachini Silva
SH-006062,SR-26-01475,Approved,In Progress,2026-01-25,Sachini Silva
SH-006063,SR-26-01475,In Progress,QC,2026-01-26,Sachini Silva
SH-006064,SR-26-01475,QC,Completed,2026-01-27,Sachini Silva
SH-006065,SR-26-01476,Submitted,Approved,2026-01-23,Sachini Silva
SH-006066,SR-26-01476,Approved,In Progress,2026-01-24,Sachini Silva
SH-006067,SR-26-01476,In Progress,QC,2026-01-25,Sachini Silva
SH-006068,SR-26-01476,QC,Completed,2026-01-25,Sachini Silva
SH-006069,SR-26-01477,Submitted,Approved,2026-01-24,Sachini Silva
SH-006070,SR-26-01477,Approved,In Progress,2026-01-24,Sachini Silva
SH-006071,SR-26-01477,In Progress,QC,2026-01-25,Sachini Silva
SH-006072,SR-26-01477,QC,Rework,2026-01-26,Sachini Silva
SH-006073,SR-26-01477,Rework,QC,2026-01-26,Sachini Silva
SH-006074,SR-26-01477,QC,Completed,2026-01-27,Sachini Silva
SH-006075,SR-26-01478,Submitted,Approved,2026-01-24,Nethmi Perera
SH-006076,SR-26-01478,Approved,In Progress,2026-01-25,Nethmi Perera
SH-006077,SR-26-01478,In Progress,QC,2026-01-26,Nethmi Perera
SH-006078,SR-26-01478,QC,Completed,2026-01-26,Nethmi Perera
SH-006079,SR-26-01479,Submitted,Approved,2026-01-26,Dulani Jayasuriya
SH-006080,SR-26-01479,Approved,In Progress,2026-01-28,Dulani Jayasuriya
SH-006081,SR-26-01479,In Progress,QC,2026-01-31,Dulani Jayasuriya
SH-006082,SR-26-01479,QC,Completed,2026-02-02,Dulani Jayasuriya
SH-006083,SR-26-01480,Submitted,Approved,2026-01-26,Nethmi Perera
SH-006084,SR-26-01480,Approved,In Progress,2026-01-28,Nethmi Perera
SH-006085,SR-26-01480,In Progress,QC,2026-01-30,Nethmi Perera
SH-006086,SR-26-01480,QC,Rework,2026-01-31,Nethmi Perera
SH-006087,SR-26-01480,Rework,QC,2026-02-02,Nethmi Perera
SH-006088,SR-26-01480,QC,Completed,2026-02-04,Nethmi Perera
SH-006089,SR-26-01481,Submitted,Approved,2026-01-25,Nethmi Perera
SH-006090,SR-26-01481,Approved,In Progress,2026-01-26,Nethmi Perera
SH-006091,SR-26-01481,In Progress,QC,2026-01-27,Nethmi Perera
SH-006092,SR-26-01481,QC,Completed,2026-01-28,Nethmi Perera
SH-006093,SR-26-01482,Submitted,Approved,2026-01-24,Sachini Silva
SH-006094,SR-26-01482,Approved,In Progress,2026-01-25,Sachini Silva
SH-006095,SR-26-01482,In Progress,QC,2026-01-26,Sachini Silva
SH-006096,SR-26-01482,QC,Completed,2026-01-26,Sachini Silva
SH-006097,SR-26-01483,Submitted,Approved,2026-01-26,Nethmi Perera
SH-006098,SR-26-01483,Approved,In Progress,2026-01-28,Nethmi Perera
SH-006099,SR-26-01483,In Progress,QC,2026-01-29,Nethmi Perera
SH-006100,SR-26-01483,QC,Completed,2026-01-31,Nethmi Perera
SH-006101,SR-26-01484,Submitted,Approved,2026-01-26,Sachini Silva
SH-006102,SR-26-01484,Approved,In Progress,2026-01-28,Sachini Silva
SH-006103,SR-26-01484,In Progress,QC,2026-01-29,Sachini Silva
SH-006104,SR-26-01484,QC,Completed,2026-01-31,Sachini Silva
SH-006105,SR-26-01485,Submitted,Approved,2026-01-27,Sachini Silva
SH-006106,SR-26-01485,Approved,In Progress,2026-01-28,Sachini Silva
SH-006107,SR-26-01485,In Progress,QC,2026-01-28,Sachini Silva
SH-006108,SR-26-01485,QC,Completed,2026-01-29,Sachini Silva
SH-006109,SR-26-01486,Submitted,Approved,2026-01-29,Hiruni Gunasekara
SH-006110,SR-26-01486,Approved,In Progress,2026-01-30,Hiruni Gunasekara
SH-006111,SR-26-01486,In Progress,QC,2026-01-31,Hiruni Gunasekara
SH-006112,SR-26-01486,QC,Completed,2026-02-02,Hiruni Gunasekara
SH-006113,SR-26-01487,Submitted,Approved,2026-01-28,Ashen Rathnayake
SH-006114,SR-26-01487,Approved,In Progress,2026-01-29,Ashen Rathnayake
SH-006115,SR-26-01487,In Progress,QC,2026-01-30,Ashen Rathnayake
SH-006116,SR-26-01487,QC,Completed,2026-01-31,Ashen Rathnayake
SH-006117,SR-26-01488,Submitted,Approved,2026-01-29,Ashen Rathnayake
SH-006118,SR-26-01488,Approved,In Progress,2026-01-31,Ashen Rathnayake
SH-006119,SR-26-01488,In Progress,QC,2026-02-01,Ashen Rathnayake
SH-006120,SR-26-01488,QC,Completed,2026-02-03,Ashen Rathnayake
SH-006121,SR-26-01489,Submitted,Approved,2026-01-30,Kavindu Fernando
SH-006122,SR-26-01489,Approved,In Progress,2026-02-01,Kavindu Fernando
SH-006123,SR-26-01489,In Progress,QC,2026-02-02,Kavindu Fernando
SH-006124,SR-26-01489,QC,Completed,2026-02-04,Kavindu Fernando
SH-006125,SR-26-01490,Submitted,Approved,2026-01-29,Nethmi Perera
SH-006126,SR-26-01490,Approved,In Progress,2026-01-30,Nethmi Perera
SH-006127,SR-26-01490,In Progress,QC,2026-02-01,Nethmi Perera
SH-006128,SR-26-01490,QC,Completed,2026-02-02,Nethmi Perera
SH-006129,SR-26-01491,Submitted,Approved,2026-01-29,Kavindu Fernando
SH-006130,SR-26-01491,Approved,In Progress,2026-01-30,Kavindu Fernando
SH-006131,SR-26-01491,In Progress,QC,2026-01-30,Kavindu Fernando
SH-006132,SR-26-01491,QC,Completed,2026-01-31,Kavindu Fernando
SH-006133,SR-26-01492,Submitted,Approved,2026-01-28,Sachini Silva
SH-006134,SR-26-01492,Approved,In Progress,2026-01-28,Sachini Silva
SH-006135,SR-26-01492,In Progress,QC,2026-01-29,Sachini Silva
SH-006136,SR-26-01492,QC,Completed,2026-01-29,Sachini Silva
SH-006137,SR-26-01493,Submitted,Approved,2026-01-29,Kavindu Fernando
SH-006138,SR-26-01493,Approved,In Progress,2026-01-30,Kavindu Fernando
SH-006139,SR-26-01493,In Progress,QC,2026-01-31,Kavindu Fernando
SH-006140,SR-26-01493,QC,Completed,2026-02-01,Kavindu Fernando
SH-006141,SR-26-01494,Submitted,Approved,2026-01-31,Dulani Jayasuriya
SH-006142,SR-26-01494,Approved,In Progress,2026-02-02,Dulani Jayasuriya
SH-006143,SR-26-01494,In Progress,QC,2026-02-05,Dulani Jayasuriya
SH-006144,SR-26-01494,QC,Completed,2026-02-07,Dulani Jayasuriya
SH-006145,SR-26-01495,Submitted,Approved,2026-01-30,Dulani Jayasuriya
SH-006146,SR-26-01495,Approved,In Progress,2026-01-31,Dulani Jayasuriya
SH-006147,SR-26-01495,In Progress,QC,2026-01-31,Dulani Jayasuriya
SH-006148,SR-26-01495,QC,Completed,2026-02-01,Dulani Jayasuriya
SH-006149,SR-26-01496,Submitted,Approved,2026-01-31,Sachini Silva
SH-006150,SR-26-01496,Approved,In Progress,2026-02-02,Sachini Silva
SH-006151,SR-26-01496,In Progress,QC,2026-02-03,Sachini Silva
SH-006152,SR-26-01496,QC,Completed,2026-02-05,Sachini Silva
SH-006153,SR-26-01497,Submitted,Approved,2026-01-31,Kavindu Fernando
SH-006154,SR-26-01497,Approved,In Progress,2026-02-02,Kavindu Fernando
SH-006155,SR-26-01497,In Progress,QC,2026-02-03,Kavindu Fernando
SH-006156,SR-26-01497,QC,Completed,2026-02-05,Kavindu Fernando
SH-006157,SR-26-01498,Submitted,Approved,2026-01-31,Kavindu Fernando
SH-006158,SR-26-01498,Approved,In Progress,2026-02-01,Kavindu Fernando
SH-006159,SR-26-01498,In Progress,QC,2026-02-02,Kavindu Fernando
SH-006160,SR-26-01498,QC,Rework,2026-02-04,Kavindu Fernando
SH-006161,SR-26-01498,Rework,QC,2026-02-06,Kavindu Fernando
SH-006162,SR-26-01498,QC,Completed,2026-02-07,Kavindu Fernando
SH-006163,SR-26-01499,Submitted,Approved,2026-01-30,Nethmi Perera
SH-006164,SR-26-01499,Approved,In Progress,2026-01-31,Nethmi Perera
SH-006165,SR-26-01499,In Progress,QC,2026-02-02,Nethmi Perera
SH-006166,SR-26-01499,QC,Completed,2026-02-03,Nethmi Perera
SH-006167,SR-26-01500,Submitted,Approved,2026-01-29,Nethmi Perera
SH-006168,SR-26-01500,Approved,In Progress,2026-01-30,Nethmi Perera
SH-006169,SR-26-01500,In Progress,QC,2026-01-31,Nethmi Perera
SH-006170,SR-26-01500,QC,Completed,2026-01-31,Nethmi Perera
SH-006171,SR-26-01501,Submitted,Approved,2026-01-31,Dulani Jayasuriya
SH-006172,SR-26-01501,Approved,In Progress,2026-02-01,Dulani Jayasuriya
SH-006173,SR-26-01501,In Progress,QC,2026-02-02,Dulani Jayasuriya
SH-006174,SR-26-01501,QC,Completed,2026-02-04,Dulani Jayasuriya
SH-006175,SR-26-01502,Submitted,Approved,2026-01-31,Sachini Silva
SH-006176,SR-26-01502,Approved,In Progress,2026-02-01,Sachini Silva
SH-006177,SR-26-01502,In Progress,QC,2026-02-01,Sachini Silva
SH-006178,SR-26-01502,QC,Completed,2026-02-02,Sachini Silva
SH-006179,SR-26-01503,Submitted,Approved,2026-02-01,Kavindu Fernando
SH-006180,SR-26-01503,Approved,In Progress,2026-02-02,Kavindu Fernando
SH-006181,SR-26-01503,In Progress,QC,2026-02-03,Kavindu Fernando
SH-006182,SR-26-01503,QC,Completed,2026-02-05,Kavindu Fernando
SH-006183,SR-26-01504,Submitted,Approved,2026-02-01,Nethmi Perera
SH-006184,SR-26-01504,Approved,In Progress,2026-02-03,Nethmi Perera
SH-006185,SR-26-01504,In Progress,QC,2026-02-05,Nethmi Perera
SH-006186,SR-26-01504,QC,Completed,2026-02-07,Nethmi Perera
SH-006187,SR-26-01505,Submitted,Approved,2026-02-01,Sachini Silva
SH-006188,SR-26-01505,Approved,In Progress,2026-02-02,Sachini Silva
SH-006189,SR-26-01505,In Progress,QC,2026-02-04,Sachini Silva
SH-006190,SR-26-01505,QC,Completed,2026-02-05,Sachini Silva
SH-006191,SR-26-01506,Submitted,Approved,2026-02-02,Dulani Jayasuriya
SH-006192,SR-26-01506,Approved,In Progress,2026-02-02,Dulani Jayasuriya
SH-006193,SR-26-01506,In Progress,QC,2026-02-03,Dulani Jayasuriya
SH-006194,SR-26-01506,QC,Completed,2026-02-03,Dulani Jayasuriya
SH-006195,SR-26-01507,Submitted,Approved,2026-02-03,Ashen Rathnayake
SH-006196,SR-26-01507,Approved,In Progress,2026-02-04,Ashen Rathnayake
SH-006197,SR-26-01507,In Progress,QC,2026-02-05,Ashen Rathnayake
SH-006198,SR-26-01507,QC,Completed,2026-02-06,Ashen Rathnayake
SH-006199,SR-26-01508,Submitted,Approved,2026-02-05,Nethmi Perera
SH-006200,SR-26-01508,Approved,In Progress,2026-02-07,Nethmi Perera
SH-006201,SR-26-01508,In Progress,QC,2026-02-08,Nethmi Perera
SH-006202,SR-26-01508,QC,Completed,2026-02-10,Nethmi Perera
SH-006203,SR-26-01509,Submitted,Approved,2026-02-04,Ashen Rathnayake
SH-006204,SR-26-01509,Approved,In Progress,2026-02-05,Ashen Rathnayake
SH-006205,SR-26-01509,In Progress,QC,2026-02-06,Ashen Rathnayake
SH-006206,SR-26-01509,QC,Completed,2026-02-07,Ashen Rathnayake
SH-006207,SR-26-01510,Submitted,Approved,2026-02-04,Nethmi Perera
SH-006208,SR-26-01510,Approved,In Progress,2026-02-05,Nethmi Perera
SH-006209,SR-26-01510,In Progress,QC,2026-02-06,Nethmi Perera
SH-006210,SR-26-01510,QC,Completed,2026-02-07,Nethmi Perera
SH-006211,SR-26-01511,Submitted,Approved,2026-02-05,Hiruni Gunasekara
SH-006212,SR-26-01511,Approved,In Progress,2026-02-06,Hiruni Gunasekara
SH-006213,SR-26-01511,In Progress,QC,2026-02-07,Hiruni Gunasekara
SH-006214,SR-26-01511,QC,Completed,2026-02-09,Hiruni Gunasekara
SH-006215,SR-26-01512,Submitted,Approved,2026-02-06,Ashen Rathnayake
SH-006216,SR-26-01512,Approved,In Progress,2026-02-07,Ashen Rathnayake
SH-006217,SR-26-01512,In Progress,QC,2026-02-08,Ashen Rathnayake
SH-006218,SR-26-01512,QC,Completed,2026-02-10,Ashen Rathnayake
SH-006219,SR-26-01513,Submitted,Approved,2026-02-05,Hiruni Gunasekara
SH-006220,SR-26-01513,Approved,In Progress,2026-02-06,Hiruni Gunasekara
SH-006221,SR-26-01513,In Progress,QC,2026-02-06,Hiruni Gunasekara
SH-006222,SR-26-01513,QC,Completed,2026-02-07,Hiruni Gunasekara
SH-006223,SR-26-01514,Submitted,Approved,2026-02-05,Nethmi Perera
SH-006224,SR-26-01514,Approved,In Progress,2026-02-06,Nethmi Perera
SH-006225,SR-26-01514,In Progress,QC,2026-02-07,Nethmi Perera
SH-006226,SR-26-01514,QC,Completed,2026-02-08,Nethmi Perera
SH-006227,SR-26-01515,Submitted,Approved,2026-02-06,Ashen Rathnayake
SH-006228,SR-26-01515,Approved,In Progress,2026-02-07,Ashen Rathnayake
SH-006229,SR-26-01515,In Progress,QC,2026-02-07,Ashen Rathnayake
SH-006230,SR-26-01515,QC,Completed,2026-02-08,Ashen Rathnayake
SH-006231,SR-26-01516,Submitted,Approved,2026-02-08,Nethmi Perera
SH-006232,SR-26-01516,Approved,In Progress,2026-02-10,Nethmi Perera
SH-006233,SR-26-01516,In Progress,QC,2026-02-11,Nethmi Perera
SH-006234,SR-26-01516,QC,Completed,2026-02-13,Nethmi Perera
SH-006235,SR-26-01517,Submitted,Approved,2026-02-06,Dulani Jayasuriya
SH-006236,SR-26-01517,Approved,In Progress,2026-02-06,Dulani Jayasuriya
SH-006237,SR-26-01517,In Progress,QC,2026-02-07,Dulani Jayasuriya
SH-006238,SR-26-01517,QC,Completed,2026-02-07,Dulani Jayasuriya
SH-006239,SR-26-01518,Submitted,Approved,2026-02-07,Dulani Jayasuriya
SH-006240,SR-26-01518,Approved,In Progress,2026-02-08,Dulani Jayasuriya
SH-006241,SR-26-01518,In Progress,QC,2026-02-10,Dulani Jayasuriya
SH-006242,SR-26-01518,QC,Completed,2026-02-11,Dulani Jayasuriya
SH-006243,SR-26-01519,Submitted,Approved,2026-02-07,Sachini Silva
SH-006244,SR-26-01519,Approved,In Progress,2026-02-08,Sachini Silva
SH-006245,SR-26-01519,In Progress,QC,2026-02-09,Sachini Silva
SH-006246,SR-26-01519,QC,Completed,2026-02-10,Sachini Silva
SH-006247,SR-26-01520,Submitted,Approved,2026-02-08,Nethmi Perera
SH-006248,SR-26-01520,Approved,In Progress,2026-02-09,Nethmi Perera
SH-006249,SR-26-01520,In Progress,QC,2026-02-09,Nethmi Perera
SH-006250,SR-26-01520,QC,Completed,2026-02-10,Nethmi Perera
SH-006251,SR-26-01521,Submitted,Approved,2026-02-07,Sachini Silva
SH-006252,SR-26-01521,Approved,In Progress,2026-02-08,Sachini Silva
SH-006253,SR-26-01521,In Progress,QC,2026-02-09,Sachini Silva
SH-006254,SR-26-01521,QC,Completed,2026-02-09,Sachini Silva
SH-006255,SR-26-01522,Submitted,Approved,2026-02-09,Sachini Silva
SH-006256,SR-26-01522,Approved,In Progress,2026-02-11,Sachini Silva
SH-006257,SR-26-01522,In Progress,QC,2026-02-12,Sachini Silva
SH-006258,SR-26-01522,QC,Completed,2026-02-14,Sachini Silva
SH-006259,SR-26-01523,Submitted,Approved,2026-02-09,Sachini Silva
SH-006260,SR-26-01523,Approved,In Progress,2026-02-10,Sachini Silva
SH-006261,SR-26-01523,In Progress,QC,2026-02-11,Sachini Silva
SH-006262,SR-26-01523,QC,Completed,2026-02-13,Sachini Silva
SH-006263,SR-26-01524,Submitted,Approved,2026-02-07,Hiruni Gunasekara
SH-006264,SR-26-01524,Approved,In Progress,2026-02-07,Hiruni Gunasekara
SH-006265,SR-26-01524,In Progress,QC,2026-02-08,Hiruni Gunasekara
SH-006266,SR-26-01524,QC,Completed,2026-02-08,Hiruni Gunasekara
SH-006267,SR-26-01525,Submitted,Approved,2026-02-07,Sachini Silva
SH-006268,SR-26-01525,Approved,In Progress,2026-02-08,Sachini Silva
SH-006269,SR-26-01525,In Progress,QC,2026-02-09,Sachini Silva
SH-006270,SR-26-01525,QC,Completed,2026-02-09,Sachini Silva
SH-006271,SR-26-01526,Submitted,Approved,2026-02-10,Ashen Rathnayake
SH-006272,SR-26-01526,Approved,In Progress,2026-02-11,Ashen Rathnayake
SH-006273,SR-26-01526,In Progress,QC,2026-02-11,Ashen Rathnayake
SH-006274,SR-26-01526,QC,Completed,2026-02-12,Ashen Rathnayake
SH-006275,SR-26-01527,Submitted,Approved,2026-02-11,Dulani Jayasuriya
SH-006276,SR-26-01527,Approved,In Progress,2026-02-13,Dulani Jayasuriya
SH-006277,SR-26-01527,In Progress,QC,2026-02-14,Dulani Jayasuriya
SH-006278,SR-26-01527,QC,Completed,2026-02-16,Dulani Jayasuriya
SH-006279,SR-26-01528,Submitted,Approved,2026-02-10,Kavindu Fernando
SH-006280,SR-26-01528,Approved,In Progress,2026-02-11,Kavindu Fernando
SH-006281,SR-26-01528,In Progress,QC,2026-02-13,Kavindu Fernando
SH-006282,SR-26-01528,QC,Completed,2026-02-14,Kavindu Fernando
SH-006283,SR-26-01529,Submitted,Approved,2026-02-10,Dulani Jayasuriya
SH-006284,SR-26-01529,Approved,In Progress,2026-02-10,Dulani Jayasuriya
SH-006285,SR-26-01529,In Progress,QC,2026-02-11,Dulani Jayasuriya
SH-006286,SR-26-01529,QC,Completed,2026-02-11,Dulani Jayasuriya
SH-006287,SR-26-01530,Submitted,Approved,2026-02-11,Ashen Rathnayake
SH-006288,SR-26-01530,Approved,In Progress,2026-02-12,Ashen Rathnayake
SH-006289,SR-26-01530,In Progress,QC,2026-02-12,Ashen Rathnayake
SH-006290,SR-26-01530,QC,Completed,2026-02-13,Ashen Rathnayake
SH-006291,SR-26-01531,Submitted,Approved,2026-02-10,Hiruni Gunasekara
SH-006292,SR-26-01531,Approved,In Progress,2026-02-10,Hiruni Gunasekara
SH-006293,SR-26-01531,In Progress,QC,2026-02-11,Hiruni Gunasekara
SH-006294,SR-26-01531,QC,Completed,2026-02-11,Hiruni Gunasekara
SH-006295,SR-26-01532,Submitted,Approved,2026-02-12,Dulani Jayasuriya
SH-006296,SR-26-01532,Approved,In Progress,2026-02-13,Dulani Jayasuriya
SH-006297,SR-26-01532,In Progress,QC,2026-02-13,Dulani Jayasuriya
SH-006298,SR-26-01532,QC,Completed,2026-02-14,Dulani Jayasuriya
SH-006299,SR-26-01533,Submitted,Approved,2026-02-13,Ashen Rathnayake
SH-006300,SR-26-01533,Approved,In Progress,2026-02-15,Ashen Rathnayake
SH-006301,SR-26-01533,In Progress,QC,2026-02-16,Ashen Rathnayake
SH-006302,SR-26-01533,QC,Completed,2026-02-18,Ashen Rathnayake
SH-006303,SR-26-01534,Submitted,Approved,2026-02-12,Ashen Rathnayake
SH-006304,SR-26-01534,Approved,In Progress,2026-02-13,Ashen Rathnayake
SH-006305,SR-26-01534,In Progress,QC,2026-02-13,Ashen Rathnayake
SH-006306,SR-26-01534,QC,Completed,2026-02-14,Ashen Rathnayake
SH-006307,SR-26-01535,Submitted,Approved,2026-02-13,Dulani Jayasuriya
SH-006308,SR-26-01535,Approved,In Progress,2026-02-14,Dulani Jayasuriya
SH-006309,SR-26-01535,In Progress,QC,2026-02-16,Dulani Jayasuriya
SH-006310,SR-26-01535,QC,Completed,2026-02-17,Dulani Jayasuriya
SH-006311,SR-26-01536,Submitted,Approved,2026-02-14,Dulani Jayasuriya
SH-006312,SR-26-01536,Approved,In Progress,2026-02-16,Dulani Jayasuriya
SH-006313,SR-26-01536,In Progress,QC,2026-02-17,Dulani Jayasuriya
SH-006314,SR-26-01536,QC,Completed,2026-02-19,Dulani Jayasuriya
SH-006315,SR-26-01537,Submitted,Approved,2026-02-14,Nethmi Perera
SH-006316,SR-26-01537,Approved,In Progress,2026-02-16,Nethmi Perera
SH-006317,SR-26-01537,In Progress,QC,2026-02-17,Nethmi Perera
SH-006318,SR-26-01537,QC,Completed,2026-02-19,Nethmi Perera
SH-006319,SR-26-01538,Submitted,Approved,2026-02-12,Sachini Silva
SH-006320,SR-26-01538,Approved,In Progress,2026-02-13,Sachini Silva
SH-006321,SR-26-01538,In Progress,QC,2026-02-14,Sachini Silva
SH-006322,SR-26-01538,QC,Completed,2026-02-14,Sachini Silva
SH-006323,SR-26-01539,Submitted,Approved,2026-02-13,Dulani Jayasuriya
SH-006324,SR-26-01539,Approved,In Progress,2026-02-14,Dulani Jayasuriya
SH-006325,SR-26-01539,In Progress,QC,2026-02-14,Dulani Jayasuriya
SH-006326,SR-26-01539,QC,Rework,2026-02-15,Dulani Jayasuriya
SH-006327,SR-26-01539,Rework,QC,2026-02-16,Dulani Jayasuriya
SH-006328,SR-26-01539,QC,Completed,2026-02-17,Dulani Jayasuriya
SH-006329,SR-26-01540,Submitted,Approved,2026-02-13,Kavindu Fernando
SH-006330,SR-26-01540,Approved,In Progress,2026-02-14,Kavindu Fernando
SH-006331,SR-26-01540,In Progress,QC,2026-02-15,Kavindu Fernando
SH-006332,SR-26-01540,QC,Completed,2026-02-15,Kavindu Fernando
SH-006333,SR-26-01541,Submitted,Approved,2026-02-15,Sachini Silva
SH-006334,SR-26-01541,Approved,In Progress,2026-02-17,Sachini Silva
SH-006335,SR-26-01541,In Progress,QC,2026-02-19,Sachini Silva
SH-006336,SR-26-01541,QC,Completed,2026-02-21,Sachini Silva
SH-006337,SR-26-01542,Submitted,Approved,2026-02-14,Dulani Jayasuriya
SH-006338,SR-26-01542,Approved,In Progress,2026-02-15,Dulani Jayasuriya
SH-006339,SR-26-01542,In Progress,QC,2026-02-17,Dulani Jayasuriya
SH-006340,SR-26-01542,QC,Completed,2026-02-18,Dulani Jayasuriya
SH-006341,SR-26-01543,Submitted,Approved,2026-02-15,Sachini Silva
SH-006342,SR-26-01543,Approved,In Progress,2026-02-17,Sachini Silva
SH-006343,SR-26-01543,In Progress,QC,2026-02-18,Sachini Silva
SH-006344,SR-26-01543,QC,Completed,2026-02-20,Sachini Silva
SH-006345,SR-26-01544,Submitted,Approved,2026-02-15,Nethmi Perera
SH-006346,SR-26-01544,Approved,In Progress,2026-02-17,Nethmi Perera
SH-006347,SR-26-01544,In Progress,QC,2026-02-19,Nethmi Perera
SH-006348,SR-26-01544,QC,Completed,2026-02-21,Nethmi Perera
SH-006349,SR-26-01545,Submitted,Approved,2026-02-13,Hiruni Gunasekara
SH-006350,SR-26-01545,Approved,In Progress,2026-02-13,Hiruni Gunasekara
SH-006351,SR-26-01545,In Progress,QC,2026-02-14,Hiruni Gunasekara
SH-006352,SR-26-01545,QC,Completed,2026-02-14,Hiruni Gunasekara
SH-006353,SR-26-01546,Submitted,Approved,2026-02-15,Hiruni Gunasekara
SH-006354,SR-26-01546,Approved,In Progress,2026-02-16,Hiruni Gunasekara
SH-006355,SR-26-01546,In Progress,QC,2026-02-16,Hiruni Gunasekara
SH-006356,SR-26-01546,QC,Completed,2026-02-17,Hiruni Gunasekara
SH-006357,SR-26-01547,Submitted,Approved,2026-02-15,Nethmi Perera
SH-006358,SR-26-01547,Approved,In Progress,2026-02-16,Nethmi Perera
SH-006359,SR-26-01547,In Progress,QC,2026-02-18,Nethmi Perera
SH-006360,SR-26-01547,QC,Completed,2026-02-19,Nethmi Perera
SH-006361,SR-26-01548,Submitted,Approved,2026-02-17,Dulani Jayasuriya
SH-006362,SR-26-01548,Approved,In Progress,2026-02-18,Dulani Jayasuriya
SH-006363,SR-26-01548,In Progress,QC,2026-02-19,Dulani Jayasuriya
SH-006364,SR-26-01548,QC,Completed,2026-02-20,Dulani Jayasuriya
SH-006365,SR-26-01549,Submitted,Approved,2026-02-17,Kavindu Fernando
SH-006366,SR-26-01549,Approved,In Progress,2026-02-18,Kavindu Fernando
SH-006367,SR-26-01549,In Progress,QC,2026-02-20,Kavindu Fernando
SH-006368,SR-26-01549,QC,Completed,2026-02-21,Kavindu Fernando
SH-006369,SR-26-01550,Submitted,Approved,2026-02-18,Hiruni Gunasekara
SH-006370,SR-26-01550,Approved,In Progress,2026-02-19,Hiruni Gunasekara
SH-006371,SR-26-01550,In Progress,QC,2026-02-20,Hiruni Gunasekara
SH-006372,SR-26-01550,QC,Completed,2026-02-22,Hiruni Gunasekara
SH-006373,SR-26-01551,Submitted,Approved,2026-02-16,Hiruni Gunasekara
SH-006374,SR-26-01551,Approved,In Progress,2026-02-17,Hiruni Gunasekara
SH-006375,SR-26-01551,In Progress,QC,2026-02-18,Hiruni Gunasekara
SH-006376,SR-26-01551,QC,Completed,2026-02-18,Hiruni Gunasekara
SH-006377,SR-26-01552,Submitted,Approved,2026-02-18,Dulani Jayasuriya
SH-006378,SR-26-01552,Approved,In Progress,2026-02-19,Dulani Jayasuriya
SH-006379,SR-26-01552,In Progress,QC,2026-02-20,Dulani Jayasuriya
SH-006380,SR-26-01552,QC,Completed,2026-02-21,Dulani Jayasuriya
SH-006381,SR-26-01553,Submitted,Approved,2026-02-18,Sachini Silva
SH-006382,SR-26-01553,Approved,In Progress,2026-02-19,Sachini Silva
SH-006383,SR-26-01553,In Progress,QC,2026-02-21,Sachini Silva
SH-006384,SR-26-01553,QC,Completed,2026-02-22,Sachini Silva
SH-006385,SR-26-01554,Submitted,Approved,2026-02-18,Sachini Silva
SH-006386,SR-26-01554,Approved,In Progress,2026-02-19,Sachini Silva
SH-006387,SR-26-01554,In Progress,QC,2026-02-19,Sachini Silva
SH-006388,SR-26-01554,QC,Completed,2026-02-20,Sachini Silva
SH-006389,SR-26-01555,Submitted,Approved,2026-02-19,Dulani Jayasuriya
SH-006390,SR-26-01555,Approved,In Progress,2026-02-20,Dulani Jayasuriya
SH-006391,SR-26-01555,In Progress,QC,2026-02-21,Dulani Jayasuriya
SH-006392,SR-26-01555,QC,Completed,2026-02-22,Dulani Jayasuriya
SH-006393,SR-26-01556,Submitted,Approved,2026-02-21,Ashen Rathnayake
SH-006394,SR-26-01556,Approved,In Progress,2026-02-22,Ashen Rathnayake
SH-006395,SR-26-01556,In Progress,QC,2026-02-23,Ashen Rathnayake
SH-006396,SR-26-01556,QC,Completed,2026-02-25,Ashen Rathnayake
SH-006397,SR-26-01557,Submitted,Approved,2026-02-20,Nethmi Perera
SH-006398,SR-26-01557,Approved,In Progress,2026-02-21,Nethmi Perera
SH-006399,SR-26-01557,In Progress,QC,2026-02-23,Nethmi Perera
SH-006400,SR-26-01557,QC,Completed,2026-02-24,Nethmi Perera
SH-006401,SR-26-01558,Submitted,Approved,2026-02-22,Hiruni Gunasekara
SH-006402,SR-26-01558,Approved,In Progress,2026-02-23,Hiruni Gunasekara
SH-006403,SR-26-01558,In Progress,QC,2026-02-24,Hiruni Gunasekara
SH-006404,SR-26-01558,QC,Completed,2026-02-26,Hiruni Gunasekara
SH-006405,SR-26-01559,Submitted,Approved,2026-02-22,Dulani Jayasuriya
SH-006406,SR-26-01559,Approved,In Progress,2026-02-23,Dulani Jayasuriya
SH-006407,SR-26-01559,In Progress,QC,2026-02-24,Dulani Jayasuriya
SH-006408,SR-26-01559,QC,Rework,2026-02-26,Dulani Jayasuriya
SH-006409,SR-26-01559,Rework,QC,2026-02-28,Dulani Jayasuriya
SH-006410,SR-26-01559,QC,Completed,2026-03-01,Dulani Jayasuriya
SH-006411,SR-26-01560,Submitted,Approved,2026-02-21,Dulani Jayasuriya
SH-006412,SR-26-01560,Approved,In Progress,2026-02-22,Dulani Jayasuriya
SH-006413,SR-26-01560,In Progress,QC,2026-02-22,Dulani Jayasuriya
SH-006414,SR-26-01560,QC,Completed,2026-02-23,Dulani Jayasuriya
SH-006415,SR-26-01561,Submitted,Approved,2026-02-22,Sachini Silva
SH-006416,SR-26-01561,Approved,In Progress,2026-02-23,Sachini Silva
SH-006417,SR-26-01561,In Progress,QC,2026-02-25,Sachini Silva
SH-006418,SR-26-01561,QC,Completed,2026-02-26,Sachini Silva
SH-006419,SR-26-01562,Submitted,Approved,2026-02-22,Dulani Jayasuriya
SH-006420,SR-26-01562,Approved,In Progress,2026-02-23,Dulani Jayasuriya
SH-006421,SR-26-01562,In Progress,QC,2026-02-25,Dulani Jayasuriya
SH-006422,SR-26-01562,QC,Completed,2026-02-26,Dulani Jayasuriya
SH-006423,SR-26-01563,Submitted,Approved,2026-02-23,Sachini Silva
SH-006424,SR-26-01563,Approved,In Progress,2026-02-25,Sachini Silva
SH-006425,SR-26-01563,In Progress,QC,2026-02-27,Sachini Silva
SH-006426,SR-26-01563,QC,Completed,2026-03-01,Sachini Silva
SH-006427,SR-26-01564,Submitted,Approved,2026-02-25,Nethmi Perera
SH-006428,SR-26-01564,Approved,In Progress,2026-02-27,Nethmi Perera
SH-006429,SR-26-01564,In Progress,QC,2026-02-28,Nethmi Perera
SH-006430,SR-26-01564,QC,Completed,2026-03-02,Nethmi Perera
SH-006431,SR-26-01565,Submitted,Approved,2026-02-24,Hiruni Gunasekara
SH-006432,SR-26-01565,Approved,In Progress,2026-02-25,Hiruni Gunasekara
SH-006433,SR-26-01565,In Progress,QC,2026-02-26,Hiruni Gunasekara
SH-006434,SR-26-01565,QC,Completed,2026-02-27,Hiruni Gunasekara
SH-006435,SR-26-01566,Submitted,Approved,2026-02-24,Nethmi Perera
SH-006436,SR-26-01566,Approved,In Progress,2026-02-25,Nethmi Perera
SH-006437,SR-26-01566,In Progress,QC,2026-02-25,Nethmi Perera
SH-006438,SR-26-01566,QC,Completed,2026-02-26,Nethmi Perera
SH-006439,SR-26-01567,Submitted,Approved,2026-02-25,Ashen Rathnayake
SH-006440,SR-26-01567,Approved,In Progress,2026-02-26,Ashen Rathnayake
SH-006441,SR-26-01567,In Progress,QC,2026-02-27,Ashen Rathnayake
SH-006442,SR-26-01567,QC,Completed,2026-02-28,Ashen Rathnayake
SH-006443,SR-26-01568,Submitted,Approved,2026-02-26,Ashen Rathnayake
SH-006444,SR-26-01568,Approved,In Progress,2026-02-28,Ashen Rathnayake
SH-006445,SR-26-01568,In Progress,QC,2026-03-01,Ashen Rathnayake
SH-006446,SR-26-01568,QC,Completed,2026-03-03,Ashen Rathnayake
SH-006447,SR-26-01569,Submitted,Approved,2026-02-26,Hiruni Gunasekara
SH-006448,SR-26-01569,Approved,In Progress,2026-02-27,Hiruni Gunasekara
SH-006449,SR-26-01569,In Progress,QC,2026-03-01,Hiruni Gunasekara
SH-006450,SR-26-01569,QC,Rework,2026-03-03,Hiruni Gunasekara
SH-006451,SR-26-01569,Rework,QC,2026-03-04,Hiruni Gunasekara
SH-006452,SR-26-01569,QC,Completed,2026-03-06,Hiruni Gunasekara
SH-006453,SR-26-01570,Submitted,Approved,2026-02-25,Ashen Rathnayake
SH-006454,SR-26-01570,Approved,In Progress,2026-02-26,Ashen Rathnayake
SH-006455,SR-26-01570,In Progress,QC,2026-02-27,Ashen Rathnayake
SH-006456,SR-26-01570,QC,Completed,2026-02-28,Ashen Rathnayake
SH-006457,SR-26-01571,Submitted,Approved,2026-02-25,Ashen Rathnayake
SH-006458,SR-26-01571,Approved,In Progress,2026-02-26,Ashen Rathnayake
SH-006459,SR-26-01571,In Progress,QC,2026-02-27,Ashen Rathnayake
SH-006460,SR-26-01571,QC,Completed,2026-02-28,Ashen Rathnayake
SH-006461,SR-26-01572,Submitted,Approved,2026-02-25,Kavindu Fernando
SH-006462,SR-26-01572,Approved,In Progress,2026-02-26,Kavindu Fernando
SH-006463,SR-26-01572,In Progress,QC,2026-02-28,Kavindu Fernando
SH-006464,SR-26-01572,QC,Completed,2026-03-01,Kavindu Fernando
SH-006465,SR-26-01573,Submitted,Approved,2026-02-25,Hiruni Gunasekara
SH-006466,SR-26-01573,Approved,In Progress,2026-02-26,Hiruni Gunasekara
SH-006467,SR-26-01573,In Progress,QC,2026-02-28,Hiruni Gunasekara
SH-006468,SR-26-01573,QC,Completed,2026-03-01,Hiruni Gunasekara
SH-006469,SR-26-01574,Submitted,Approved,2026-02-26,Ashen Rathnayake
SH-006470,SR-26-01574,Approved,In Progress,2026-02-27,Ashen Rathnayake
SH-006471,SR-26-01574,In Progress,QC,2026-02-28,Ashen Rathnayake
SH-006472,SR-26-01574,QC,Completed,2026-03-02,Ashen Rathnayake
SH-006473,SR-26-01575,Submitted,Approved,2026-02-26,Ashen Rathnayake
SH-006474,SR-26-01575,Approved,In Progress,2026-02-27,Ashen Rathnayake
SH-006475,SR-26-01575,In Progress,QC,2026-02-28,Ashen Rathnayake
SH-006476,SR-26-01575,QC,Completed,2026-03-01,Ashen Rathnayake
SH-006477,SR-26-01576,Submitted,Approved,2026-02-27,Kavindu Fernando
SH-006478,SR-26-01576,Approved,In Progress,2026-03-01,Kavindu Fernando
SH-006479,SR-26-01576,In Progress,QC,2026-03-04,Kavindu Fernando
SH-006480,SR-26-01576,QC,Completed,2026-03-06,Kavindu Fernando
SH-006481,SR-26-01577,Submitted,Approved,2026-02-25,Sachini Silva
SH-006482,SR-26-01577,Approved,In Progress,2026-02-25,Sachini Silva
SH-006483,SR-26-01577,In Progress,QC,2026-02-26,Sachini Silva
SH-006484,SR-26-01577,QC,Completed,2026-02-26,Sachini Silva
SH-006485,SR-26-01578,Submitted,Approved,2026-02-27,Nethmi Perera
SH-006486,SR-26-01578,Approved,In Progress,2026-02-28,Nethmi Perera
SH-006487,SR-26-01578,In Progress,QC,2026-03-01,Nethmi Perera
SH-006488,SR-26-01578,QC,Completed,2026-03-03,Nethmi Perera
SH-006489,SR-26-01579,Submitted,Approved,2026-02-27,Dulani Jayasuriya
SH-006490,SR-26-01579,Approved,In Progress,2026-02-28,Dulani Jayasuriya
SH-006491,SR-26-01579,In Progress,QC,2026-03-02,Dulani Jayasuriya
SH-006492,SR-26-01579,QC,Completed,2026-03-03,Dulani Jayasuriya
SH-006493,SR-26-01580,Submitted,Approved,2026-02-26,Dulani Jayasuriya
SH-006494,SR-26-01580,Approved,In Progress,2026-02-27,Dulani Jayasuriya
SH-006495,SR-26-01580,In Progress,QC,2026-02-28,Dulani Jayasuriya
SH-006496,SR-26-01580,QC,Completed,2026-02-28,Dulani Jayasuriya
SH-006497,SR-26-01581,Submitted,Approved,2026-02-27,Dulani Jayasuriya
SH-006498,SR-26-01581,Approved,In Progress,2026-02-28,Dulani Jayasuriya
SH-006499,SR-26-01581,In Progress,QC,2026-03-01,Dulani Jayasuriya
SH-006500,SR-26-01581,QC,Completed,2026-03-02,Dulani Jayasuriya
SH-006501,SR-26-01582,Submitted,Approved,2026-02-27,Sachini Silva
SH-006502,SR-26-01582,Approved,In Progress,2026-02-28,Sachini Silva
SH-006503,SR-26-01582,In Progress,QC,2026-03-01,Sachini Silva
SH-006504,SR-26-01582,QC,Completed,2026-03-02,Sachini Silva
SH-006505,SR-26-01583,Submitted,Approved,2026-02-28,Ashen Rathnayake
SH-006506,SR-26-01583,Approved,In Progress,2026-03-01,Ashen Rathnayake
SH-006507,SR-26-01583,In Progress,QC,2026-03-02,Ashen Rathnayake
SH-006508,SR-26-01583,QC,Completed,2026-03-04,Ashen Rathnayake
SH-006509,SR-26-01584,Submitted,Approved,2026-02-27,Sachini Silva
SH-006510,SR-26-01584,Approved,In Progress,2026-02-28,Sachini Silva
SH-006511,SR-26-01584,In Progress,QC,2026-02-28,Sachini Silva
SH-006512,SR-26-01584,QC,Completed,2026-03-01,Sachini Silva
SH-006513,SR-26-01585,Submitted,Approved,2026-02-28,Hiruni Gunasekara
SH-006514,SR-26-01585,Approved,In Progress,2026-03-02,Hiruni Gunasekara
SH-006515,SR-26-01585,In Progress,QC,2026-03-04,Hiruni Gunasekara
SH-006516,SR-26-01585,QC,Completed,2026-03-06,Hiruni Gunasekara
SH-006517,SR-26-01586,Submitted,Approved,2026-03-01,Kavindu Fernando
SH-006518,SR-26-01586,Approved,In Progress,2026-03-02,Kavindu Fernando
SH-006519,SR-26-01586,In Progress,QC,2026-03-03,Kavindu Fernando
SH-006520,SR-26-01586,QC,Completed,2026-03-05,Kavindu Fernando
SH-006521,SR-26-01587,Submitted,Approved,2026-02-28,Kavindu Fernando
SH-006522,SR-26-01587,Approved,In Progress,2026-03-01,Kavindu Fernando
SH-006523,SR-26-01587,In Progress,QC,2026-03-02,Kavindu Fernando
SH-006524,SR-26-01587,QC,Completed,2026-03-03,Kavindu Fernando
SH-006525,SR-26-01588,Submitted,Approved,2026-02-28,Kavindu Fernando
SH-006526,SR-26-01588,Approved,In Progress,2026-03-01,Kavindu Fernando
SH-006527,SR-26-01588,In Progress,QC,2026-03-02,Kavindu Fernando
SH-006528,SR-26-01588,QC,Completed,2026-03-02,Kavindu Fernando
SH-006529,SR-26-01589,Submitted,Approved,2026-02-28,Kavindu Fernando
SH-006530,SR-26-01589,Approved,In Progress,2026-02-28,Kavindu Fernando
SH-006531,SR-26-01589,In Progress,QC,2026-03-01,Kavindu Fernando
SH-006532,SR-26-01589,QC,Completed,2026-03-01,Kavindu Fernando
SH-006533,SR-26-01590,Submitted,Approved,2026-03-03,Nethmi Perera
SH-006534,SR-26-01590,Approved,In Progress,2026-03-04,Nethmi Perera
SH-006535,SR-26-01590,In Progress,QC,2026-03-04,Nethmi Perera
SH-006536,SR-26-01590,QC,Completed,2026-03-05,Nethmi Perera
SH-006537,SR-26-01591,Submitted,Approved,2026-03-03,Hiruni Gunasekara
SH-006538,SR-26-01591,Approved,In Progress,2026-03-04,Hiruni Gunasekara
SH-006539,SR-26-01591,In Progress,QC,2026-03-05,Hiruni Gunasekara
SH-006540,SR-26-01591,QC,Completed,2026-03-06,Hiruni Gunasekara
SH-006541,SR-26-01592,Submitted,Approved,2026-03-03,Sachini Silva
SH-006542,SR-26-01592,Approved,In Progress,2026-03-04,Sachini Silva
SH-006543,SR-26-01592,In Progress,QC,2026-03-04,Sachini Silva
SH-006544,SR-26-01592,QC,Completed,2026-03-05,Sachini Silva
SH-006545,SR-26-01593,Submitted,Approved,2026-03-05,Nethmi Perera
SH-006546,SR-26-01593,Approved,In Progress,2026-03-07,Nethmi Perera
SH-006547,SR-26-01593,In Progress,QC,2026-03-08,Nethmi Perera
SH-006548,SR-26-01593,QC,Completed,2026-03-10,Nethmi Perera
SH-006549,SR-26-01594,Submitted,Approved,2026-03-03,Sachini Silva
SH-006550,SR-26-01594,Approved,In Progress,2026-03-03,Sachini Silva
SH-006551,SR-26-01594,In Progress,QC,2026-03-04,Sachini Silva
SH-006552,SR-26-01594,QC,Completed,2026-03-04,Sachini Silva
SH-006553,SR-26-01595,Submitted,Approved,2026-03-05,Dulani Jayasuriya
SH-006554,SR-26-01595,Approved,In Progress,2026-03-07,Dulani Jayasuriya
SH-006555,SR-26-01595,In Progress,QC,2026-03-08,Dulani Jayasuriya
SH-006556,SR-26-01595,QC,Completed,2026-03-10,Dulani Jayasuriya
SH-006557,SR-26-01596,Submitted,Approved,2026-03-04,Ashen Rathnayake
SH-006558,SR-26-01596,Approved,In Progress,2026-03-05,Ashen Rathnayake
SH-006559,SR-26-01596,In Progress,QC,2026-03-07,Ashen Rathnayake
SH-006560,SR-26-01596,QC,Completed,2026-03-08,Ashen Rathnayake
SH-006561,SR-26-01597,Submitted,Approved,2026-03-04,Kavindu Fernando
SH-006562,SR-26-01597,Approved,In Progress,2026-03-05,Kavindu Fernando
SH-006563,SR-26-01597,In Progress,QC,2026-03-07,Kavindu Fernando
SH-006564,SR-26-01597,QC,Completed,2026-03-08,Kavindu Fernando
SH-006565,SR-26-01598,Submitted,Approved,2026-03-05,Sachini Silva
SH-006566,SR-26-01598,Approved,In Progress,2026-03-06,Sachini Silva
SH-006567,SR-26-01598,In Progress,QC,2026-03-07,Sachini Silva
SH-006568,SR-26-01598,QC,Completed,2026-03-08,Sachini Silva
SH-006569,SR-26-01599,Submitted,Approved,2026-03-04,Nethmi Perera
SH-006570,SR-26-01599,Approved,In Progress,2026-03-05,Nethmi Perera
SH-006571,SR-26-01599,In Progress,QC,2026-03-06,Nethmi Perera
SH-006572,SR-26-01599,QC,Completed,2026-03-06,Nethmi Perera
SH-006573,SR-26-01600,Submitted,Approved,2026-03-06,Kavindu Fernando
SH-006574,SR-26-01600,Approved,In Progress,2026-03-07,Kavindu Fernando
SH-006575,SR-26-01600,In Progress,QC,2026-03-08,Kavindu Fernando
SH-006576,SR-26-01600,QC,Completed,2026-03-10,Kavindu Fernando
SH-006577,SR-26-01601,Submitted,Approved,2026-03-06,Nethmi Perera
SH-006578,SR-26-01601,Approved,In Progress,2026-03-07,Nethmi Perera
SH-006579,SR-26-01601,In Progress,QC,2026-03-08,Nethmi Perera
SH-006580,SR-26-01601,QC,Completed,2026-03-10,Nethmi Perera
SH-006581,SR-26-01602,Submitted,Approved,2026-03-06,Sachini Silva
SH-006582,SR-26-01602,Approved,In Progress,2026-03-07,Sachini Silva
SH-006583,SR-26-01602,In Progress,QC,2026-03-08,Sachini Silva
SH-006584,SR-26-01602,QC,Completed,2026-03-09,Sachini Silva
SH-006585,SR-26-01603,Submitted,Approved,2026-03-06,Kavindu Fernando
SH-006586,SR-26-01603,Approved,In Progress,2026-03-07,Kavindu Fernando
SH-006587,SR-26-01603,In Progress,QC,2026-03-09,Kavindu Fernando
SH-006588,SR-26-01603,QC,Completed,2026-03-10,Kavindu Fernando
SH-006589,SR-26-01604,Submitted,Approved,2026-03-06,Sachini Silva
SH-006590,SR-26-01604,Approved,In Progress,2026-03-07,Sachini Silva
SH-006591,SR-26-01604,In Progress,QC,2026-03-07,Sachini Silva
SH-006592,SR-26-01604,QC,Completed,2026-03-08,Sachini Silva
SH-006593,SR-26-01605,Submitted,Approved,2026-03-06,Nethmi Perera
SH-006594,SR-26-01605,Approved,In Progress,2026-03-07,Nethmi Perera
SH-006595,SR-26-01605,In Progress,QC,2026-03-08,Nethmi Perera
SH-006596,SR-26-01605,QC,Completed,2026-03-09,Nethmi Perera
SH-006597,SR-26-01606,Submitted,Approved,2026-03-08,Hiruni Gunasekara
SH-006598,SR-26-01606,Approved,In Progress,2026-03-09,Hiruni Gunasekara
SH-006599,SR-26-01606,In Progress,QC,2026-03-10,Hiruni Gunasekara
SH-006600,SR-26-01606,QC,Completed,2026-03-12,Hiruni Gunasekara
SH-006601,SR-26-01607,Submitted,Approved,2026-03-08,Sachini Silva
SH-006602,SR-26-01607,Approved,In Progress,2026-03-09,Sachini Silva
SH-006603,SR-26-01607,In Progress,QC,2026-03-10,Sachini Silva
SH-006604,SR-26-01607,QC,Completed,2026-03-12,Sachini Silva
SH-006605,SR-26-01608,Submitted,Approved,2026-03-08,Ashen Rathnayake
SH-006606,SR-26-01608,Approved,In Progress,2026-03-09,Ashen Rathnayake
SH-006607,SR-26-01608,In Progress,QC,2026-03-11,Ashen Rathnayake
SH-006608,SR-26-01608,QC,Completed,2026-03-12,Ashen Rathnayake
SH-006609,SR-26-01609,Submitted,Approved,2026-03-08,Ashen Rathnayake
SH-006610,SR-26-01609,Approved,In Progress,2026-03-09,Ashen Rathnayake
SH-006611,SR-26-01609,In Progress,QC,2026-03-09,Ashen Rathnayake
SH-006612,SR-26-01609,QC,Completed,2026-03-10,Ashen Rathnayake
SH-006613,SR-26-01610,Submitted,Approved,2026-03-09,Hiruni Gunasekara
SH-006614,SR-26-01610,Approved,In Progress,2026-03-10,Hiruni Gunasekara
SH-006615,SR-26-01610,In Progress,QC,2026-03-11,Hiruni Gunasekara
SH-006616,SR-26-01610,QC,Completed,2026-03-13,Hiruni Gunasekara
SH-006617,SR-26-01611,Submitted,Approved,2026-03-07,Dulani Jayasuriya
SH-006618,SR-26-01611,Approved,In Progress,2026-03-07,Dulani Jayasuriya
SH-006619,SR-26-01611,In Progress,QC,2026-03-08,Dulani Jayasuriya
SH-006620,SR-26-01611,QC,Completed,2026-03-08,Dulani Jayasuriya
SH-006621,SR-26-01612,Submitted,Approved,2026-03-08,Nethmi Perera
SH-006622,SR-26-01612,Approved,In Progress,2026-03-09,Nethmi Perera
SH-006623,SR-26-01612,In Progress,QC,2026-03-11,Nethmi Perera
SH-006624,SR-26-01612,QC,Completed,2026-03-12,Nethmi Perera
SH-006625,SR-26-01613,Submitted,Approved,2026-03-10,Hiruni Gunasekara
SH-006626,SR-26-01613,Approved,In Progress,2026-03-11,Hiruni Gunasekara
SH-006627,SR-26-01613,In Progress,QC,2026-03-13,Hiruni Gunasekara
SH-006628,SR-26-01613,QC,Completed,2026-03-14,Hiruni Gunasekara
SH-006629,SR-26-01614,Submitted,Approved,2026-03-10,Kavindu Fernando
SH-006630,SR-26-01614,Approved,In Progress,2026-03-11,Kavindu Fernando
SH-006631,SR-26-01614,In Progress,QC,2026-03-13,Kavindu Fernando
SH-006632,SR-26-01614,QC,Completed,2026-03-14,Kavindu Fernando
SH-006633,SR-26-01615,Submitted,Approved,2026-03-10,Hiruni Gunasekara
SH-006634,SR-26-01615,Approved,In Progress,2026-03-11,Hiruni Gunasekara
SH-006635,SR-26-01615,In Progress,QC,2026-03-12,Hiruni Gunasekara
SH-006636,SR-26-01615,QC,Completed,2026-03-13,Hiruni Gunasekara
SH-006637,SR-26-01616,Submitted,Approved,2026-03-12,Nethmi Perera
SH-006638,SR-26-01616,Approved,In Progress,2026-03-13,Nethmi Perera
SH-006639,SR-26-01616,In Progress,QC,2026-03-14,Nethmi Perera
SH-006640,SR-26-01616,QC,Completed,2026-03-16,Nethmi Perera
SH-006641,SR-26-01617,Submitted,Approved,2026-03-11,Hiruni Gunasekara
SH-006642,SR-26-01617,Approved,In Progress,2026-03-12,Hiruni Gunasekara
SH-006643,SR-26-01617,In Progress,QC,2026-03-13,Hiruni Gunasekara
SH-006644,SR-26-01617,QC,Completed,2026-03-14,Hiruni Gunasekara
SH-006645,SR-26-01618,Submitted,Approved,2026-03-12,Nethmi Perera
SH-006646,SR-26-01618,Approved,In Progress,2026-03-14,Nethmi Perera
SH-006647,SR-26-01618,In Progress,QC,2026-03-15,Nethmi Perera
SH-006648,SR-26-01618,QC,Completed,2026-03-17,Nethmi Perera
SH-006649,SR-26-01619,Submitted,Approved,2026-03-11,Kavindu Fernando
SH-006650,SR-26-01619,Approved,In Progress,2026-03-12,Kavindu Fernando
SH-006651,SR-26-01619,In Progress,QC,2026-03-13,Kavindu Fernando
SH-006652,SR-26-01619,QC,Completed,2026-03-14,Kavindu Fernando
SH-006653,SR-26-01620,Submitted,Approved,2026-03-12,Sachini Silva
SH-006654,SR-26-01620,Approved,In Progress,2026-03-14,Sachini Silva
SH-006655,SR-26-01620,In Progress,QC,2026-03-16,Sachini Silva
SH-006656,SR-26-01620,QC,Completed,2026-03-18,Sachini Silva
SH-006657,SR-26-01621,Submitted,Approved,2026-03-12,Kavindu Fernando
SH-006658,SR-26-01621,Approved,In Progress,2026-03-13,Kavindu Fernando
SH-006659,SR-26-01621,In Progress,QC,2026-03-14,Kavindu Fernando
SH-006660,SR-26-01621,QC,Completed,2026-03-15,Kavindu Fernando
SH-006661,SR-26-01622,Submitted,Approved,2026-03-12,Hiruni Gunasekara
SH-006662,SR-26-01622,Approved,In Progress,2026-03-13,Hiruni Gunasekara
SH-006663,SR-26-01622,In Progress,QC,2026-03-15,Hiruni Gunasekara
SH-006664,SR-26-01622,QC,Rework,2026-03-16,Hiruni Gunasekara
SH-006665,SR-26-01622,Rework,QC,2026-03-17,Hiruni Gunasekara
SH-006666,SR-26-01622,QC,Completed,2026-03-18,Hiruni Gunasekara
SH-006667,SR-26-01623,Submitted,Approved,2026-03-13,Sachini Silva
SH-006668,SR-26-01623,Approved,In Progress,2026-03-15,Sachini Silva
SH-006669,SR-26-01623,In Progress,QC,2026-03-16,Sachini Silva
SH-006670,SR-26-01623,QC,Completed,2026-03-18,Sachini Silva
SH-006671,SR-26-01624,Submitted,Approved,2026-03-12,Nethmi Perera
SH-006672,SR-26-01624,Approved,In Progress,2026-03-13,Nethmi Perera
SH-006673,SR-26-01624,In Progress,QC,2026-03-15,Nethmi Perera
SH-006674,SR-26-01624,QC,Completed,2026-03-16,Nethmi Perera
SH-006675,SR-26-01625,Submitted,Approved,2026-03-12,Sachini Silva
SH-006676,SR-26-01625,Approved,In Progress,2026-03-14,Sachini Silva
SH-006677,SR-26-01625,In Progress,QC,2026-03-15,Sachini Silva
SH-006678,SR-26-01625,QC,Rework,2026-03-16,Sachini Silva
SH-006679,SR-26-01625,Rework,QC,2026-03-18,Sachini Silva
SH-006680,SR-26-01625,QC,Completed,2026-03-19,Sachini Silva
SH-006681,SR-26-01626,Submitted,Approved,2026-03-12,Ashen Rathnayake
SH-006682,SR-26-01626,Approved,In Progress,2026-03-13,Ashen Rathnayake
SH-006683,SR-26-01626,In Progress,QC,2026-03-15,Ashen Rathnayake
SH-006684,SR-26-01626,QC,Completed,2026-03-16,Ashen Rathnayake
SH-006685,SR-26-01627,Submitted,Approved,2026-03-14,Nethmi Perera
SH-006686,SR-26-01627,Approved,In Progress,2026-03-17,Nethmi Perera
SH-006687,SR-26-01627,In Progress,QC,2026-03-20,Nethmi Perera
SH-006688,SR-26-01627,QC,Completed,2026-03-23,Nethmi Perera
SH-006689,SR-26-01628,Submitted,Approved,2026-03-13,Sachini Silva
SH-006690,SR-26-01628,Approved,In Progress,2026-03-14,Sachini Silva
SH-006691,SR-26-01628,In Progress,QC,2026-03-16,Sachini Silva
SH-006692,SR-26-01628,QC,Completed,2026-03-17,Sachini Silva
SH-006693,SR-26-01629,Submitted,Approved,2026-03-12,Sachini Silva
SH-006694,SR-26-01629,Approved,In Progress,2026-03-12,Sachini Silva
SH-006695,SR-26-01629,In Progress,QC,2026-03-13,Sachini Silva
SH-006696,SR-26-01629,QC,Completed,2026-03-13,Sachini Silva
SH-006697,SR-26-01630,Submitted,Approved,2026-03-14,Kavindu Fernando
SH-006698,SR-26-01630,Approved,In Progress,2026-03-16,Kavindu Fernando
SH-006699,SR-26-01630,In Progress,QC,2026-03-18,Kavindu Fernando
SH-006700,SR-26-01630,QC,Rework,2026-03-19,Kavindu Fernando
SH-006701,SR-26-01630,Rework,QC,2026-03-21,Kavindu Fernando
SH-006702,SR-26-01630,QC,Completed,2026-03-23,Kavindu Fernando
SH-006703,SR-26-01631,Submitted,Approved,2026-03-14,Sachini Silva
SH-006704,SR-26-01631,Approved,In Progress,2026-03-16,Sachini Silva
SH-006705,SR-26-01631,In Progress,QC,2026-03-18,Sachini Silva
SH-006706,SR-26-01631,QC,Completed,2026-03-20,Sachini Silva
SH-006707,SR-26-01632,Submitted,Approved,2026-03-14,Hiruni Gunasekara
SH-006708,SR-26-01632,Approved,In Progress,2026-03-15,Hiruni Gunasekara
SH-006709,SR-26-01632,In Progress,QC,2026-03-15,Hiruni Gunasekara
SH-006710,SR-26-01632,QC,Completed,2026-03-16,Hiruni Gunasekara
SH-006711,SR-26-01633,Submitted,Approved,2026-03-15,Nethmi Perera
SH-006712,SR-26-01633,Approved,In Progress,2026-03-16,Nethmi Perera
SH-006713,SR-26-01633,In Progress,QC,2026-03-17,Nethmi Perera
SH-006714,SR-26-01633,QC,Completed,2026-03-19,Nethmi Perera
SH-006715,SR-26-01634,Submitted,Approved,2026-03-15,Nethmi Perera
SH-006716,SR-26-01634,Approved,In Progress,2026-03-17,Nethmi Perera
SH-006717,SR-26-01634,In Progress,QC,2026-03-20,Nethmi Perera
SH-006718,SR-26-01634,QC,Completed,2026-03-22,Nethmi Perera
SH-006719,SR-26-01635,Submitted,Approved,2026-03-14,Sachini Silva
SH-006720,SR-26-01635,Approved,In Progress,2026-03-15,Sachini Silva
SH-006721,SR-26-01635,In Progress,QC,2026-03-17,Sachini Silva
SH-006722,SR-26-01635,QC,Completed,2026-03-18,Sachini Silva
SH-006723,SR-26-01636,Submitted,Approved,2026-03-16,Hiruni Gunasekara
SH-006724,SR-26-01636,Approved,In Progress,2026-03-17,Hiruni Gunasekara
SH-006725,SR-26-01636,In Progress,QC,2026-03-18,Hiruni Gunasekara
SH-006726,SR-26-01636,QC,Completed,2026-03-20,Hiruni Gunasekara
SH-006727,SR-26-01637,Submitted,Approved,2026-03-15,Dulani Jayasuriya
SH-006728,SR-26-01637,Approved,In Progress,2026-03-16,Dulani Jayasuriya
SH-006729,SR-26-01637,In Progress,QC,2026-03-18,Dulani Jayasuriya
SH-006730,SR-26-01637,QC,Completed,2026-03-19,Dulani Jayasuriya
SH-006731,SR-26-01638,Submitted,Approved,2026-03-16,Nethmi Perera
SH-006732,SR-26-01638,Approved,In Progress,2026-03-17,Nethmi Perera
SH-006733,SR-26-01638,In Progress,QC,2026-03-18,Nethmi Perera
SH-006734,SR-26-01638,QC,Completed,2026-03-20,Nethmi Perera
SH-006735,SR-26-01639,Submitted,Approved,2026-03-16,Kavindu Fernando
SH-006736,SR-26-01639,Approved,In Progress,2026-03-16,Kavindu Fernando
SH-006737,SR-26-01639,In Progress,QC,2026-03-17,Kavindu Fernando
SH-006738,SR-26-01639,QC,Completed,2026-03-17,Kavindu Fernando
SH-006739,SR-26-01640,Submitted,Approved,2026-03-18,Ashen Rathnayake
SH-006740,SR-26-01640,Approved,In Progress,2026-03-21,Ashen Rathnayake
SH-006741,SR-26-01640,In Progress,QC,2026-03-24,Ashen Rathnayake
SH-006742,SR-26-01640,QC,Completed,2026-03-26,Ashen Rathnayake
SH-006743,SR-26-01641,Submitted,Approved,2026-03-18,Hiruni Gunasekara
SH-006744,SR-26-01641,Approved,In Progress,2026-03-20,Hiruni Gunasekara
SH-006745,SR-26-01641,In Progress,QC,2026-03-22,Hiruni Gunasekara
SH-006746,SR-26-01641,QC,Completed,2026-03-24,Hiruni Gunasekara
SH-006747,SR-26-01642,Submitted,Approved,2026-03-18,Sachini Silva
SH-006748,SR-26-01642,Approved,In Progress,2026-03-20,Sachini Silva
SH-006749,SR-26-01642,In Progress,QC,2026-03-21,Sachini Silva
SH-006750,SR-26-01642,QC,Completed,2026-03-23,Sachini Silva
SH-006751,SR-26-01643,Submitted,Approved,2026-03-17,Kavindu Fernando
SH-006752,SR-26-01643,Approved,In Progress,2026-03-18,Kavindu Fernando
SH-006753,SR-26-01643,In Progress,QC,2026-03-20,Kavindu Fernando
SH-006754,SR-26-01643,QC,Completed,2026-03-21,Kavindu Fernando
SH-006755,SR-26-01644,Submitted,Approved,2026-03-17,Hiruni Gunasekara
SH-006756,SR-26-01644,Approved,In Progress,2026-03-18,Hiruni Gunasekara
SH-006757,SR-26-01644,In Progress,QC,2026-03-18,Hiruni Gunasekara
SH-006758,SR-26-01644,QC,Completed,2026-03-19,Hiruni Gunasekara
SH-006759,SR-26-01645,Submitted,Approved,2026-03-19,Nethmi Perera
SH-006760,SR-26-01645,Approved,In Progress,2026-03-21,Nethmi Perera
SH-006761,SR-26-01645,In Progress,QC,2026-03-24,Nethmi Perera
SH-006762,SR-26-01645,QC,Completed,2026-03-26,Nethmi Perera
SH-006763,SR-26-01646,Submitted,Approved,2026-03-18,Nethmi Perera
SH-006764,SR-26-01646,Approved,In Progress,2026-03-19,Nethmi Perera
SH-006765,SR-26-01646,In Progress,QC,2026-03-19,Nethmi Perera
SH-006766,SR-26-01646,QC,Completed,2026-03-20,Nethmi Perera
SH-006767,SR-26-01647,Submitted,Approved,2026-03-18,Hiruni Gunasekara
SH-006768,SR-26-01647,Approved,In Progress,2026-03-19,Hiruni Gunasekara
SH-006769,SR-26-01647,In Progress,QC,2026-03-21,Hiruni Gunasekara
SH-006770,SR-26-01647,QC,Completed,2026-03-22,Hiruni Gunasekara
SH-006771,SR-26-01648,Submitted,Approved,2026-03-19,Dulani Jayasuriya
SH-006772,SR-26-01648,Approved,In Progress,2026-03-20,Dulani Jayasuriya
SH-006773,SR-26-01648,In Progress,QC,2026-03-22,Dulani Jayasuriya
SH-006774,SR-26-01648,QC,Completed,2026-03-23,Dulani Jayasuriya
SH-006775,SR-26-01649,Submitted,Approved,2026-03-19,Nethmi Perera
SH-006776,SR-26-01649,Approved,In Progress,2026-03-20,Nethmi Perera
SH-006777,SR-26-01649,In Progress,QC,2026-03-21,Nethmi Perera
SH-006778,SR-26-01649,QC,Completed,2026-03-22,Nethmi Perera
SH-006779,SR-26-01650,Submitted,Approved,2026-03-21,Sachini Silva
SH-006780,SR-26-01650,Approved,In Progress,2026-03-24,Sachini Silva
SH-006781,SR-26-01650,In Progress,QC,2026-03-26,Sachini Silva
SH-006782,SR-26-01650,QC,Completed,2026-03-29,Sachini Silva
SH-006783,SR-26-01651,Submitted,Approved,2026-03-19,Kavindu Fernando
SH-006784,SR-26-01651,Approved,In Progress,2026-03-20,Kavindu Fernando
SH-006785,SR-26-01651,In Progress,QC,2026-03-22,Kavindu Fernando
SH-006786,SR-26-01651,QC,Completed,2026-03-23,Kavindu Fernando
SH-006787,SR-26-01652,Submitted,Approved,2026-03-20,Nethmi Perera
SH-006788,SR-26-01652,Approved,In Progress,2026-03-21,Nethmi Perera
SH-006789,SR-26-01652,In Progress,QC,2026-03-21,Nethmi Perera
SH-006790,SR-26-01652,QC,Completed,2026-03-22,Nethmi Perera
SH-006791,SR-26-01653,Submitted,Approved,2026-03-21,Sachini Silva
SH-006792,SR-26-01653,Approved,In Progress,2026-03-22,Sachini Silva
SH-006793,SR-26-01653,In Progress,QC,2026-03-23,Sachini Silva
SH-006794,SR-26-01653,QC,Completed,2026-03-25,Sachini Silva
SH-006795,SR-26-01654,Submitted,Approved,2026-03-21,Kavindu Fernando
SH-006796,SR-26-01654,Approved,In Progress,2026-03-23,Kavindu Fernando
SH-006797,SR-26-01654,In Progress,QC,2026-03-24,Kavindu Fernando
SH-006798,SR-26-01654,QC,Completed,2026-03-26,Kavindu Fernando
SH-006799,SR-26-01655,Submitted,Approved,2026-03-21,Hiruni Gunasekara
SH-006800,SR-26-01655,Approved,In Progress,2026-03-22,Hiruni Gunasekara
SH-006801,SR-26-01655,In Progress,QC,2026-03-23,Hiruni Gunasekara
SH-006802,SR-26-01655,QC,Completed,2026-03-25,Hiruni Gunasekara
SH-006803,SR-26-01656,Submitted,Approved,2026-03-22,Ashen Rathnayake
SH-006804,SR-26-01656,Approved,In Progress,2026-03-24,Ashen Rathnayake
SH-006805,SR-26-01656,In Progress,QC,2026-03-26,Ashen Rathnayake
SH-006806,SR-26-01656,QC,Completed,2026-03-28,Ashen Rathnayake
SH-006807,SR-26-01657,Submitted,Approved,2026-03-22,Nethmi Perera
SH-006808,SR-26-01657,Approved,In Progress,2026-03-23,Nethmi Perera
SH-006809,SR-26-01657,In Progress,QC,2026-03-24,Nethmi Perera
SH-006810,SR-26-01657,QC,Completed,2026-03-26,Nethmi Perera
SH-006811,SR-26-01658,Submitted,Approved,2026-03-20,Nethmi Perera
SH-006812,SR-26-01658,Approved,In Progress,2026-03-21,Nethmi Perera
SH-006813,SR-26-01658,In Progress,QC,2026-03-22,Nethmi Perera
SH-006814,SR-26-01658,QC,Completed,2026-03-22,Nethmi Perera
SH-006815,SR-26-01659,Submitted,Approved,2026-03-23,Kavindu Fernando
SH-006816,SR-26-01659,Approved,In Progress,2026-03-24,Kavindu Fernando
SH-006817,SR-26-01659,In Progress,QC,2026-03-25,Kavindu Fernando
SH-006818,SR-26-01659,QC,Completed,2026-03-27,Kavindu Fernando
SH-006819,SR-26-01660,Submitted,Approved,2026-03-23,Nethmi Perera
SH-006820,SR-26-01660,Approved,In Progress,2026-03-25,Nethmi Perera
SH-006821,SR-26-01660,In Progress,QC,2026-03-28,Nethmi Perera
SH-006822,SR-26-01660,QC,Completed,2026-03-30,Nethmi Perera
SH-006823,SR-26-01661,Submitted,Approved,2026-03-24,Kavindu Fernando
SH-006824,SR-26-01661,Approved,In Progress,2026-03-25,Kavindu Fernando
SH-006825,SR-26-01661,In Progress,QC,2026-03-26,Kavindu Fernando
SH-006826,SR-26-01661,QC,Completed,2026-03-27,Kavindu Fernando
SH-006827,SR-26-01662,Submitted,Approved,2026-03-25,Sachini Silva
SH-006828,SR-26-01662,Approved,In Progress,2026-03-27,Sachini Silva
SH-006829,SR-26-01662,In Progress,QC,2026-03-30,Sachini Silva
SH-006830,SR-26-01662,QC,Completed,2026-04-01,Sachini Silva
SH-006831,SR-26-01663,Submitted,Approved,2026-03-25,Dulani Jayasuriya
SH-006832,SR-26-01663,Approved,In Progress,2026-03-26,Dulani Jayasuriya
SH-006833,SR-26-01663,In Progress,QC,2026-03-27,Dulani Jayasuriya
SH-006834,SR-26-01663,QC,Completed,2026-03-29,Dulani Jayasuriya
SH-006835,SR-26-01664,Submitted,Approved,2026-03-25,Hiruni Gunasekara
SH-006836,SR-26-01664,Approved,In Progress,2026-03-26,Hiruni Gunasekara
SH-006837,SR-26-01664,In Progress,QC,2026-03-28,Hiruni Gunasekara
SH-006838,SR-26-01664,QC,Completed,2026-03-29,Hiruni Gunasekara
SH-006839,SR-26-01665,Submitted,Approved,2026-03-26,Kavindu Fernando
SH-006840,SR-26-01665,Approved,In Progress,2026-03-29,Kavindu Fernando
SH-006841,SR-26-01665,In Progress,QC,2026-04-01,Kavindu Fernando
SH-006842,SR-26-01665,QC,Completed,2026-04-03,Kavindu Fernando
SH-006843,SR-26-01666,Submitted,Approved,2026-03-25,Dulani Jayasuriya
SH-006844,SR-26-01666,Approved,In Progress,2026-03-26,Dulani Jayasuriya
SH-006845,SR-26-01666,In Progress,QC,2026-03-27,Dulani Jayasuriya
SH-006846,SR-26-01666,QC,Completed,2026-03-28,Dulani Jayasuriya
SH-006847,SR-26-01667,Submitted,Approved,2026-03-26,Nethmi Perera
SH-006848,SR-26-01667,Approved,In Progress,2026-03-27,Nethmi Perera
SH-006849,SR-26-01667,In Progress,QC,2026-03-29,Nethmi Perera
SH-006850,SR-26-01667,QC,Completed,2026-03-30,Nethmi Perera
SH-006851,SR-26-01668,Submitted,Approved,2026-03-26,Hiruni Gunasekara
SH-006852,SR-26-01668,Approved,In Progress,2026-03-27,Hiruni Gunasekara
SH-006853,SR-26-01668,In Progress,QC,2026-03-28,Hiruni Gunasekara
SH-006854,SR-26-01668,QC,Completed,2026-03-29,Hiruni Gunasekara
SH-006855,SR-26-01669,Submitted,Approved,2026-03-27,Hiruni Gunasekara
SH-006856,SR-26-01669,Approved,In Progress,2026-03-30,Hiruni Gunasekara
SH-006857,SR-26-01669,In Progress,QC,2026-04-02,Hiruni Gunasekara
SH-006858,SR-26-01669,QC,Completed,2026-04-04,Hiruni Gunasekara
SH-006859,SR-26-01670,Submitted,Approved,2026-03-27,Kavindu Fernando
SH-006860,SR-26-01670,Approved,In Progress,2026-03-28,Kavindu Fernando
SH-006861,SR-26-01670,In Progress,QC,2026-03-29,Kavindu Fernando
SH-006862,SR-26-01670,QC,Completed,2026-03-30,Kavindu Fernando
SH-006863,SR-26-01671,Submitted,Approved,2026-03-27,Ashen Rathnayake
SH-006864,SR-26-01671,Approved,In Progress,2026-03-28,Ashen Rathnayake
SH-006865,SR-26-01671,In Progress,QC,2026-03-28,Ashen Rathnayake
SH-006866,SR-26-01671,QC,Completed,2026-03-29,Ashen Rathnayake
SH-006867,SR-26-01672,Submitted,Approved,2026-03-27,Hiruni Gunasekara
SH-006868,SR-26-01672,Approved,In Progress,2026-03-28,Hiruni Gunasekara
SH-006869,SR-26-01672,In Progress,QC,2026-03-30,Hiruni Gunasekara
SH-006870,SR-26-01672,QC,Completed,2026-03-31,Hiruni Gunasekara
SH-006871,SR-26-01673,Submitted,Approved,2026-03-27,Kavindu Fernando
SH-006872,SR-26-01673,Approved,In Progress,2026-03-28,Kavindu Fernando
SH-006873,SR-26-01673,In Progress,QC,2026-03-28,Kavindu Fernando
SH-006874,SR-26-01673,QC,Completed,2026-03-29,Kavindu Fernando
SH-006875,SR-26-01674,Submitted,Approved,2026-03-28,Nethmi Perera
SH-006876,SR-26-01674,Approved,In Progress,2026-03-29,Nethmi Perera
SH-006877,SR-26-01674,In Progress,QC,2026-03-30,Nethmi Perera
SH-006878,SR-26-01674,QC,Completed,2026-04-01,Nethmi Perera
SH-006879,SR-26-01675,Submitted,Approved,2026-03-29,Hiruni Gunasekara
SH-006880,SR-26-01675,Approved,In Progress,2026-03-31,Hiruni Gunasekara
SH-006881,SR-26-01675,In Progress,QC,2026-04-02,Hiruni Gunasekara
SH-006882,SR-26-01675,QC,Completed,2026-04-04,Hiruni Gunasekara
SH-006883,SR-26-01676,Submitted,Approved,2026-03-28,Sachini Silva
SH-006884,SR-26-01676,Approved,In Progress,2026-03-29,Sachini Silva
SH-006885,SR-26-01676,In Progress,QC,2026-03-30,Sachini Silva
SH-006886,SR-26-01676,QC,Completed,2026-03-31,Sachini Silva
SH-006887,SR-26-01677,Submitted,Approved,2026-03-29,Sachini Silva
SH-006888,SR-26-01677,Approved,In Progress,2026-03-31,Sachini Silva
SH-006889,SR-26-01677,In Progress,QC,2026-04-01,Sachini Silva
SH-006890,SR-26-01677,QC,Completed,2026-04-03,Sachini Silva
SH-006891,SR-26-01678,Submitted,Approved,2026-03-28,Ashen Rathnayake
SH-006892,SR-26-01678,Approved,In Progress,2026-03-29,Ashen Rathnayake
SH-006893,SR-26-01678,In Progress,QC,2026-03-29,Ashen Rathnayake
SH-006894,SR-26-01678,QC,Completed,2026-03-30,Ashen Rathnayake
SH-006895,SR-26-01679,Submitted,Approved,2026-03-30,Sachini Silva
SH-006896,SR-26-01679,Approved,In Progress,2026-03-31,Sachini Silva
SH-006897,SR-26-01679,In Progress,QC,2026-04-01,Sachini Silva
SH-006898,SR-26-01679,QC,Completed,2026-04-03,Sachini Silva
SH-006899,SR-26-01680,Submitted,Approved,2026-03-28,Nethmi Perera
SH-006900,SR-26-01680,Approved,In Progress,2026-03-29,Nethmi Perera
SH-006901,SR-26-01680,In Progress,QC,2026-03-30,Nethmi Perera
SH-006902,SR-26-01680,QC,Completed,2026-03-30,Nethmi Perera
SH-006903,SR-26-01681,Submitted,Approved,2026-03-28,Nethmi Perera
SH-006904,SR-26-01681,Approved,In Progress,2026-03-29,Nethmi Perera
SH-006905,SR-26-01681,In Progress,QC,2026-03-30,Nethmi Perera
SH-006906,SR-26-01681,QC,Completed,2026-03-30,Nethmi Perera
SH-006907,SR-26-01682,Submitted,Approved,2026-03-30,Dulani Jayasuriya
SH-006908,SR-26-01682,Approved,In Progress,2026-04-01,Dulani Jayasuriya
SH-006909,SR-26-01682,In Progress,QC,2026-04-04,Dulani Jayasuriya
SH-006910,SR-26-01682,QC,Completed,2026-04-06,Dulani Jayasuriya
SH-006911,SR-26-01683,Submitted,Approved,2026-04-01,Nethmi Perera
SH-006912,SR-26-01683,Approved,In Progress,2026-04-02,Nethmi Perera
SH-006913,SR-26-01683,In Progress,QC,2026-04-03,Nethmi Perera
SH-006914,SR-26-01683,QC,Completed,2026-04-05,Nethmi Perera
SH-006915,SR-26-01684,Submitted,Approved,2026-03-30,Hiruni Gunasekara
SH-006916,SR-26-01684,Approved,In Progress,2026-03-31,Hiruni Gunasekara
SH-006917,SR-26-01684,In Progress,QC,2026-04-01,Hiruni Gunasekara
SH-006918,SR-26-01684,QC,Completed,2026-04-01,Hiruni Gunasekara
SH-006919,SR-26-01685,Submitted,Approved,2026-03-31,Kavindu Fernando
SH-006920,SR-26-01685,Approved,In Progress,2026-04-01,Kavindu Fernando
SH-006921,SR-26-01685,In Progress,QC,2026-04-02,Kavindu Fernando
SH-006922,SR-26-01685,QC,Completed,2026-04-03,Kavindu Fernando
SH-006923,SR-26-01686,Submitted,Approved,2026-04-01,Nethmi Perera
SH-006924,SR-26-01686,Approved,In Progress,2026-04-03,Nethmi Perera
SH-006925,SR-26-01686,In Progress,QC,2026-04-04,Nethmi Perera
SH-006926,SR-26-01686,QC,Completed,2026-04-06,Nethmi Perera
SH-006927,SR-26-01687,Submitted,Approved,2026-04-01,Hiruni Gunasekara
SH-006928,SR-26-01687,Approved,In Progress,2026-04-04,Hiruni Gunasekara
SH-006929,SR-26-01687,In Progress,QC,2026-04-07,Hiruni Gunasekara
SH-006930,SR-26-01687,QC,Completed,2026-04-09,Hiruni Gunasekara
SH-006931,SR-26-01688,Submitted,Approved,2026-04-01,Dulani Jayasuriya
SH-006932,SR-26-01688,Approved,In Progress,2026-04-03,Dulani Jayasuriya
SH-006933,SR-26-01688,In Progress,QC,2026-04-04,Dulani Jayasuriya
SH-006934,SR-26-01688,QC,Completed,2026-04-06,Dulani Jayasuriya
SH-006935,SR-26-01689,Submitted,Approved,2026-04-01,Sachini Silva
SH-006936,SR-26-01689,Approved,In Progress,2026-04-02,Sachini Silva
SH-006937,SR-26-01689,In Progress,QC,2026-04-03,Sachini Silva
SH-006938,SR-26-01689,QC,Completed,2026-04-04,Sachini Silva
SH-006939,SR-26-01690,Submitted,Approved,2026-04-01,Kavindu Fernando
SH-006940,SR-26-01690,Approved,In Progress,2026-04-02,Kavindu Fernando
SH-006941,SR-26-01690,In Progress,QC,2026-04-04,Kavindu Fernando
SH-006942,SR-26-01690,QC,Completed,2026-04-05,Kavindu Fernando
SH-006943,SR-26-01691,Submitted,Approved,2026-04-02,Kavindu Fernando
SH-006944,SR-26-01691,Approved,In Progress,2026-04-04,Kavindu Fernando
SH-006945,SR-26-01691,In Progress,QC,2026-04-07,Kavindu Fernando
SH-006946,SR-26-01691,QC,Completed,2026-04-09,Kavindu Fernando
SH-006947,SR-26-01692,Submitted,Approved,2026-04-02,Sachini Silva
SH-006948,SR-26-01692,Approved,In Progress,2026-04-03,Sachini Silva
SH-006949,SR-26-01692,In Progress,QC,2026-04-04,Sachini Silva
SH-006950,SR-26-01692,QC,Completed,2026-04-05,Sachini Silva
SH-006951,SR-26-01693,Submitted,Approved,2026-04-03,Dulani Jayasuriya
SH-006952,SR-26-01693,Approved,In Progress,2026-04-05,Dulani Jayasuriya
SH-006953,SR-26-01693,In Progress,QC,2026-04-06,Dulani Jayasuriya
SH-006954,SR-26-01693,QC,Rework,2026-04-07,Dulani Jayasuriya
SH-006955,SR-26-01693,Rework,QC,2026-04-09,Dulani Jayasuriya
SH-006956,SR-26-01693,QC,Completed,2026-04-10,Dulani Jayasuriya
SH-006957,SR-26-01694,Submitted,Approved,2026-04-04,Hiruni Gunasekara
SH-006958,SR-26-01694,Approved,In Progress,2026-04-06,Hiruni Gunasekara
SH-006959,SR-26-01694,In Progress,QC,2026-04-07,Hiruni Gunasekara
SH-006960,SR-26-01694,QC,Completed,2026-04-09,Hiruni Gunasekara
SH-006961,SR-26-01695,Submitted,Approved,2026-04-04,Dulani Jayasuriya
SH-006962,SR-26-01695,Approved,In Progress,2026-04-05,Dulani Jayasuriya
SH-006963,SR-26-01695,In Progress,QC,2026-04-06,Dulani Jayasuriya
SH-006964,SR-26-01695,QC,Completed,2026-04-08,Dulani Jayasuriya
SH-006965,SR-26-01696,Submitted,Approved,2026-04-03,Dulani Jayasuriya
SH-006966,SR-26-01696,Approved,In Progress,2026-04-04,Dulani Jayasuriya
SH-006967,SR-26-01696,In Progress,QC,2026-04-06,Dulani Jayasuriya
SH-006968,SR-26-01696,QC,Completed,2026-04-07,Dulani Jayasuriya
SH-006969,SR-26-01697,Submitted,Approved,2026-04-03,Ashen Rathnayake
SH-006970,SR-26-01697,Approved,In Progress,2026-04-04,Ashen Rathnayake
SH-006971,SR-26-01697,In Progress,QC,2026-04-06,Ashen Rathnayake
SH-006972,SR-26-01697,QC,Completed,2026-04-07,Ashen Rathnayake
SH-006973,SR-26-01698,Submitted,Approved,2026-04-05,Hiruni Gunasekara
SH-006974,SR-26-01698,Approved,In Progress,2026-04-07,Hiruni Gunasekara
SH-006975,SR-26-01698,In Progress,QC,2026-04-08,Hiruni Gunasekara
SH-006976,SR-26-01698,QC,Completed,2026-04-10,Hiruni Gunasekara
SH-006977,SR-26-01699,Submitted,Approved,2026-04-05,Nethmi Perera
SH-006978,SR-26-01699,Approved,In Progress,2026-04-07,Nethmi Perera
SH-006979,SR-26-01699,In Progress,QC,2026-04-08,Nethmi Perera
SH-006980,SR-26-01699,QC,Completed,2026-04-10,Nethmi Perera
SH-006981,SR-26-01700,Submitted,Approved,2026-04-05,Hiruni Gunasekara
SH-006982,SR-26-01700,Approved,In Progress,2026-04-06,Hiruni Gunasekara
SH-006983,SR-26-01700,In Progress,QC,2026-04-08,Hiruni Gunasekara
SH-006984,SR-26-01700,QC,Rework,2026-04-10,Hiruni Gunasekara
SH-006985,SR-26-01700,Rework,QC,2026-04-11,Hiruni Gunasekara
SH-006986,SR-26-01700,QC,Completed,2026-04-13,Hiruni Gunasekara
SH-006987,SR-26-01701,Submitted,Approved,2026-04-04,Kavindu Fernando
SH-006988,SR-26-01701,Approved,In Progress,2026-04-05,Kavindu Fernando
SH-006989,SR-26-01701,In Progress,QC,2026-04-06,Kavindu Fernando
SH-006990,SR-26-01701,QC,Completed,2026-04-07,Kavindu Fernando
SH-006991,SR-26-01702,Submitted,Approved,2026-04-05,Dulani Jayasuriya
SH-006992,SR-26-01702,Approved,In Progress,2026-04-06,Dulani Jayasuriya
SH-006993,SR-26-01702,In Progress,QC,2026-04-08,Dulani Jayasuriya
SH-006994,SR-26-01702,QC,Completed,2026-04-09,Dulani Jayasuriya
SH-006995,SR-26-01703,Submitted,Approved,2026-04-05,Kavindu Fernando
SH-006996,SR-26-01703,Approved,In Progress,2026-04-06,Kavindu Fernando
SH-006997,SR-26-01703,In Progress,QC,2026-04-06,Kavindu Fernando
SH-006998,SR-26-01703,QC,Completed,2026-04-07,Kavindu Fernando
SH-006999,SR-26-01704,Submitted,Approved,2026-04-05,Hiruni Gunasekara
SH-007000,SR-26-01704,Approved,In Progress,2026-04-06,Hiruni Gunasekara
SH-007001,SR-26-01704,In Progress,QC,2026-04-07,Hiruni Gunasekara
SH-007002,SR-26-01704,QC,Completed,2026-04-08,Hiruni Gunasekara
SH-007003,SR-26-01705,Submitted,Approved,2026-04-07,Kavindu Fernando
SH-007004,SR-26-01705,Approved,In Progress,2026-04-08,Kavindu Fernando
SH-007005,SR-26-01705,In Progress,QC,2026-04-10,Kavindu Fernando
SH-007006,SR-26-01705,QC,Completed,2026-04-11,Kavindu Fernando
SH-007007,SR-26-01706,Submitted,Approved,2026-04-07,Sachini Silva
SH-007008,SR-26-01706,Approved,In Progress,2026-04-08,Sachini Silva
SH-007009,SR-26-01706,In Progress,QC,2026-04-08,Sachini Silva
SH-007010,SR-26-01706,QC,Completed,2026-04-09,Sachini Silva
SH-007011,SR-26-01707,Submitted,Approved,2026-04-07,Sachini Silva
SH-007012,SR-26-01707,Approved,In Progress,2026-04-08,Sachini Silva
SH-007013,SR-26-01707,In Progress,QC,2026-04-10,Sachini Silva
SH-007014,SR-26-01707,QC,Completed,2026-04-11,Sachini Silva
SH-007015,SR-26-01708,Submitted,Approved,2026-04-08,Ashen Rathnayake
SH-007016,SR-26-01708,Approved,In Progress,2026-04-10,Ashen Rathnayake
SH-007017,SR-26-01708,In Progress,QC,2026-04-11,Ashen Rathnayake
SH-007018,SR-26-01708,QC,Completed,2026-04-13,Ashen Rathnayake
SH-007019,SR-26-01709,Submitted,Approved,2026-04-07,Nethmi Perera
SH-007020,SR-26-01709,Approved,In Progress,2026-04-08,Nethmi Perera
SH-007021,SR-26-01709,In Progress,QC,2026-04-08,Nethmi Perera
SH-007022,SR-26-01709,QC,Completed,2026-04-09,Nethmi Perera
SH-007023,SR-26-01710,Submitted,Approved,2026-04-08,Kavindu Fernando
SH-007024,SR-26-01710,Approved,In Progress,2026-04-10,Kavindu Fernando
SH-007025,SR-26-01710,In Progress,QC,2026-04-13,Kavindu Fernando
SH-007026,SR-26-01710,QC,Completed,2026-04-15,Kavindu Fernando
SH-007027,SR-26-01711,Submitted,Approved,2026-04-08,Dulani Jayasuriya
SH-007028,SR-26-01711,Approved,In Progress,2026-04-09,Dulani Jayasuriya
SH-007029,SR-26-01711,In Progress,QC,2026-04-09,Dulani Jayasuriya
SH-007030,SR-26-01711,QC,Completed,2026-04-10,Dulani Jayasuriya
SH-007031,SR-26-01712,Submitted,Approved,2026-04-07,Ashen Rathnayake
SH-007032,SR-26-01712,Approved,In Progress,2026-04-08,Ashen Rathnayake
SH-007033,SR-26-01712,In Progress,QC,2026-04-09,Ashen Rathnayake
SH-007034,SR-26-01712,QC,Completed,2026-04-09,Ashen Rathnayake
SH-007035,SR-26-01713,Submitted,Approved,2026-04-08,Dulani Jayasuriya
SH-007036,SR-26-01713,Approved,In Progress,2026-04-09,Dulani Jayasuriya
SH-007037,SR-26-01713,In Progress,QC,2026-04-11,Dulani Jayasuriya
SH-007038,SR-26-01713,QC,Completed,2026-04-12,Dulani Jayasuriya
SH-007039,SR-26-01714,Submitted,Approved,2026-04-09,Kavindu Fernando
SH-007040,SR-26-01714,Approved,In Progress,2026-04-10,Kavindu Fernando
SH-007041,SR-26-01714,In Progress,QC,2026-04-11,Kavindu Fernando
SH-007042,SR-26-01714,QC,Completed,2026-04-13,Kavindu Fernando
SH-007043,SR-26-01715,Submitted,Approved,2026-04-10,Ashen Rathnayake
SH-007044,SR-26-01715,Approved,In Progress,2026-04-12,Ashen Rathnayake
SH-007045,SR-26-01715,In Progress,QC,2026-04-14,Ashen Rathnayake
SH-007046,SR-26-01715,QC,Completed,2026-04-16,Ashen Rathnayake
SH-007047,SR-26-01716,Submitted,Approved,2026-04-10,Kavindu Fernando
SH-007048,SR-26-01716,Approved,In Progress,2026-04-13,Kavindu Fernando
SH-007049,SR-26-01716,In Progress,QC,2026-04-16,Kavindu Fernando
SH-007050,SR-26-01716,QC,Completed,2026-04-18,Kavindu Fernando
SH-007051,SR-26-01717,Submitted,Approved,2026-04-10,Kavindu Fernando
SH-007052,SR-26-01717,Approved,In Progress,2026-04-12,Kavindu Fernando
SH-007053,SR-26-01717,In Progress,QC,2026-04-15,Kavindu Fernando
SH-007054,SR-26-01717,QC,Completed,2026-04-17,Kavindu Fernando
SH-007055,SR-26-01718,Submitted,Approved,2026-04-09,Hiruni Gunasekara
SH-007056,SR-26-01718,Approved,In Progress,2026-04-10,Hiruni Gunasekara
SH-007057,SR-26-01718,In Progress,QC,2026-04-11,Hiruni Gunasekara
SH-007058,SR-26-01718,QC,Rework,2026-04-12,Hiruni Gunasekara
SH-007059,SR-26-01718,Rework,QC,2026-04-13,Hiruni Gunasekara
SH-007060,SR-26-01718,QC,Completed,2026-04-14,Hiruni Gunasekara
SH-007061,SR-26-01719,Submitted,Approved,2026-04-10,Kavindu Fernando
SH-007062,SR-26-01719,Approved,In Progress,2026-04-12,Kavindu Fernando
SH-007063,SR-26-01719,In Progress,QC,2026-04-15,Kavindu Fernando
SH-007064,SR-26-01719,QC,Completed,2026-04-17,Kavindu Fernando
SH-007065,SR-26-01720,Submitted,Approved,2026-04-10,Sachini Silva
SH-007066,SR-26-01720,Approved,In Progress,2026-04-11,Sachini Silva
SH-007067,SR-26-01720,In Progress,QC,2026-04-11,Sachini Silva
SH-007068,SR-26-01720,QC,Completed,2026-04-12,Sachini Silva
SH-007069,SR-26-01721,Submitted,Approved,2026-04-11,Nethmi Perera
SH-007070,SR-26-01721,Approved,In Progress,2026-04-12,Nethmi Perera
SH-007071,SR-26-01721,In Progress,QC,2026-04-13,Nethmi Perera
SH-007072,SR-26-01721,QC,Completed,2026-04-15,Nethmi Perera
SH-007073,SR-26-01722,Submitted,Approved,2026-04-11,Sachini Silva
SH-007074,SR-26-01722,Approved,In Progress,2026-04-13,Sachini Silva
SH-007075,SR-26-01722,In Progress,QC,2026-04-16,Sachini Silva
SH-007076,SR-26-01722,QC,Completed,2026-04-18,Sachini Silva
SH-007077,SR-26-01723,Submitted,Approved,2026-04-10,Nethmi Perera
SH-007078,SR-26-01723,Approved,In Progress,2026-04-11,Nethmi Perera
SH-007079,SR-26-01723,In Progress,QC,2026-04-13,Nethmi Perera
SH-007080,SR-26-01723,QC,Completed,2026-04-14,Nethmi Perera
SH-007081,SR-26-01724,Submitted,Approved,2026-04-11,Hiruni Gunasekara
SH-007082,SR-26-01724,Approved,In Progress,2026-04-13,Hiruni Gunasekara
SH-007083,SR-26-01724,In Progress,QC,2026-04-14,Hiruni Gunasekara
SH-007084,SR-26-01724,QC,Completed,2026-04-16,Hiruni Gunasekara
SH-007085,SR-26-01725,Submitted,Approved,2026-04-12,Hiruni Gunasekara
SH-007086,SR-26-01725,Approved,In Progress,2026-04-13,Hiruni Gunasekara
SH-007087,SR-26-01725,In Progress,QC,2026-04-14,Hiruni Gunasekara
SH-007088,SR-26-01725,QC,Completed,2026-04-16,Hiruni Gunasekara
SH-007089,SR-26-01726,Submitted,Approved,2026-04-10,Dulani Jayasuriya
SH-007090,SR-26-01726,Approved,In Progress,2026-04-11,Dulani Jayasuriya
SH-007091,SR-26-01726,In Progress,QC,2026-04-12,Dulani Jayasuriya
SH-007092,SR-26-01726,QC,Completed,2026-04-12,Dulani Jayasuriya
SH-007093,SR-26-01727,Submitted,Approved,2026-04-12,Dulani Jayasuriya
SH-007094,SR-26-01727,Approved,In Progress,2026-04-15,Dulani Jayasuriya
SH-007095,SR-26-01727,In Progress,QC,2026-04-18,Dulani Jayasuriya
SH-007096,SR-26-01727,QC,Completed,2026-04-20,Dulani Jayasuriya
SH-007097,SR-26-01728,Submitted,Approved,2026-04-12,Hiruni Gunasekara
SH-007098,SR-26-01728,Approved,In Progress,2026-04-14,Hiruni Gunasekara
SH-007099,SR-26-01728,In Progress,QC,2026-04-17,Hiruni Gunasekara
SH-007100,SR-26-01728,QC,Completed,2026-04-19,Hiruni Gunasekara
SH-007101,SR-26-01729,Submitted,Approved,2026-04-13,Ashen Rathnayake
SH-007102,SR-26-01729,Approved,In Progress,2026-04-15,Ashen Rathnayake
SH-007103,SR-26-01729,In Progress,QC,2026-04-16,Ashen Rathnayake
SH-007104,SR-26-01729,QC,Completed,2026-04-18,Ashen Rathnayake
SH-007105,SR-26-01730,Submitted,Approved,2026-04-12,Dulani Jayasuriya
SH-007106,SR-26-01730,Approved,In Progress,2026-04-13,Dulani Jayasuriya
SH-007107,SR-26-01730,In Progress,QC,2026-04-14,Dulani Jayasuriya
SH-007108,SR-26-01730,QC,Completed,2026-04-15,Dulani Jayasuriya
SH-007109,SR-26-01731,Submitted,Approved,2026-04-13,Hiruni Gunasekara
SH-007110,SR-26-01731,Approved,In Progress,2026-04-15,Hiruni Gunasekara
SH-007111,SR-26-01731,In Progress,QC,2026-04-18,Hiruni Gunasekara
SH-007112,SR-26-01731,QC,Completed,2026-04-20,Hiruni Gunasekara
SH-007113,SR-26-01732,Submitted,Approved,2026-04-12,Sachini Silva
SH-007114,SR-26-01732,Approved,In Progress,2026-04-13,Sachini Silva
SH-007115,SR-26-01732,In Progress,QC,2026-04-15,Sachini Silva
SH-007116,SR-26-01732,QC,Completed,2026-04-16,Sachini Silva
SH-007117,SR-26-01733,Submitted,Approved,2026-04-13,Nethmi Perera
SH-007118,SR-26-01733,Approved,In Progress,2026-04-15,Nethmi Perera
SH-007119,SR-26-01733,In Progress,QC,2026-04-17,Nethmi Perera
SH-007120,SR-26-01733,QC,Completed,2026-04-19,Nethmi Perera
SH-007121,SR-26-01734,Submitted,Approved,2026-04-13,Hiruni Gunasekara
SH-007122,SR-26-01734,Approved,In Progress,2026-04-15,Hiruni Gunasekara
SH-007123,SR-26-01734,In Progress,QC,2026-04-18,Hiruni Gunasekara
SH-007124,SR-26-01734,QC,Completed,2026-04-20,Hiruni Gunasekara
SH-007125,SR-26-01735,Submitted,Approved,2026-04-12,Hiruni Gunasekara
SH-007126,SR-26-01735,Approved,In Progress,2026-04-13,Hiruni Gunasekara
SH-007127,SR-26-01735,In Progress,QC,2026-04-15,Hiruni Gunasekara
SH-007128,SR-26-01735,QC,Completed,2026-04-16,Hiruni Gunasekara
SH-007129,SR-26-01736,Submitted,Approved,2026-04-14,Dulani Jayasuriya
SH-007130,SR-26-01736,Approved,In Progress,2026-04-15,Dulani Jayasuriya
SH-007131,SR-26-01736,In Progress,QC,2026-04-17,Dulani Jayasuriya
SH-007132,SR-26-01736,QC,Completed,2026-04-18,Dulani Jayasuriya
SH-007133,SR-26-01737,Submitted,Approved,2026-04-15,Ashen Rathnayake
SH-007134,SR-26-01737,Approved,In Progress,2026-04-17,Ashen Rathnayake
SH-007135,SR-26-01737,In Progress,QC,2026-04-19,Ashen Rathnayake
SH-007136,SR-26-01737,QC,Completed,2026-04-21,Ashen Rathnayake
SH-007137,SR-26-01738,Submitted,Approved,2026-04-15,Kavindu Fernando
SH-007138,SR-26-01738,Approved,In Progress,2026-04-17,Kavindu Fernando
SH-007139,SR-26-01738,In Progress,QC,2026-04-18,Kavindu Fernando
SH-007140,SR-26-01738,QC,Completed,2026-04-20,Kavindu Fernando
SH-007141,SR-26-01739,Submitted,Approved,2026-04-14,Kavindu Fernando
SH-007142,SR-26-01739,Approved,In Progress,2026-04-15,Kavindu Fernando
SH-007143,SR-26-01739,In Progress,QC,2026-04-17,Kavindu Fernando
SH-007144,SR-26-01739,QC,Completed,2026-04-18,Kavindu Fernando
SH-007145,SR-26-01740,Submitted,Approved,2026-04-14,Dulani Jayasuriya
SH-007146,SR-26-01740,Approved,In Progress,2026-04-15,Dulani Jayasuriya
SH-007147,SR-26-01740,In Progress,QC,2026-04-16,Dulani Jayasuriya
SH-007148,SR-26-01740,QC,Completed,2026-04-17,Dulani Jayasuriya
SH-007149,SR-26-01741,Submitted,Approved,2026-04-16,Ashen Rathnayake
SH-007150,SR-26-01741,Approved,In Progress,2026-04-18,Ashen Rathnayake
SH-007151,SR-26-01741,In Progress,QC,2026-04-20,Ashen Rathnayake
SH-007152,SR-26-01741,QC,Completed,2026-04-22,Ashen Rathnayake
SH-007153,SR-26-01742,Submitted,Approved,2026-04-16,Hiruni Gunasekara
SH-007154,SR-26-01742,Approved,In Progress,2026-04-17,Hiruni Gunasekara
SH-007155,SR-26-01742,In Progress,QC,2026-04-18,Hiruni Gunasekara
SH-007156,SR-26-01742,QC,Completed,2026-04-20,Hiruni Gunasekara
SH-007157,SR-26-01743,Submitted,Approved,2026-04-17,Sachini Silva
SH-007158,SR-26-01743,Approved,In Progress,2026-04-20,Sachini Silva
SH-007159,SR-26-01743,In Progress,QC,2026-04-22,Sachini Silva
SH-007160,SR-26-01743,QC,Completed,2026-04-25,Sachini Silva
SH-007161,SR-26-01744,Submitted,Approved,2026-04-15,Nethmi Perera
SH-007162,SR-26-01744,Approved,In Progress,2026-04-16,Nethmi Perera
SH-007163,SR-26-01744,In Progress,QC,2026-04-17,Nethmi Perera
SH-007164,SR-26-01744,QC,Completed,2026-04-18,Nethmi Perera
SH-007165,SR-26-01745,Submitted,Approved,2026-04-15,Sachini Silva
SH-007166,SR-26-01745,Approved,In Progress,2026-04-16,Sachini Silva
SH-007167,SR-26-01745,In Progress,QC,2026-04-18,Sachini Silva
SH-007168,SR-26-01745,QC,Completed,2026-04-19,Sachini Silva
SH-007169,SR-26-01746,Submitted,Approved,2026-04-17,Hiruni Gunasekara
SH-007170,SR-26-01746,Approved,In Progress,2026-04-19,Hiruni Gunasekara
SH-007171,SR-26-01746,In Progress,QC,2026-04-21,Hiruni Gunasekara
SH-007172,SR-26-01746,QC,Completed,2026-04-23,Hiruni Gunasekara
SH-007173,SR-26-01747,Submitted,Approved,2026-04-19,Kavindu Fernando
SH-007174,SR-26-01747,Approved,In Progress,2026-04-22,Kavindu Fernando
SH-007175,SR-26-01747,In Progress,QC,2026-04-25,Kavindu Fernando
SH-007176,SR-26-01747,QC,Completed,2026-04-29,Kavindu Fernando
SH-007177,SR-26-01748,Submitted,Approved,2026-04-18,Ashen Rathnayake
SH-007178,SR-26-01748,Approved,In Progress,2026-04-20,Ashen Rathnayake
SH-007179,SR-26-01748,In Progress,QC,2026-04-21,Ashen Rathnayake
SH-007180,SR-26-01748,QC,Completed,2026-04-23,Ashen Rathnayake
SH-007181,SR-26-01749,Submitted,Approved,2026-04-18,Dulani Jayasuriya
SH-007182,SR-26-01749,Approved,In Progress,2026-04-20,Dulani Jayasuriya
SH-007183,SR-26-01749,In Progress,QC,2026-04-22,Dulani Jayasuriya
SH-007184,SR-26-01749,QC,Completed,2026-04-24,Dulani Jayasuriya
SH-007185,SR-26-01750,Submitted,Approved,2026-04-17,Ashen Rathnayake
SH-007186,SR-26-01750,Approved,In Progress,2026-04-18,Ashen Rathnayake
SH-007187,SR-26-01750,In Progress,QC,2026-04-19,Ashen Rathnayake
SH-007188,SR-26-01750,QC,Completed,2026-04-20,Ashen Rathnayake
SH-007189,SR-26-01751,Submitted,Approved,2026-04-18,Hiruni Gunasekara
SH-007190,SR-26-01751,Approved,In Progress,2026-04-19,Hiruni Gunasekara
SH-007191,SR-26-01751,In Progress,QC,2026-04-20,Hiruni Gunasekara
SH-007192,SR-26-01751,QC,Completed,2026-04-22,Hiruni Gunasekara
SH-007193,SR-26-01752,Submitted,Approved,2026-04-17,Hiruni Gunasekara
SH-007194,SR-26-01752,Approved,In Progress,2026-04-18,Hiruni Gunasekara
SH-007195,SR-26-01752,In Progress,QC,2026-04-20,Hiruni Gunasekara
SH-007196,SR-26-01752,QC,Completed,2026-04-21,Hiruni Gunasekara
SH-007197,SR-26-01753,Submitted,Approved,2026-04-17,Ashen Rathnayake
SH-007198,SR-26-01753,Approved,In Progress,2026-04-18,Ashen Rathnayake
SH-007199,SR-26-01753,In Progress,QC,2026-04-19,Ashen Rathnayake
SH-007200,SR-26-01753,QC,Completed,2026-04-20,Ashen Rathnayake
SH-007201,SR-26-01754,Submitted,Approved,2026-04-18,Sachini Silva
SH-007202,SR-26-01754,Approved,In Progress,2026-04-19,Sachini Silva
SH-007203,SR-26-01754,In Progress,QC,2026-04-19,Sachini Silva
SH-007204,SR-26-01754,QC,Completed,2026-04-20,Sachini Silva
SH-007205,SR-26-01755,Submitted,Approved,2026-04-18,Kavindu Fernando
SH-007206,SR-26-01755,Approved,In Progress,2026-04-19,Kavindu Fernando
SH-007207,SR-26-01755,In Progress,QC,2026-04-19,Kavindu Fernando
SH-007208,SR-26-01755,QC,Completed,2026-04-20,Kavindu Fernando
SH-007209,SR-26-01756,Submitted,Approved,2026-04-19,Hiruni Gunasekara
SH-007210,SR-26-01756,Approved,In Progress,2026-04-21,Hiruni Gunasekara
SH-007211,SR-26-01756,In Progress,QC,2026-04-23,Hiruni Gunasekara
SH-007212,SR-26-01756,QC,Completed,2026-04-25,Hiruni Gunasekara
SH-007213,SR-26-01757,Submitted,Approved,2026-04-17,Sachini Silva
SH-007214,SR-26-01757,Approved,In Progress,2026-04-18,Sachini Silva
SH-007215,SR-26-01757,In Progress,QC,2026-04-19,Sachini Silva
SH-007216,SR-26-01757,QC,Completed,2026-04-19,Sachini Silva
SH-007217,SR-26-01758,Submitted,Approved,2026-04-19,Dulani Jayasuriya
SH-007218,SR-26-01758,Approved,In Progress,2026-04-20,Dulani Jayasuriya
SH-007219,SR-26-01758,In Progress,QC,2026-04-21,Dulani Jayasuriya
SH-007220,SR-26-01758,QC,Completed,2026-04-23,Dulani Jayasuriya
SH-007221,SR-26-01759,Submitted,Approved,2026-04-18,Hiruni Gunasekara
SH-007222,SR-26-01759,Approved,In Progress,2026-04-19,Hiruni Gunasekara
SH-007223,SR-26-01759,In Progress,QC,2026-04-20,Hiruni Gunasekara
SH-007224,SR-26-01759,QC,Completed,2026-04-21,Hiruni Gunasekara
SH-007225,SR-26-01760,Submitted,Approved,2026-04-18,Kavindu Fernando
SH-007226,SR-26-01760,Approved,In Progress,2026-04-19,Kavindu Fernando
SH-007227,SR-26-01760,In Progress,QC,2026-04-21,Kavindu Fernando
SH-007228,SR-26-01760,QC,Completed,2026-04-22,Kavindu Fernando
SH-007229,SR-26-01761,Submitted,Approved,2026-04-18,Dulani Jayasuriya
SH-007230,SR-26-01761,Approved,In Progress,2026-04-18,Dulani Jayasuriya
SH-007231,SR-26-01761,In Progress,QC,2026-04-19,Dulani Jayasuriya
SH-007232,SR-26-01761,QC,Completed,2026-04-19,Dulani Jayasuriya
SH-007233,SR-26-01762,Submitted,Approved,2026-04-20,Dulani Jayasuriya
SH-007234,SR-26-01762,Approved,In Progress,2026-04-22,Dulani Jayasuriya
SH-007235,SR-26-01762,In Progress,QC,2026-04-24,Dulani Jayasuriya
SH-007236,SR-26-01762,QC,Completed,2026-04-26,Dulani Jayasuriya
SH-007237,SR-26-01763,Submitted,Approved,2026-04-20,Ashen Rathnayake
SH-007238,SR-26-01763,Approved,In Progress,2026-04-21,Ashen Rathnayake
SH-007239,SR-26-01763,In Progress,QC,2026-04-22,Ashen Rathnayake
SH-007240,SR-26-01763,QC,Completed,2026-04-24,Ashen Rathnayake
SH-007241,SR-26-01764,Submitted,Approved,2026-04-20,Ashen Rathnayake
SH-007242,SR-26-01764,Approved,In Progress,2026-04-22,Ashen Rathnayake
SH-007243,SR-26-01764,In Progress,QC,2026-04-23,Ashen Rathnayake
SH-007244,SR-26-01764,QC,Completed,2026-04-25,Ashen Rathnayake
SH-007245,SR-26-01765,Submitted,Approved,2026-04-20,Kavindu Fernando
SH-007246,SR-26-01765,Approved,In Progress,2026-04-22,Kavindu Fernando
SH-007247,SR-26-01765,In Progress,QC,2026-04-24,Kavindu Fernando
SH-007248,SR-26-01765,QC,Rework,2026-04-25,Kavindu Fernando
SH-007249,SR-26-01765,Rework,QC,2026-04-27,Kavindu Fernando
SH-007250,SR-26-01765,QC,Completed,2026-04-29,Kavindu Fernando
SH-007251,SR-26-01766,Submitted,Approved,2026-04-20,Kavindu Fernando
SH-007252,SR-26-01766,Approved,In Progress,2026-04-22,Kavindu Fernando
SH-007253,SR-26-01766,In Progress,QC,2026-04-25,Kavindu Fernando
SH-007254,SR-26-01766,QC,Completed,2026-04-27,Kavindu Fernando
SH-007255,SR-26-01767,Submitted,Approved,2026-04-20,Hiruni Gunasekara
SH-007256,SR-26-01767,Approved,In Progress,2026-04-22,Hiruni Gunasekara
SH-007257,SR-26-01767,In Progress,QC,2026-04-24,Hiruni Gunasekara
SH-007258,SR-26-01767,QC,Completed,2026-04-26,Hiruni Gunasekara
SH-007259,SR-26-01768,Submitted,Approved,2026-04-22,Dulani Jayasuriya
SH-007260,SR-26-01768,Approved,In Progress,2026-04-24,Dulani Jayasuriya
SH-007261,SR-26-01768,In Progress,QC,2026-04-26,Dulani Jayasuriya
SH-007262,SR-26-01768,QC,Completed,2026-04-28,Dulani Jayasuriya
SH-007263,SR-26-01769,Submitted,Approved,2026-04-22,Ashen Rathnayake
SH-007264,SR-26-01769,Approved,In Progress,2026-04-24,Ashen Rathnayake
SH-007265,SR-26-01769,In Progress,QC,2026-04-27,Ashen Rathnayake
SH-007266,SR-26-01769,QC,Completed,2026-04-29,Ashen Rathnayake
SH-007267,SR-26-01770,Submitted,Approved,2026-04-20,Kavindu Fernando
SH-007268,SR-26-01770,Approved,In Progress,2026-04-21,Kavindu Fernando
SH-007269,SR-26-01770,In Progress,QC,2026-04-22,Kavindu Fernando
SH-007270,SR-26-01770,QC,Completed,2026-04-22,Kavindu Fernando
SH-007271,SR-26-01771,Submitted,Approved,2026-04-21,Nethmi Perera
SH-007272,SR-26-01771,Approved,In Progress,2026-04-22,Nethmi Perera
SH-007273,SR-26-01771,In Progress,QC,2026-04-23,Nethmi Perera
SH-007274,SR-26-01771,QC,Completed,2026-04-24,Nethmi Perera
SH-007275,SR-26-01772,Submitted,Approved,2026-04-21,Dulani Jayasuriya
SH-007276,SR-26-01772,Approved,In Progress,2026-04-22,Dulani Jayasuriya
SH-007277,SR-26-01772,In Progress,QC,2026-04-23,Dulani Jayasuriya
SH-007278,SR-26-01772,QC,Completed,2026-04-24,Dulani Jayasuriya
SH-007279,SR-26-01773,Submitted,Approved,2026-04-22,Kavindu Fernando
SH-007280,SR-26-01773,Approved,In Progress,2026-04-24,Kavindu Fernando
SH-007281,SR-26-01773,In Progress,QC,2026-04-27,Kavindu Fernando
SH-007282,SR-26-01773,QC,Completed,2026-04-29,Kavindu Fernando
SH-007283,SR-26-01774,Submitted,Approved,2026-04-20,Sachini Silva
SH-007284,SR-26-01774,Approved,In Progress,2026-04-21,Sachini Silva
SH-007285,SR-26-01774,In Progress,QC,2026-04-22,Sachini Silva
SH-007286,SR-26-01774,QC,Completed,2026-04-22,Sachini Silva
SH-007287,SR-26-01775,Submitted,Approved,2026-04-23,Hiruni Gunasekara
SH-007288,SR-26-01775,Approved,In Progress,2026-04-25,Hiruni Gunasekara
SH-007289,SR-26-01775,In Progress,QC,2026-04-26,Hiruni Gunasekara
SH-007290,SR-26-01775,QC,Completed,2026-04-28,Hiruni Gunasekara
SH-007291,SR-26-01776,Submitted,Approved,2026-04-22,Hiruni Gunasekara
SH-007292,SR-26-01776,Approved,In Progress,2026-04-23,Hiruni Gunasekara
SH-007293,SR-26-01776,In Progress,QC,2026-04-24,Hiruni Gunasekara
SH-007294,SR-26-01776,QC,Completed,2026-04-25,Hiruni Gunasekara
SH-007295,SR-26-01777,Submitted,Approved,2026-04-22,Nethmi Perera
SH-007296,SR-26-01777,Approved,In Progress,2026-04-23,Nethmi Perera
SH-007297,SR-26-01777,In Progress,QC,2026-04-23,Nethmi Perera
SH-007298,SR-26-01777,QC,Completed,2026-04-24,Nethmi Perera
SH-007299,SR-26-01778,Submitted,Approved,2026-04-23,Dulani Jayasuriya
SH-007300,SR-26-01778,Approved,In Progress,2026-04-25,Dulani Jayasuriya
SH-007301,SR-26-01778,In Progress,QC,2026-04-26,Dulani Jayasuriya
SH-007302,SR-26-01778,QC,Completed,2026-04-28,Dulani Jayasuriya
SH-007303,SR-26-01779,Submitted,Approved,2026-04-22,Hiruni Gunasekara
SH-007304,SR-26-01779,Approved,In Progress,2026-04-23,Hiruni Gunasekara
SH-007305,SR-26-01779,In Progress,QC,2026-04-25,Hiruni Gunasekara
SH-007306,SR-26-01779,QC,Completed,2026-04-26,Hiruni Gunasekara
SH-007307,SR-26-01780,Submitted,Approved,2026-04-22,Dulani Jayasuriya
SH-007308,SR-26-01780,Approved,In Progress,2026-04-23,Dulani Jayasuriya
SH-007309,SR-26-01780,In Progress,QC,2026-04-24,Dulani Jayasuriya
SH-007310,SR-26-01780,QC,Completed,2026-04-25,Dulani Jayasuriya
SH-007311,SR-26-01781,Submitted,Approved,2026-04-22,Nethmi Perera
SH-007312,SR-26-01781,Approved,In Progress,2026-04-23,Nethmi Perera
SH-007313,SR-26-01781,In Progress,QC,2026-04-23,Nethmi Perera
SH-007314,SR-26-01781,QC,Completed,2026-04-24,Nethmi Perera
SH-007315,SR-26-01782,Submitted,Approved,2026-04-24,Hiruni Gunasekara
SH-007316,SR-26-01782,Approved,In Progress,2026-04-26,Hiruni Gunasekara
SH-007317,SR-26-01782,In Progress,QC,2026-04-28,Hiruni Gunasekara
SH-007318,SR-26-01782,QC,Completed,2026-04-30,Hiruni Gunasekara
SH-007319,SR-26-01783,Submitted,Approved,2026-04-24,Sachini Silva
SH-007320,SR-26-01783,Approved,In Progress,2026-04-26,Sachini Silva
SH-007321,SR-26-01783,In Progress,QC,2026-04-28,Sachini Silva
SH-007322,SR-26-01783,QC,Completed,2026-04-30,Sachini Silva
SH-007323,SR-26-01784,Submitted,Approved,2026-04-23,Ashen Rathnayake
SH-007324,SR-26-01784,Approved,In Progress,2026-04-24,Ashen Rathnayake
SH-007325,SR-26-01784,In Progress,QC,2026-04-24,Ashen Rathnayake
SH-007326,SR-26-01784,QC,Completed,2026-04-25,Ashen Rathnayake
SH-007327,SR-26-01785,Submitted,Approved,2026-04-24,Kavindu Fernando
SH-007328,SR-26-01785,Approved,In Progress,2026-04-26,Kavindu Fernando
SH-007329,SR-26-01785,In Progress,QC,2026-04-27,Kavindu Fernando
SH-007330,SR-26-01785,QC,Completed,2026-04-29,Kavindu Fernando
SH-007331,SR-26-01786,Submitted,Approved,2026-04-23,Ashen Rathnayake
SH-007332,SR-26-01786,Approved,In Progress,2026-04-24,Ashen Rathnayake
SH-007333,SR-26-01786,In Progress,QC,2026-04-25,Ashen Rathnayake
SH-007334,SR-26-01786,QC,Completed,2026-04-26,Ashen Rathnayake
SH-007335,SR-26-01787,Submitted,Approved,2026-04-23,Nethmi Perera
SH-007336,SR-26-01787,Approved,In Progress,2026-04-24,Nethmi Perera
SH-007337,SR-26-01787,In Progress,QC,2026-04-24,Nethmi Perera
SH-007338,SR-26-01787,QC,Completed,2026-04-25,Nethmi Perera
SH-007339,SR-26-01788,Submitted,Approved,2026-04-24,Ashen Rathnayake
SH-007340,SR-26-01788,Approved,In Progress,2026-04-26,Ashen Rathnayake
SH-007341,SR-26-01788,In Progress,QC,2026-04-27,Ashen Rathnayake
SH-007342,SR-26-01788,QC,Completed,2026-04-29,Ashen Rathnayake
SH-007343,SR-26-01789,Submitted,Approved,2026-04-24,Ashen Rathnayake
SH-007344,SR-26-01789,Approved,In Progress,2026-04-25,Ashen Rathnayake
SH-007345,SR-26-01789,In Progress,QC,2026-04-26,Ashen Rathnayake
SH-007346,SR-26-01789,QC,Completed,2026-04-27,Ashen Rathnayake
SH-007347,SR-26-01790,Submitted,Approved,2026-04-25,Sachini Silva
SH-007348,SR-26-01790,Approved,In Progress,2026-04-26,Sachini Silva
SH-007349,SR-26-01790,In Progress,QC,2026-04-27,Sachini Silva
SH-007350,SR-26-01790,QC,Completed,2026-04-29,Sachini Silva
SH-007351,SR-26-01791,Submitted,Approved,2026-04-24,Nethmi Perera
SH-007352,SR-26-01791,Approved,In Progress,2026-04-25,Nethmi Perera
SH-007353,SR-26-01791,In Progress,QC,2026-04-26,Nethmi Perera
SH-007354,SR-26-01791,QC,Completed,2026-04-27,Nethmi Perera
SH-007355,SR-26-01792,Submitted,Approved,2026-04-24,Nethmi Perera
SH-007356,SR-26-01792,Approved,In Progress,2026-04-25,Nethmi Perera
SH-007357,SR-26-01792,In Progress,QC,2026-04-27,Nethmi Perera
SH-007358,SR-26-01792,QC,Completed,2026-04-28,Nethmi Perera
SH-007359,SR-26-01793,Submitted,Approved,2026-04-25,Ashen Rathnayake
SH-007360,SR-26-01793,Approved,In Progress,2026-04-26,Ashen Rathnayake
SH-007361,SR-26-01793,In Progress,QC,2026-04-27,Ashen Rathnayake
SH-007362,SR-26-01793,QC,Completed,2026-04-29,Ashen Rathnayake
SH-007363,SR-26-01794,Submitted,Approved,2026-04-24,Dulani Jayasuriya
SH-007364,SR-26-01794,Approved,In Progress,2026-04-25,Dulani Jayasuriya
SH-007365,SR-26-01794,In Progress,QC,2026-04-26,Dulani Jayasuriya
SH-007366,SR-26-01794,QC,Completed,2026-04-27,Dulani Jayasuriya
SH-007367,SR-26-01795,Submitted,Approved,2026-04-25,Nethmi Perera
SH-007368,SR-26-01795,Approved,In Progress,2026-04-27,Nethmi Perera
SH-007369,SR-26-01795,In Progress,QC,2026-04-28,Nethmi Perera
SH-007370,SR-26-01795,QC,Completed,2026-04-30,Nethmi Perera
SH-007371,SR-26-01796,Submitted,Approved,2026-04-26,Sachini Silva
SH-007372,SR-26-01796,Approved,In Progress,2026-04-28,Sachini Silva
SH-007373,SR-26-01796,In Progress,QC,2026-04-30,Sachini Silva
SH-007374,SR-26-01796,QC,Completed,2026-05-02,Sachini Silva
SH-007375,SR-26-01797,Submitted,Approved,2026-04-26,Dulani Jayasuriya
SH-007376,SR-26-01797,Approved,In Progress,2026-04-28,Dulani Jayasuriya
SH-007377,SR-26-01797,In Progress,QC,2026-04-29,Dulani Jayasuriya
SH-007378,SR-26-01797,QC,Completed,2026-05-01,Dulani Jayasuriya
SH-007379,SR-26-01798,Submitted,Approved,2026-04-25,Nethmi Perera
SH-007380,SR-26-01798,Approved,In Progress,2026-04-27,Nethmi Perera
SH-007381,SR-26-01798,In Progress,QC,2026-04-28,Nethmi Perera
SH-007382,SR-26-01798,QC,Rework,2026-04-29,Nethmi Perera
SH-007383,SR-26-01798,Rework,QC,2026-05-01,Nethmi Perera
SH-007384,SR-26-01798,QC,Completed,2026-05-02,Nethmi Perera
SH-007385,SR-26-01799,Submitted,Approved,2026-04-26,Ashen Rathnayake
SH-007386,SR-26-01799,Approved,In Progress,2026-04-27,Ashen Rathnayake
SH-007387,SR-26-01799,In Progress,QC,2026-04-29,Ashen Rathnayake
SH-007388,SR-26-01799,QC,Completed,2026-04-30,Ashen Rathnayake
SH-007389,SR-26-01800,Submitted,Approved,2026-04-27,Ashen Rathnayake
SH-007390,SR-26-01800,Approved,In Progress,2026-04-29,Ashen Rathnayake
SH-007391,SR-26-01800,In Progress,QC,2026-05-02,Ashen Rathnayake
SH-007392,SR-26-01800,QC,Completed,2026-05-04,Ashen Rathnayake
SH-007393,SR-26-01801,Submitted,Approved,2026-04-27,Kavindu Fernando
SH-007394,SR-26-01801,Approved,In Progress,2026-04-29,Kavindu Fernando
SH-007395,SR-26-01801,In Progress,QC,2026-05-02,Kavindu Fernando
SH-007396,SR-26-01801,QC,Completed,2026-05-04,Kavindu Fernando
SH-007397,SR-26-01802,Submitted,Approved,2026-04-27,Kavindu Fernando
SH-007398,SR-26-01802,Approved,In Progress,2026-04-28,Kavindu Fernando
SH-007399,SR-26-01802,In Progress,QC,2026-04-29,Kavindu Fernando
SH-007400,SR-26-01802,QC,Completed,2026-05-01,Kavindu Fernando
SH-007401,SR-26-01803,Submitted,Approved,2026-04-26,Hiruni Gunasekara
SH-007402,SR-26-01803,Approved,In Progress,2026-04-27,Hiruni Gunasekara
SH-007403,SR-26-01803,In Progress,QC,2026-04-27,Hiruni Gunasekara
SH-007404,SR-26-01803,QC,Completed,2026-04-28,Hiruni Gunasekara
SH-007405,SR-26-01804,Submitted,Approved,2026-04-27,Hiruni Gunasekara
SH-007406,SR-26-01804,Approved,In Progress,2026-04-29,Hiruni Gunasekara
SH-007407,SR-26-01804,In Progress,QC,2026-05-01,Hiruni Gunasekara
SH-007408,SR-26-01804,QC,Completed,2026-05-03,Hiruni Gunasekara
SH-007409,SR-26-01805,Submitted,Approved,2026-04-27,Sachini Silva
SH-007410,SR-26-01805,Approved,In Progress,2026-04-28,Sachini Silva
SH-007411,SR-26-01805,In Progress,QC,2026-04-29,Sachini Silva
SH-007412,SR-26-01805,QC,Completed,2026-05-01,Sachini Silva
SH-007413,SR-26-01806,Submitted,Approved,2026-04-28,Dulani Jayasuriya
SH-007414,SR-26-01806,Approved,In Progress,2026-04-29,Dulani Jayasuriya
SH-007415,SR-26-01806,In Progress,QC,2026-05-01,Dulani Jayasuriya
SH-007416,SR-26-01806,QC,Completed,2026-05-02,Dulani Jayasuriya
SH-007417,SR-26-01807,Submitted,Approved,2026-04-29,Ashen Rathnayake
SH-007418,SR-26-01807,Approved,In Progress,2026-05-01,Ashen Rathnayake
SH-007419,SR-26-01807,In Progress,QC,2026-05-02,Ashen Rathnayake
SH-007420,SR-26-01807,QC,Completed,2026-05-04,Ashen Rathnayake
SH-007421,SR-26-01808,Submitted,Approved,2026-04-29,Hiruni Gunasekara
SH-007422,SR-26-01808,Approved,In Progress,2026-05-01,Hiruni Gunasekara
SH-007423,SR-26-01808,In Progress,QC,2026-05-02,Hiruni Gunasekara
SH-007424,SR-26-01808,QC,Completed,2026-05-04,Hiruni Gunasekara
SH-007425,SR-26-01809,Submitted,Approved,2026-04-29,Hiruni Gunasekara
SH-007426,SR-26-01809,Approved,In Progress,2026-05-01,Hiruni Gunasekara
SH-007427,SR-26-01809,In Progress,QC,2026-05-03,Hiruni Gunasekara
SH-007428,SR-26-01809,QC,Completed,2026-05-05,Hiruni Gunasekara
SH-007429,SR-26-01810,Submitted,Approved,2026-04-28,Nethmi Perera
SH-007430,SR-26-01810,Approved,In Progress,2026-04-29,Nethmi Perera
SH-007431,SR-26-01810,In Progress,QC,2026-05-01,Nethmi Perera
SH-007432,SR-26-01810,QC,Completed,2026-05-02,Nethmi Perera
SH-007433,SR-26-01811,Submitted,Approved,2026-04-29,Kavindu Fernando
SH-007434,SR-26-01811,Approved,In Progress,2026-05-01,Kavindu Fernando
SH-007435,SR-26-01811,In Progress,QC,2026-05-04,Kavindu Fernando
SH-007436,SR-26-01811,QC,Completed,2026-05-06,Kavindu Fernando
SH-007437,SR-26-01812,Submitted,Approved,2026-04-27,Ashen Rathnayake
SH-007438,SR-26-01812,Approved,In Progress,2026-04-28,Ashen Rathnayake
SH-007439,SR-26-01812,In Progress,QC,2026-04-29,Ashen Rathnayake
SH-007440,SR-26-01812,QC,Completed,2026-04-29,Ashen Rathnayake
SH-007441,SR-26-01813,Submitted,Approved,2026-04-30,Dulani Jayasuriya
SH-007442,SR-26-01813,Approved,In Progress,2026-05-02,Dulani Jayasuriya
SH-007443,SR-26-01813,In Progress,QC,2026-05-05,Dulani Jayasuriya
SH-007444,SR-26-01813,QC,Completed,2026-05-07,Dulani Jayasuriya
SH-007445,SR-26-01814,Submitted,Approved,2026-04-30,Nethmi Perera
SH-007446,SR-26-01814,Approved,In Progress,2026-05-02,Nethmi Perera
SH-007447,SR-26-01814,In Progress,QC,2026-05-03,Nethmi Perera
SH-007448,SR-26-01814,QC,Completed,2026-05-05,Nethmi Perera
SH-007449,SR-26-01815,Submitted,Approved,2026-04-29,Kavindu Fernando
SH-007450,SR-26-01815,Approved,In Progress,2026-04-30,Kavindu Fernando
SH-007451,SR-26-01815,In Progress,QC,2026-05-02,Kavindu Fernando
SH-007452,SR-26-01815,QC,Completed,2026-05-03,Kavindu Fernando
SH-007453,SR-26-01816,Submitted,Approved,2026-04-29,Hiruni Gunasekara
SH-007454,SR-26-01816,Approved,In Progress,2026-04-30,Hiruni Gunasekara
SH-007455,SR-26-01816,In Progress,QC,2026-05-01,Hiruni Gunasekara
SH-007456,SR-26-01816,QC,Completed,2026-05-02,Hiruni Gunasekara
SH-007457,SR-26-01817,Submitted,Approved,2026-04-30,Hiruni Gunasekara
SH-007458,SR-26-01817,Approved,In Progress,2026-05-02,Hiruni Gunasekara
SH-007459,SR-26-01817,In Progress,QC,2026-05-05,Hiruni Gunasekara
SH-007460,SR-26-01817,QC,Completed,2026-05-07,Hiruni Gunasekara
SH-007461,SR-26-01818,Submitted,Approved,2026-04-30,Hiruni Gunasekara
SH-007462,SR-26-01818,Approved,In Progress,2026-05-02,Hiruni Gunasekara
SH-007463,SR-26-01818,In Progress,QC,2026-05-03,Hiruni Gunasekara
SH-007464,SR-26-01818,QC,Completed,2026-05-05,Hiruni Gunasekara
SH-007465,SR-26-01819,Submitted,Approved,2026-05-01,Ashen Rathnayake
SH-007466,SR-26-01819,Approved,In Progress,2026-05-04,Ashen Rathnayake
SH-007467,SR-26-01819,In Progress,QC,2026-05-07,Ashen Rathnayake
SH-007468,SR-26-01819,QC,Completed,2026-05-10,Ashen Rathnayake
SH-007469,SR-26-01820,Submitted,Approved,2026-04-29,Dulani Jayasuriya
SH-007470,SR-26-01820,Approved,In Progress,2026-05-01,Dulani Jayasuriya
SH-007471,SR-26-01820,In Progress,QC,2026-05-02,Dulani Jayasuriya
SH-007472,SR-26-01820,QC,Rework,2026-05-03,Dulani Jayasuriya
SH-007473,SR-26-01820,Rework,QC,2026-05-05,Dulani Jayasuriya
SH-007474,SR-26-01820,QC,Completed,2026-05-06,Dulani Jayasuriya
SH-007475,SR-26-01821,Submitted,Approved,2026-04-29,Ashen Rathnayake
SH-007476,SR-26-01821,Approved,In Progress,2026-04-30,Ashen Rathnayake
SH-007477,SR-26-01821,In Progress,QC,2026-05-01,Ashen Rathnayake
SH-007478,SR-26-01821,QC,Completed,2026-05-02,Ashen Rathnayake
SH-007479,SR-26-01822,Submitted,Approved,2026-04-30,Dulani Jayasuriya
SH-007480,SR-26-01822,Approved,In Progress,2026-05-01,Dulani Jayasuriya
SH-007481,SR-26-01822,In Progress,QC,2026-05-01,Dulani Jayasuriya
SH-007482,SR-26-01822,QC,Completed,2026-05-02,Dulani Jayasuriya
SH-007483,SR-26-01823,Submitted,Approved,2026-05-01,Ashen Rathnayake
SH-007484,SR-26-01823,Approved,In Progress,2026-05-02,Ashen Rathnayake
SH-007485,SR-26-01823,In Progress,QC,2026-05-03,Ashen Rathnayake
SH-007486,SR-26-01823,QC,Completed,2026-05-04,Ashen Rathnayake
SH-007487,SR-26-01824,Submitted,Approved,2026-05-01,Kavindu Fernando
SH-007488,SR-26-01824,Approved,In Progress,2026-05-02,Kavindu Fernando
SH-007489,SR-26-01824,In Progress,QC,2026-05-02,Kavindu Fernando
SH-007490,SR-26-01824,QC,Completed,2026-05-03,Kavindu Fernando
SH-007491,SR-26-01825,Submitted,Approved,2026-04-30,Dulani Jayasuriya
SH-007492,SR-26-01825,Approved,In Progress,2026-04-30,Dulani Jayasuriya
SH-007493,SR-26-01825,In Progress,QC,2026-05-01,Dulani Jayasuriya
SH-007494,SR-26-01825,QC,Completed,2026-05-01,Dulani Jayasuriya
SH-007495,SR-26-01826,Submitted,Approved,2026-05-01,Hiruni Gunasekara
SH-007496,SR-26-01826,Approved,In Progress,2026-05-01,Hiruni Gunasekara
SH-007497,SR-26-01826,In Progress,QC,2026-05-02,Hiruni Gunasekara
SH-007498,SR-26-01826,QC,Completed,2026-05-02,Hiruni Gunasekara
SH-007499,SR-26-01827,Submitted,Approved,2026-05-02,Ashen Rathnayake
SH-007500,SR-26-01827,Approved,In Progress,2026-05-03,Ashen Rathnayake
SH-007501,SR-26-01827,In Progress,QC,2026-05-03,Ashen Rathnayake
SH-007502,SR-26-01827,QC,Completed,2026-05-04,Ashen Rathnayake
SH-007503,SR-26-01828,Submitted,Approved,2026-05-02,Nethmi Perera
SH-007504,SR-26-01828,Approved,In Progress,2026-05-03,Nethmi Perera
SH-007505,SR-26-01828,In Progress,QC,2026-05-05,Nethmi Perera
SH-007506,SR-26-01828,QC,Completed,2026-05-06,Nethmi Perera
SH-007507,SR-26-01829,Submitted,Approved,2026-05-02,Nethmi Perera
SH-007508,SR-26-01829,Approved,In Progress,2026-05-03,Nethmi Perera
SH-007509,SR-26-01829,In Progress,QC,2026-05-03,Nethmi Perera
SH-007510,SR-26-01829,QC,Completed,2026-05-04,Nethmi Perera
SH-007511,SR-26-01830,Submitted,Approved,2026-05-04,Kavindu Fernando
SH-007512,SR-26-01830,Approved,In Progress,2026-05-07,Kavindu Fernando
SH-007513,SR-26-01830,In Progress,QC,2026-05-10,Kavindu Fernando
SH-007514,SR-26-01830,QC,Completed,2026-05-12,Kavindu Fernando
SH-007515,SR-26-01831,Submitted,Approved,2026-05-04,Hiruni Gunasekara
SH-007516,SR-26-01831,Approved,In Progress,2026-05-06,Hiruni Gunasekara
SH-007517,SR-26-01831,In Progress,QC,2026-05-08,Hiruni Gunasekara
SH-007518,SR-26-01831,QC,Completed,2026-05-10,Hiruni Gunasekara
SH-007519,SR-26-01832,Submitted,Approved,2026-05-04,Dulani Jayasuriya
SH-007520,SR-26-01832,Approved,In Progress,2026-05-06,Dulani Jayasuriya
SH-007521,SR-26-01832,In Progress,QC,2026-05-07,Dulani Jayasuriya
SH-007522,SR-26-01832,QC,Completed,2026-05-09,Dulani Jayasuriya
SH-007523,SR-26-01833,Submitted,Approved,2026-05-02,Nethmi Perera
SH-007524,SR-26-01833,Approved,In Progress,2026-05-02,Nethmi Perera
SH-007525,SR-26-01833,In Progress,QC,2026-05-03,Nethmi Perera
SH-007526,SR-26-01833,QC,Completed,2026-05-03,Nethmi Perera
SH-007527,SR-26-01834,Submitted,Approved,2026-05-03,Hiruni Gunasekara
SH-007528,SR-26-01834,Approved,In Progress,2026-05-04,Hiruni Gunasekara
SH-007529,SR-26-01834,In Progress,QC,2026-05-04,Hiruni Gunasekara
SH-007530,SR-26-01834,QC,Completed,2026-05-05,Hiruni Gunasekara
SH-007531,SR-26-01835,Submitted,Approved,2026-05-04,Dulani Jayasuriya
SH-007532,SR-26-01835,Approved,In Progress,2026-05-05,Dulani Jayasuriya
SH-007533,SR-26-01835,In Progress,QC,2026-05-06,Dulani Jayasuriya
SH-007534,SR-26-01835,QC,Completed,2026-05-08,Dulani Jayasuriya
SH-007535,SR-26-01836,Submitted,Approved,2026-05-04,Hiruni Gunasekara
SH-007536,SR-26-01836,Approved,In Progress,2026-05-05,Hiruni Gunasekara
SH-007537,SR-26-01836,In Progress,QC,2026-05-06,Hiruni Gunasekara
SH-007538,SR-26-01836,QC,Completed,2026-05-06,Hiruni Gunasekara
SH-007539,SR-26-01837,Submitted,Approved,2026-05-06,Kavindu Fernando
SH-007540,SR-26-01837,Approved,In Progress,2026-05-07,Kavindu Fernando
SH-007541,SR-26-01837,In Progress,QC,2026-05-08,Kavindu Fernando
SH-007542,SR-26-01837,QC,Completed,2026-05-10,Kavindu Fernando
SH-007543,SR-26-01838,Submitted,Approved,2026-05-04,Nethmi Perera
SH-007544,SR-26-01838,Approved,In Progress,2026-05-05,Nethmi Perera
SH-007545,SR-26-01838,In Progress,QC,2026-05-06,Nethmi Perera
SH-007546,SR-26-01838,QC,Completed,2026-05-06,Nethmi Perera
SH-007547,SR-26-01839,Submitted,Approved,2026-05-04,Ashen Rathnayake
SH-007548,SR-26-01839,Approved,In Progress,2026-05-05,Ashen Rathnayake
SH-007549,SR-26-01839,In Progress,QC,2026-05-06,Ashen Rathnayake
SH-007550,SR-26-01839,QC,Completed,2026-05-06,Ashen Rathnayake
SH-007551,SR-26-01840,Submitted,Approved,2026-05-06,Hiruni Gunasekara
SH-007552,SR-26-01840,Approved,In Progress,2026-05-07,Hiruni Gunasekara
SH-007553,SR-26-01840,In Progress,QC,2026-05-09,Hiruni Gunasekara
SH-007554,SR-26-01840,QC,Completed,2026-05-10,Hiruni Gunasekara
SH-007555,SR-26-01841,Submitted,Approved,2026-05-05,Ashen Rathnayake
SH-007556,SR-26-01841,Approved,In Progress,2026-05-06,Ashen Rathnayake
SH-007557,SR-26-01841,In Progress,QC,2026-05-07,Ashen Rathnayake
SH-007558,SR-26-01841,QC,Completed,2026-05-07,Ashen Rathnayake
SH-007559,SR-26-01842,Submitted,Approved,2026-05-07,Nethmi Perera
SH-007560,SR-26-01842,Approved,In Progress,2026-05-08,Nethmi Perera
SH-007561,SR-26-01842,In Progress,QC,2026-05-09,Nethmi Perera
SH-007562,SR-26-01842,QC,Completed,2026-05-11,Nethmi Perera
SH-007563,SR-26-01843,Submitted,Approved,2026-05-06,Sachini Silva
SH-007564,SR-26-01843,Approved,In Progress,2026-05-07,Sachini Silva
SH-007565,SR-26-01843,In Progress,QC,2026-05-07,Sachini Silva
SH-007566,SR-26-01843,QC,Completed,2026-05-08,Sachini Silva
SH-007567,SR-26-01844,Submitted,Approved,2026-05-07,Sachini Silva
SH-007568,SR-26-01844,Approved,In Progress,2026-05-09,Sachini Silva
SH-007569,SR-26-01844,In Progress,QC,2026-05-10,Sachini Silva
SH-007570,SR-26-01844,QC,Completed,2026-05-12,Sachini Silva
SH-007571,SR-26-01845,Submitted,Approved,2026-05-06,Dulani Jayasuriya
SH-007572,SR-26-01845,Approved,In Progress,2026-05-07,Dulani Jayasuriya
SH-007573,SR-26-01845,In Progress,QC,2026-05-08,Dulani Jayasuriya
SH-007574,SR-26-01845,QC,Completed,2026-05-08,Dulani Jayasuriya
SH-007575,SR-26-01846,Submitted,Approved,2026-05-07,Kavindu Fernando
SH-007576,SR-26-01846,Approved,In Progress,2026-05-08,Kavindu Fernando
SH-007577,SR-26-01846,In Progress,QC,2026-05-08,Kavindu Fernando
SH-007578,SR-26-01846,QC,Completed,2026-05-09,Kavindu Fernando
SH-007579,SR-26-01847,Submitted,Approved,2026-05-08,Dulani Jayasuriya
SH-007580,SR-26-01847,Approved,In Progress,2026-05-10,Dulani Jayasuriya
SH-007581,SR-26-01847,In Progress,QC,2026-05-12,Dulani Jayasuriya
SH-007582,SR-26-01847,QC,Completed,2026-05-14,Dulani Jayasuriya
SH-007583,SR-26-01848,Submitted,Approved,2026-05-08,Dulani Jayasuriya
SH-007584,SR-26-01848,Approved,In Progress,2026-05-09,Dulani Jayasuriya
SH-007585,SR-26-01848,In Progress,QC,2026-05-10,Dulani Jayasuriya
SH-007586,SR-26-01848,QC,Completed,2026-05-11,Dulani Jayasuriya
SH-007587,SR-26-01849,Submitted,Approved,2026-05-08,Kavindu Fernando
SH-007588,SR-26-01849,Approved,In Progress,2026-05-09,Kavindu Fernando
SH-007589,SR-26-01849,In Progress,QC,2026-05-11,Kavindu Fernando
SH-007590,SR-26-01849,QC,Rework,2026-05-12,Kavindu Fernando
SH-007591,SR-26-01849,Rework,QC,2026-05-13,Kavindu Fernando
SH-007592,SR-26-01849,QC,Completed,2026-05-14,Kavindu Fernando
SH-007593,SR-26-01850,Submitted,Approved,2026-05-09,Kavindu Fernando
SH-007594,SR-26-01850,Approved,In Progress,2026-05-10,Kavindu Fernando
SH-007595,SR-26-01850,In Progress,QC,2026-05-11,Kavindu Fernando
SH-007596,SR-26-01850,QC,Completed,2026-05-13,Kavindu Fernando
SH-007597,SR-26-01851,Submitted,Approved,2026-05-10,Dulani Jayasuriya
SH-007598,SR-26-01851,Approved,In Progress,2026-05-12,Dulani Jayasuriya
SH-007599,SR-26-01851,In Progress,QC,2026-05-14,Dulani Jayasuriya
SH-007600,SR-26-01851,QC,Completed,2026-05-16,Dulani Jayasuriya
SH-007601,SR-26-01852,Submitted,Approved,2026-05-10,Kavindu Fernando
SH-007602,SR-26-01852,Approved,In Progress,2026-05-12,Kavindu Fernando
SH-007603,SR-26-01852,In Progress,QC,2026-05-15,Kavindu Fernando
SH-007604,SR-26-01852,QC,Completed,2026-05-17,Kavindu Fernando
SH-007605,SR-26-01853,Submitted,Approved,2026-05-09,Dulani Jayasuriya
SH-007606,SR-26-01853,Approved,In Progress,2026-05-10,Dulani Jayasuriya
SH-007607,SR-26-01853,In Progress,QC,2026-05-12,Dulani Jayasuriya
SH-007608,SR-26-01853,QC,Completed,2026-05-13,Dulani Jayasuriya
SH-007609,SR-26-01854,Submitted,Approved,2026-05-10,Kavindu Fernando
SH-007610,SR-26-01854,Approved,In Progress,2026-05-11,Kavindu Fernando
SH-007611,SR-26-01854,In Progress,QC,2026-05-12,Kavindu Fernando
SH-007612,SR-26-01854,QC,Completed,2026-05-13,Kavindu Fernando
SH-007613,SR-26-01855,Submitted,Approved,2026-05-11,Hiruni Gunasekara
SH-007614,SR-26-01855,Approved,In Progress,2026-05-13,Hiruni Gunasekara
SH-007615,SR-26-01855,In Progress,QC,2026-05-15,Hiruni Gunasekara
SH-007616,SR-26-01855,QC,Completed,2026-05-17,Hiruni Gunasekara
SH-007617,SR-26-01856,Submitted,Approved,2026-05-10,Hiruni Gunasekara
SH-007618,SR-26-01856,Approved,In Progress,2026-05-11,Hiruni Gunasekara
SH-007619,SR-26-01856,In Progress,QC,2026-05-13,Hiruni Gunasekara
SH-007620,SR-26-01856,QC,Completed,2026-05-14,Hiruni Gunasekara
SH-007621,SR-26-01857,Submitted,Approved,2026-05-11,Sachini Silva
SH-007622,SR-26-01857,Approved,In Progress,2026-05-12,Sachini Silva
SH-007623,SR-26-01857,In Progress,QC,2026-05-13,Sachini Silva
SH-007624,SR-26-01857,QC,Completed,2026-05-15,Sachini Silva
SH-007625,SR-26-01858,Submitted,Approved,2026-05-10,Nethmi Perera
SH-007626,SR-26-01858,Approved,In Progress,2026-05-11,Nethmi Perera
SH-007627,SR-26-01858,In Progress,QC,2026-05-13,Nethmi Perera
SH-007628,SR-26-01858,QC,Completed,2026-05-14,Nethmi Perera
SH-007629,SR-26-01859,Submitted,Approved,2026-05-10,Sachini Silva
SH-007630,SR-26-01859,Approved,In Progress,2026-05-11,Sachini Silva
SH-007631,SR-26-01859,In Progress,QC,2026-05-13,Sachini Silva
SH-007632,SR-26-01859,QC,Completed,2026-05-14,Sachini Silva
SH-007633,SR-26-01860,Submitted,Approved,2026-05-12,Nethmi Perera
SH-007634,SR-26-01860,Approved,In Progress,2026-05-13,Nethmi Perera
SH-007635,SR-26-01860,In Progress,QC,2026-05-14,Nethmi Perera
SH-007636,SR-26-01860,QC,Completed,2026-05-15,Nethmi Perera
SH-007637,SR-26-01861,Submitted,Approved,2026-05-12,Sachini Silva
SH-007638,SR-26-01861,Approved,In Progress,2026-05-13,Sachini Silva
SH-007639,SR-26-01861,In Progress,QC,2026-05-14,Sachini Silva
SH-007640,SR-26-01861,QC,Completed,2026-05-15,Sachini Silva
SH-007641,SR-26-01862,Submitted,Approved,2026-05-13,Hiruni Gunasekara
SH-007642,SR-26-01862,Approved,In Progress,2026-05-15,Hiruni Gunasekara
SH-007643,SR-26-01862,In Progress,QC,2026-05-17,Hiruni Gunasekara
SH-007644,SR-26-01862,QC,Completed,2026-05-19,Hiruni Gunasekara
SH-007645,SR-26-01863,Submitted,Approved,2026-05-13,Dulani Jayasuriya
SH-007646,SR-26-01863,Approved,In Progress,2026-05-15,Dulani Jayasuriya
SH-007647,SR-26-01863,In Progress,QC,2026-05-16,Dulani Jayasuriya
SH-007648,SR-26-01863,QC,Completed,2026-05-18,Dulani Jayasuriya
SH-007649,SR-26-01864,Submitted,Approved,2026-05-12,Dulani Jayasuriya
SH-007650,SR-26-01864,Approved,In Progress,2026-05-13,Dulani Jayasuriya
SH-007651,SR-26-01864,In Progress,QC,2026-05-14,Dulani Jayasuriya
SH-007652,SR-26-01864,QC,Completed,2026-05-15,Dulani Jayasuriya
SH-007653,SR-26-01865,Submitted,Approved,2026-05-12,Kavindu Fernando
SH-007654,SR-26-01865,Approved,In Progress,2026-05-13,Kavindu Fernando
SH-007655,SR-26-01865,In Progress,QC,2026-05-13,Kavindu Fernando
SH-007656,SR-26-01865,QC,Completed,2026-05-14,Kavindu Fernando
SH-007657,SR-26-01866,Submitted,Approved,2026-05-12,Kavindu Fernando
SH-007658,SR-26-01866,Approved,In Progress,2026-05-13,Kavindu Fernando
SH-007659,SR-26-01866,In Progress,QC,2026-05-14,Kavindu Fernando
SH-007660,SR-26-01866,QC,Completed,2026-05-14,Kavindu Fernando
SH-007661,SR-26-01867,Submitted,Approved,2026-05-14,Kavindu Fernando
SH-007662,SR-26-01867,Approved,In Progress,2026-05-16,Kavindu Fernando
SH-007663,SR-26-01867,In Progress,QC,2026-05-18,Kavindu Fernando
SH-007664,SR-26-01867,QC,Completed,2026-05-20,Kavindu Fernando
SH-007665,SR-26-01868,Submitted,Approved,2026-05-14,Ashen Rathnayake
SH-007666,SR-26-01868,Approved,In Progress,2026-05-16,Ashen Rathnayake
SH-007667,SR-26-01868,In Progress,QC,2026-05-18,Ashen Rathnayake
SH-007668,SR-26-01868,QC,Completed,2026-05-20,Ashen Rathnayake
SH-007669,SR-26-01869,Submitted,Approved,2026-05-15,Nethmi Perera
SH-007670,SR-26-01869,Approved,In Progress,2026-05-16,Nethmi Perera
SH-007671,SR-26-01869,In Progress,QC,2026-05-18,Nethmi Perera
SH-007672,SR-26-01869,QC,Completed,2026-05-19,Nethmi Perera
SH-007673,SR-26-01870,Submitted,Approved,2026-05-15,Kavindu Fernando
SH-007674,SR-26-01870,Approved,In Progress,2026-05-16,Kavindu Fernando
SH-007675,SR-26-01870,In Progress,QC,2026-05-17,Kavindu Fernando
SH-007676,SR-26-01870,QC,Completed,2026-05-18,Kavindu Fernando
SH-007677,SR-26-01871,Submitted,Approved,2026-05-15,Nethmi Perera
SH-007678,SR-26-01871,Approved,In Progress,2026-05-16,Nethmi Perera
SH-007679,SR-26-01871,In Progress,QC,2026-05-16,Nethmi Perera
SH-007680,SR-26-01871,QC,Completed,2026-05-17,Nethmi Perera
SH-007681,SR-26-01872,Submitted,Approved,2026-05-15,Hiruni Gunasekara
SH-007682,SR-26-01872,Approved,In Progress,2026-05-16,Hiruni Gunasekara
SH-007683,SR-26-01872,In Progress,QC,2026-05-18,Hiruni Gunasekara
SH-007684,SR-26-01872,QC,Completed,2026-05-19,Hiruni Gunasekara
SH-007685,SR-26-01873,Submitted,Approved,2026-05-14,Nethmi Perera
SH-007686,SR-26-01873,Approved,In Progress,2026-05-14,Nethmi Perera
SH-007687,SR-26-01873,In Progress,QC,2026-05-15,Nethmi Perera
SH-007688,SR-26-01873,QC,Completed,2026-05-15,Nethmi Perera
SH-007689,SR-26-01874,Submitted,Approved,2026-05-16,Ashen Rathnayake
SH-007690,SR-26-01874,Approved,In Progress,2026-05-18,Ashen Rathnayake
SH-007691,SR-26-01874,In Progress,QC,2026-05-20,Ashen Rathnayake
SH-007692,SR-26-01874,QC,Completed,2026-05-22,Ashen Rathnayake
SH-007693,SR-26-01875,Submitted,Approved,2026-05-17,Sachini Silva
SH-007694,SR-26-01875,Approved,In Progress,2026-05-18,Sachini Silva
SH-007695,SR-26-01875,In Progress,QC,2026-05-19,Sachini Silva
SH-007696,SR-26-01875,QC,Completed,2026-05-21,Sachini Silva
SH-007697,SR-26-01876,Submitted,Approved,2026-05-18,Hiruni Gunasekara
SH-007698,SR-26-01876,Approved,In Progress,2026-05-19,Hiruni Gunasekara
SH-007699,SR-26-01876,In Progress,QC,2026-05-20,Hiruni Gunasekara
SH-007700,SR-26-01876,QC,Completed,2026-05-22,Hiruni Gunasekara
SH-007701,SR-26-01877,Submitted,Approved,2026-05-18,Nethmi Perera
SH-007702,SR-26-01877,Approved,In Progress,2026-05-20,Nethmi Perera
SH-007703,SR-26-01877,In Progress,QC,2026-05-23,Nethmi Perera
SH-007704,SR-26-01877,QC,Completed,2026-05-25,Nethmi Perera
SH-007705,SR-26-01878,Submitted,Approved,2026-05-18,Hiruni Gunasekara
SH-007706,SR-26-01878,Approved,In Progress,2026-05-19,Hiruni Gunasekara
SH-007707,SR-26-01878,In Progress,QC,2026-05-20,Hiruni Gunasekara
SH-007708,SR-26-01878,QC,Completed,2026-05-20,Hiruni Gunasekara
SH-007709,SR-26-01879,Submitted,Approved,2026-05-19,Hiruni Gunasekara
SH-007710,SR-26-01879,Approved,In Progress,2026-05-20,Hiruni Gunasekara
SH-007711,SR-26-01879,In Progress,QC,2026-05-22,Hiruni Gunasekara
SH-007712,SR-26-01879,QC,Completed,2026-05-23,Hiruni Gunasekara
SH-007713,SR-26-01880,Submitted,Approved,2026-05-21,Ashen Rathnayake
SH-007714,SR-26-01880,Approved,In Progress,2026-05-23,Ashen Rathnayake
SH-007715,SR-26-01880,In Progress,QC,2026-05-24,Ashen Rathnayake
SH-007716,SR-26-01880,QC,Completed,2026-05-26,Ashen Rathnayake
SH-007717,SR-26-01881,Submitted,Approved,2026-05-21,Kavindu Fernando
SH-007718,SR-26-01881,Approved,In Progress,2026-05-22,Kavindu Fernando
SH-007719,SR-26-01881,In Progress,QC,2026-05-24,Kavindu Fernando
SH-007720,SR-26-01881,QC,Rework,2026-05-26,Kavindu Fernando
SH-007721,SR-26-01881,Rework,QC,2026-05-27,Kavindu Fernando
SH-007722,SR-26-01881,QC,Completed,2026-05-29,Kavindu Fernando
SH-007723,SR-26-01882,Submitted,Approved,2026-05-21,Kavindu Fernando
SH-007724,SR-26-01882,Approved,In Progress,2026-05-22,Kavindu Fernando
SH-007725,SR-26-01882,In Progress,QC,2026-05-23,Kavindu Fernando
SH-007726,SR-26-01882,QC,Completed,2026-05-25,Kavindu Fernando
SH-007727,SR-26-01883,Submitted,Approved,2026-05-20,Sachini Silva
SH-007728,SR-26-01883,Approved,In Progress,2026-05-21,Sachini Silva
SH-007729,SR-26-01883,In Progress,QC,2026-05-21,Sachini Silva
SH-007730,SR-26-01883,QC,Completed,2026-05-22,Sachini Silva
SH-007731,SR-26-01884,Submitted,Approved,2026-05-21,Hiruni Gunasekara
SH-007732,SR-26-01884,Approved,In Progress,2026-05-23,Hiruni Gunasekara
SH-007733,SR-26-01884,In Progress,QC,2026-05-25,Hiruni Gunasekara
SH-007734,SR-26-01884,QC,Completed,2026-05-27,Hiruni Gunasekara
SH-007735,SR-26-01885,Submitted,Approved,2026-05-21,Hiruni Gunasekara
SH-007736,SR-26-01885,Approved,In Progress,2026-05-22,Hiruni Gunasekara
SH-007737,SR-26-01885,In Progress,QC,2026-05-22,Hiruni Gunasekara
SH-007738,SR-26-01885,QC,Completed,2026-05-23,Hiruni Gunasekara
SH-007739,SR-26-01886,Submitted,Approved,2026-05-21,Hiruni Gunasekara
SH-007740,SR-26-01886,Approved,In Progress,2026-05-22,Hiruni Gunasekara
SH-007741,SR-26-01886,In Progress,QC,2026-05-24,Hiruni Gunasekara
SH-007742,SR-26-01886,QC,Completed,2026-05-25,Hiruni Gunasekara
SH-007743,SR-26-01887,Submitted,Approved,2026-05-21,Hiruni Gunasekara
SH-007744,SR-26-01887,Approved,In Progress,2026-05-22,Hiruni Gunasekara
SH-007745,SR-26-01887,In Progress,QC,2026-05-23,Hiruni Gunasekara
SH-007746,SR-26-01887,QC,Completed,2026-05-24,Hiruni Gunasekara
SH-007747,SR-26-01888,Submitted,Approved,2026-05-21,Sachini Silva
SH-007748,SR-26-01888,Approved,In Progress,2026-05-22,Sachini Silva
SH-007749,SR-26-01888,In Progress,QC,2026-05-22,Sachini Silva
SH-007750,SR-26-01888,QC,Completed,2026-05-23,Sachini Silva
SH-007751,SR-26-01889,Submitted,Approved,2026-05-23,Hiruni Gunasekara
SH-007752,SR-26-01889,Approved,In Progress,2026-05-25,Hiruni Gunasekara
SH-007753,SR-26-01889,In Progress,QC,2026-05-27,Hiruni Gunasekara
SH-007754,SR-26-01889,QC,Rework,2026-05-28,Hiruni Gunasekara
SH-007755,SR-26-01889,Rework,QC,2026-05-30,Hiruni Gunasekara
SH-007756,SR-26-01889,QC,Completed,2026-06-01,Hiruni Gunasekara
SH-007757,SR-26-01890,Submitted,Approved,2026-05-22,Dulani Jayasuriya
SH-007758,SR-26-01890,Approved,In Progress,2026-05-23,Dulani Jayasuriya
SH-007759,SR-26-01890,In Progress,QC,2026-05-23,Dulani Jayasuriya
SH-007760,SR-26-01890,QC,Completed,2026-05-24,Dulani Jayasuriya
SH-007761,SR-26-01891,Submitted,Approved,2026-05-22,Kavindu Fernando
SH-007762,SR-26-01891,Approved,In Progress,2026-05-23,Kavindu Fernando
SH-007763,SR-26-01891,In Progress,QC,2026-05-23,Kavindu Fernando
SH-007764,SR-26-01891,QC,Completed,2026-05-24,Kavindu Fernando
SH-007765,SR-26-01892,Submitted,Approved,2026-05-22,Dulani Jayasuriya
SH-007766,SR-26-01892,Approved,In Progress,2026-05-23,Dulani Jayasuriya
SH-007767,SR-26-01892,In Progress,QC,2026-05-23,Dulani Jayasuriya
SH-007768,SR-26-01892,QC,Completed,2026-05-24,Dulani Jayasuriya
SH-007769,SR-26-01893,Submitted,Approved,2026-05-23,Dulani Jayasuriya
SH-007770,SR-26-01893,Approved,In Progress,2026-05-25,Dulani Jayasuriya
SH-007771,SR-26-01893,In Progress,QC,2026-05-28,Dulani Jayasuriya
SH-007772,SR-26-01893,QC,Completed,2026-05-30,Dulani Jayasuriya
SH-007773,SR-26-01894,Submitted,Approved,2026-05-23,Nethmi Perera
SH-007774,SR-26-01894,Approved,In Progress,2026-05-24,Nethmi Perera
SH-007775,SR-26-01894,In Progress,QC,2026-05-24,Nethmi Perera
SH-007776,SR-26-01894,QC,Rework,2026-05-25,Nethmi Perera
SH-007777,SR-26-01894,Rework,QC,2026-05-26,Nethmi Perera
SH-007778,SR-26-01894,QC,Completed,2026-05-27,Nethmi Perera
SH-007779,SR-26-01895,Submitted,Approved,2026-05-24,Kavindu Fernando
SH-007780,SR-26-01895,Approved,In Progress,2026-05-26,Kavindu Fernando
SH-007781,SR-26-01895,In Progress,QC,2026-05-28,Kavindu Fernando
SH-007782,SR-26-01895,QC,Completed,2026-05-30,Kavindu Fernando
SH-007783,SR-26-01896,Submitted,Approved,2026-05-25,Ashen Rathnayake
SH-007784,SR-26-01896,Approved,In Progress,2026-05-27,Ashen Rathnayake
SH-007785,SR-26-01896,In Progress,QC,2026-05-28,Ashen Rathnayake
SH-007786,SR-26-01896,QC,Completed,2026-05-30,Ashen Rathnayake
SH-007787,SR-26-01897,Submitted,Approved,2026-05-24,Kavindu Fernando
SH-007788,SR-26-01897,Approved,In Progress,2026-05-25,Kavindu Fernando
SH-007789,SR-26-01897,In Progress,QC,2026-05-26,Kavindu Fernando
SH-007790,SR-26-01897,QC,Completed,2026-05-27,Kavindu Fernando
SH-007791,SR-26-01898,Submitted,Approved,2026-05-25,Ashen Rathnayake
SH-007792,SR-26-01898,Approved,In Progress,2026-05-27,Ashen Rathnayake
SH-007793,SR-26-01898,In Progress,QC,2026-05-30,Ashen Rathnayake
SH-007794,SR-26-01898,QC,Completed,2026-06-01,Ashen Rathnayake
SH-007795,SR-26-01899,Submitted,Approved,2026-05-25,Sachini Silva
SH-007796,SR-26-01899,Approved,In Progress,2026-05-27,Sachini Silva
SH-007797,SR-26-01899,In Progress,QC,2026-05-28,Sachini Silva
SH-007798,SR-26-01899,QC,Completed,2026-05-30,Sachini Silva
SH-007799,SR-26-01900,Submitted,Approved,2026-05-24,Kavindu Fernando
SH-007800,SR-26-01900,Approved,In Progress,2026-05-25,Kavindu Fernando
SH-007801,SR-26-01900,In Progress,QC,2026-05-27,Kavindu Fernando
SH-007802,SR-26-01900,QC,Completed,2026-05-28,Kavindu Fernando
SH-007803,SR-26-01901,Submitted,Approved,2026-05-25,Nethmi Perera
SH-007804,SR-26-01901,Approved,In Progress,2026-05-25,Nethmi Perera
SH-007805,SR-26-01901,In Progress,QC,2026-05-26,Nethmi Perera
SH-007806,SR-26-01901,QC,Completed,2026-05-26,Nethmi Perera
SH-007807,SR-26-01902,Submitted,Approved,2026-05-27,Hiruni Gunasekara
SH-007808,SR-26-01902,Approved,In Progress,2026-05-29,Hiruni Gunasekara
SH-007809,SR-26-01902,In Progress,QC,2026-05-31,Hiruni Gunasekara
SH-007810,SR-26-01902,QC,Completed,2026-06-02,Hiruni Gunasekara
SH-007811,SR-26-01903,Submitted,Approved,2026-05-25,Sachini Silva
SH-007812,SR-26-01903,Approved,In Progress,2026-05-26,Sachini Silva
SH-007813,SR-26-01903,In Progress,QC,2026-05-27,Sachini Silva
SH-007814,SR-26-01903,QC,Completed,2026-05-27,Sachini Silva
SH-007815,SR-26-01904,Submitted,Approved,2026-05-27,Ashen Rathnayake
SH-007816,SR-26-01904,Approved,In Progress,2026-05-28,Ashen Rathnayake
SH-007817,SR-26-01904,In Progress,QC,2026-05-29,Ashen Rathnayake
SH-007818,SR-26-01904,QC,Completed,2026-05-31,Ashen Rathnayake
SH-007819,SR-26-01905,Submitted,Approved,2026-05-27,Sachini Silva
SH-007820,SR-26-01905,Approved,In Progress,2026-05-29,Sachini Silva
SH-007821,SR-26-01905,In Progress,QC,2026-05-31,Sachini Silva
SH-007822,SR-26-01905,QC,Rework,2026-06-01,Sachini Silva
SH-007823,SR-26-01905,Rework,QC,2026-06-03,Sachini Silva
SH-007824,SR-26-01905,QC,Completed,2026-06-05,Sachini Silva
SH-007825,SR-26-01906,Submitted,Approved,2026-05-26,Kavindu Fernando
SH-007826,SR-26-01906,Approved,In Progress,2026-05-27,Kavindu Fernando
SH-007827,SR-26-01906,In Progress,QC,2026-05-27,Kavindu Fernando
SH-007828,SR-26-01906,QC,Completed,2026-05-28,Kavindu Fernando
SH-007829,SR-26-01907,Submitted,Approved,2026-05-28,Ashen Rathnayake
SH-007830,SR-26-01907,Approved,In Progress,2026-05-30,Ashen Rathnayake
SH-007831,SR-26-01907,In Progress,QC,2026-06-02,Ashen Rathnayake
SH-007832,SR-26-01907,QC,Completed,2026-06-04,Ashen Rathnayake
SH-007833,SR-26-01908,Submitted,Approved,2026-05-26,Nethmi Perera
SH-007834,SR-26-01908,Approved,In Progress,2026-05-27,Nethmi Perera
SH-007835,SR-26-01908,In Progress,QC,2026-05-28,Nethmi Perera
SH-007836,SR-26-01908,QC,Completed,2026-05-28,Nethmi Perera
SH-007837,SR-26-01909,Submitted,Approved,2026-05-26,Hiruni Gunasekara
SH-007838,SR-26-01909,Approved,In Progress,2026-05-27,Hiruni Gunasekara
SH-007839,SR-26-01909,In Progress,QC,2026-05-28,Hiruni Gunasekara
SH-007840,SR-26-01909,QC,Completed,2026-05-28,Hiruni Gunasekara
SH-007841,SR-26-01910,Submitted,Approved,2026-05-27,Sachini Silva
SH-007842,SR-26-01910,Approved,In Progress,2026-05-28,Sachini Silva
SH-007843,SR-26-01910,In Progress,QC,2026-05-30,Sachini Silva
SH-007844,SR-26-01910,QC,Completed,2026-05-31,Sachini Silva
SH-007845,SR-26-01911,Submitted,Approved,2026-05-28,Dulani Jayasuriya
SH-007846,SR-26-01911,Approved,In Progress,2026-05-29,Dulani Jayasuriya
SH-007847,SR-26-01911,In Progress,QC,2026-05-30,Dulani Jayasuriya
SH-007848,SR-26-01911,QC,Completed,2026-06-01,Dulani Jayasuriya
SH-007849,SR-26-01912,Submitted,Approved,2026-05-28,Dulani Jayasuriya
SH-007850,SR-26-01912,Approved,In Progress,2026-05-29,Dulani Jayasuriya
SH-007851,SR-26-01912,In Progress,QC,2026-05-31,Dulani Jayasuriya
SH-007852,SR-26-01912,QC,Completed,2026-06-01,Dulani Jayasuriya
SH-007853,SR-26-01913,Submitted,Approved,2026-05-29,Ashen Rathnayake
SH-007854,SR-26-01913,Approved,In Progress,2026-05-30,Ashen Rathnayake
SH-007855,SR-26-01913,In Progress,QC,2026-05-30,Ashen Rathnayake
SH-007856,SR-26-01913,QC,Completed,2026-05-31,Ashen Rathnayake
SH-007857,SR-26-01914,Submitted,Approved,2026-05-30,Dulani Jayasuriya
SH-007858,SR-26-01914,Approved,In Progress,2026-05-31,Dulani Jayasuriya
SH-007859,SR-26-01914,In Progress,QC,2026-06-01,Dulani Jayasuriya
SH-007860,SR-26-01914,QC,Completed,2026-06-02,Dulani Jayasuriya
SH-007861,SR-26-01915,Submitted,Approved,2026-05-29,Kavindu Fernando
SH-007862,SR-26-01915,Approved,In Progress,2026-05-30,Kavindu Fernando
SH-007863,SR-26-01915,In Progress,QC,2026-05-31,Kavindu Fernando
SH-007864,SR-26-01915,QC,Completed,2026-05-31,Kavindu Fernando
SH-007865,SR-26-01916,Submitted,Approved,2026-05-31,Ashen Rathnayake
SH-007866,SR-26-01916,Approved,In Progress,2026-06-02,Ashen Rathnayake
SH-007867,SR-26-01916,In Progress,QC,2026-06-03,Ashen Rathnayake
SH-007868,SR-26-01916,QC,Completed,2026-06-05,Ashen Rathnayake
SH-007869,SR-26-01917,Submitted,Approved,2026-05-31,Sachini Silva
SH-007870,SR-26-01917,Approved,In Progress,2026-06-02,Sachini Silva
SH-007871,SR-26-01917,In Progress,QC,2026-06-03,Sachini Silva
SH-007872,SR-26-01917,QC,Completed,2026-06-05,Sachini Silva
SH-007873,SR-26-01918,Submitted,Approved,2026-05-30,Sachini Silva
SH-007874,SR-26-01918,Approved,In Progress,2026-05-31,Sachini Silva
SH-007875,SR-26-01918,In Progress,QC,2026-06-01,Sachini Silva
SH-007876,SR-26-01918,QC,Completed,2026-06-02,Sachini Silva
SH-007877,SR-26-01919,Submitted,Approved,2026-05-31,Hiruni Gunasekara
SH-007878,SR-26-01919,Approved,In Progress,2026-06-01,Hiruni Gunasekara
SH-007879,SR-26-01919,In Progress,QC,2026-06-01,Hiruni Gunasekara
SH-007880,SR-26-01919,QC,Completed,2026-06-02,Hiruni Gunasekara
SH-007881,SR-26-01920,Submitted,Approved,2026-06-03,Sachini Silva
SH-007882,SR-26-01920,Approved,In Progress,2026-06-05,Sachini Silva
SH-007883,SR-26-01920,In Progress,QC,2026-06-07,Sachini Silva
SH-007884,SR-26-01920,QC,Completed,2026-06-09,Sachini Silva
SH-007885,SR-26-01921,Submitted,Approved,2026-06-03,Sachini Silva
SH-007886,SR-26-01921,Approved,In Progress,2026-06-05,Sachini Silva
SH-007887,SR-26-01921,In Progress,QC,2026-06-06,Sachini Silva
SH-007888,SR-26-01921,QC,Completed,2026-06-08,Sachini Silva
SH-007889,SR-26-01922,Submitted,Approved,2026-06-02,Kavindu Fernando
SH-007890,SR-26-01922,Approved,In Progress,2026-06-02,Kavindu Fernando
SH-007891,SR-26-01922,In Progress,QC,2026-06-03,Kavindu Fernando
SH-007892,SR-26-01922,QC,Completed,2026-06-03,Kavindu Fernando
SH-007893,SR-26-01923,Submitted,Approved,2026-06-03,Dulani Jayasuriya
SH-007894,SR-26-01923,Approved,In Progress,2026-06-04,Dulani Jayasuriya
SH-007895,SR-26-01923,In Progress,QC,2026-06-05,Dulani Jayasuriya
SH-007896,SR-26-01923,QC,Completed,2026-06-06,Dulani Jayasuriya
SH-007897,SR-26-01924,Submitted,Approved,2026-06-03,Sachini Silva
SH-007898,SR-26-01924,Approved,In Progress,2026-06-04,Sachini Silva
SH-007899,SR-26-01924,In Progress,QC,2026-06-04,Sachini Silva
SH-007900,SR-26-01924,QC,Completed,2026-06-05,Sachini Silva
SH-007901,SR-26-01925,Submitted,Approved,2026-06-04,Sachini Silva
SH-007902,SR-26-01925,Approved,In Progress,2026-06-05,Sachini Silva
SH-007903,SR-26-01925,In Progress,QC,2026-06-07,Sachini Silva
SH-007904,SR-26-01925,QC,Completed,2026-06-08,Sachini Silva
SH-007905,SR-26-01926,Submitted,Approved,2026-06-05,Ashen Rathnayake
SH-007906,SR-26-01926,Approved,In Progress,2026-06-06,Ashen Rathnayake
SH-007907,SR-26-01926,In Progress,QC,2026-06-07,Ashen Rathnayake
SH-007908,SR-26-01926,QC,Completed,2026-06-09,Ashen Rathnayake
SH-007909,SR-26-01927,Submitted,Approved,2026-06-03,Sachini Silva
SH-007910,SR-26-01927,Approved,In Progress,2026-06-03,Sachini Silva
SH-007911,SR-26-01927,In Progress,QC,2026-06-04,Sachini Silva
SH-007912,SR-26-01927,QC,Completed,2026-06-04,Sachini Silva
SH-007913,SR-26-01928,Submitted,Approved,2026-06-05,Sachini Silva
SH-007914,SR-26-01928,Approved,In Progress,2026-06-07,Sachini Silva
SH-007915,SR-26-01928,In Progress,QC,2026-06-08,Sachini Silva
SH-007916,SR-26-01928,QC,Completed,2026-06-10,Sachini Silva
SH-007917,SR-26-01929,Submitted,Approved,2026-06-05,Dulani Jayasuriya
SH-007918,SR-26-01929,Approved,In Progress,2026-06-07,Dulani Jayasuriya
SH-007919,SR-26-01929,In Progress,QC,2026-06-08,Dulani Jayasuriya
SH-007920,SR-26-01929,QC,Rework,2026-06-09,Dulani Jayasuriya
SH-007921,SR-26-01929,Rework,QC,2026-06-11,Dulani Jayasuriya
SH-007922,SR-26-01929,QC,Completed,2026-06-12,Dulani Jayasuriya
SH-007923,SR-26-01930,Submitted,Approved,2026-06-05,Ashen Rathnayake
SH-007924,SR-26-01930,Approved,In Progress,2026-06-06,Ashen Rathnayake
SH-007925,SR-26-01930,In Progress,QC,2026-06-08,Ashen Rathnayake
SH-007926,SR-26-01930,QC,Completed,2026-06-09,Ashen Rathnayake
SH-007927,SR-26-01931,Submitted,Approved,2026-06-05,Sachini Silva
SH-007928,SR-26-01931,Approved,In Progress,2026-06-06,Sachini Silva
SH-007929,SR-26-01931,In Progress,QC,2026-06-08,Sachini Silva
SH-007930,SR-26-01931,QC,Completed,2026-06-09,Sachini Silva
SH-007931,SR-26-01932,Submitted,Approved,2026-06-07,Hiruni Gunasekara
SH-007932,SR-26-01932,Approved,In Progress,2026-06-08,Hiruni Gunasekara
SH-007933,SR-26-01932,In Progress,QC,2026-06-09,Hiruni Gunasekara
SH-007934,SR-26-01932,QC,Completed,2026-06-11,Hiruni Gunasekara
SH-007935,SR-26-01933,Submitted,Approved,2026-06-07,Ashen Rathnayake
SH-007936,SR-26-01933,Approved,In Progress,2026-06-08,Ashen Rathnayake
SH-007937,SR-26-01933,In Progress,QC,2026-06-09,Ashen Rathnayake
SH-007938,SR-26-01933,QC,Completed,2026-06-11,Ashen Rathnayake
SH-007939,SR-26-01934,Submitted,Approved,2026-06-07,Dulani Jayasuriya
SH-007940,SR-26-01934,Approved,In Progress,2026-06-09,Dulani Jayasuriya
SH-007941,SR-26-01934,In Progress,QC,2026-06-11,Dulani Jayasuriya
SH-007942,SR-26-01934,QC,Completed,2026-06-13,Dulani Jayasuriya
SH-007943,SR-26-01935,Submitted,Approved,2026-06-06,Sachini Silva
SH-007944,SR-26-01935,Approved,In Progress,2026-06-07,Sachini Silva
SH-007945,SR-26-01935,In Progress,QC,2026-06-09,Sachini Silva
SH-007946,SR-26-01935,QC,Completed,2026-06-10,Sachini Silva
SH-007947,SR-26-01936,Submitted,Approved,2026-06-09,Sachini Silva
SH-007948,SR-26-01936,Approved,In Progress,2026-06-10,Sachini Silva
SH-007949,SR-26-01936,In Progress,QC,2026-06-11,Sachini Silva
SH-007950,SR-26-01936,QC,Completed,2026-06-12,Sachini Silva
SH-007951,SR-26-01937,Submitted,Approved,2026-06-10,Dulani Jayasuriya
SH-007952,SR-26-01937,Approved,In Progress,2026-06-12,Dulani Jayasuriya
SH-007953,SR-26-01937,In Progress,QC,2026-06-13,Dulani Jayasuriya
SH-007954,SR-26-01937,QC,Completed,2026-06-15,Dulani Jayasuriya
SH-007955,SR-26-01938,Submitted,Approved,2026-06-09,Sachini Silva
SH-007956,SR-26-01938,Approved,In Progress,2026-06-10,Sachini Silva
SH-007957,SR-26-01938,In Progress,QC,2026-06-11,Sachini Silva
SH-007958,SR-26-01938,QC,Completed,2026-06-12,Sachini Silva
SH-007959,SR-26-01939,Submitted,Approved,2026-06-10,Kavindu Fernando
SH-007960,SR-26-01939,Approved,In Progress,2026-06-11,Kavindu Fernando
SH-007961,SR-26-01939,In Progress,QC,2026-06-12,Kavindu Fernando
SH-007962,SR-26-01939,QC,Completed,2026-06-14,Kavindu Fernando
SH-007963,SR-26-01940,Submitted,Approved,2026-06-09,Nethmi Perera
SH-007964,SR-26-01940,Approved,In Progress,2026-06-10,Nethmi Perera
SH-007965,SR-26-01940,In Progress,QC,2026-06-11,Nethmi Perera
SH-007966,SR-26-01940,QC,Completed,2026-06-11,Nethmi Perera
SH-007967,SR-26-01941,Submitted,Approved,2026-06-10,Sachini Silva
SH-007968,SR-26-01941,Approved,In Progress,2026-06-11,Sachini Silva
SH-007969,SR-26-01941,In Progress,QC,2026-06-11,Sachini Silva
SH-007970,SR-26-01941,QC,Completed,2026-06-12,Sachini Silva
SH-007971,SR-26-01942,Submitted,Approved,2026-06-10,Kavindu Fernando
SH-007972,SR-26-01942,Approved,In Progress,2026-06-11,Kavindu Fernando
SH-007973,SR-26-01942,In Progress,QC,2026-06-11,Kavindu Fernando
SH-007974,SR-26-01942,QC,Completed,2026-06-12,Kavindu Fernando
SH-007975,SR-26-01943,Submitted,Approved,2026-06-10,Ashen Rathnayake
SH-007976,SR-26-01943,Approved,In Progress,2026-06-11,Ashen Rathnayake
SH-007977,SR-26-01943,In Progress,QC,2026-06-13,Ashen Rathnayake
SH-007978,SR-26-01943,QC,Completed,2026-06-14,Ashen Rathnayake
SH-007979,SR-26-01944,Submitted,Approved,2026-06-11,Dulani Jayasuriya
SH-007980,SR-26-01944,Approved,In Progress,2026-06-13,Dulani Jayasuriya
SH-007981,SR-26-01944,In Progress,QC,2026-06-15,Dulani Jayasuriya
SH-007982,SR-26-01944,QC,Completed,2026-06-17,Dulani Jayasuriya
SH-007983,SR-26-01945,Submitted,Approved,2026-06-09,Sachini Silva
SH-007984,SR-26-01945,Approved,In Progress,2026-06-10,Sachini Silva
SH-007985,SR-26-01945,In Progress,QC,2026-06-11,Sachini Silva
SH-007986,SR-26-01945,QC,Completed,2026-06-11,Sachini Silva
SH-007987,SR-26-01946,Submitted,Approved,2026-06-12,Ashen Rathnayake
SH-007988,SR-26-01946,Approved,In Progress,2026-06-14,Ashen Rathnayake
SH-007989,SR-26-01946,In Progress,QC,2026-06-17,Ashen Rathnayake
SH-007990,SR-26-01946,QC,Completed,2026-06-19,Ashen Rathnayake
SH-007991,SR-26-01947,Submitted,Approved,2026-06-13,Nethmi Perera
SH-007992,SR-26-01947,Approved,In Progress,2026-06-15,Nethmi Perera
SH-007993,SR-26-01947,In Progress,QC,2026-06-16,Nethmi Perera
SH-007994,SR-26-01947,QC,Completed,2026-06-18,Nethmi Perera
SH-007995,SR-26-01948,Submitted,Approved,2026-06-12,Kavindu Fernando
SH-007996,SR-26-01948,Approved,In Progress,2026-06-13,Kavindu Fernando
SH-007997,SR-26-01948,In Progress,QC,2026-06-13,Kavindu Fernando
SH-007998,SR-26-01948,QC,Completed,2026-06-14,Kavindu Fernando
SH-007999,SR-26-01949,Submitted,Approved,2026-06-13,Hiruni Gunasekara
SH-008000,SR-26-01949,Approved,In Progress,2026-06-14,Hiruni Gunasekara
SH-008001,SR-26-01949,In Progress,QC,2026-06-15,Hiruni Gunasekara
SH-008002,SR-26-01949,QC,Completed,2026-06-17,Hiruni Gunasekara
SH-008003,SR-26-01950,Submitted,Approved,2026-06-11,Dulani Jayasuriya
SH-008004,SR-26-01950,Approved,In Progress,2026-06-12,Dulani Jayasuriya
SH-008005,SR-26-01950,In Progress,QC,2026-06-13,Dulani Jayasuriya
SH-008006,SR-26-01950,QC,Completed,2026-06-13,Dulani Jayasuriya
SH-008007,SR-26-01951,Submitted,Approved,2026-06-12,Sachini Silva
SH-008008,SR-26-01951,Approved,In Progress,2026-06-13,Sachini Silva
SH-008009,SR-26-01951,In Progress,QC,2026-06-14,Sachini Silva
SH-008010,SR-26-01951,QC,Completed,2026-06-15,Sachini Silva
SH-008011,SR-26-01952,Submitted,Approved,2026-06-12,Sachini Silva
SH-008012,SR-26-01952,Approved,In Progress,2026-06-13,Sachini Silva
SH-008013,SR-26-01952,In Progress,QC,2026-06-13,Sachini Silva
SH-008014,SR-26-01952,QC,Completed,2026-06-14,Sachini Silva
SH-008015,SR-26-01953,Submitted,Approved,2026-06-12,Hiruni Gunasekara
SH-008016,SR-26-01953,Approved,In Progress,2026-06-13,Hiruni Gunasekara
SH-008017,SR-26-01953,In Progress,QC,2026-06-13,Hiruni Gunasekara
SH-008018,SR-26-01953,QC,Completed,2026-06-14,Hiruni Gunasekara
SH-008019,SR-26-01954,Submitted,Approved,2026-06-13,Ashen Rathnayake
SH-008020,SR-26-01954,Approved,In Progress,2026-06-14,Ashen Rathnayake
SH-008021,SR-26-01954,In Progress,QC,2026-06-14,Ashen Rathnayake
SH-008022,SR-26-01954,QC,Completed,2026-06-15,Ashen Rathnayake
SH-008023,SR-26-01955,Submitted,Approved,2026-06-13,Ashen Rathnayake
SH-008024,SR-26-01955,Approved,In Progress,2026-06-14,Ashen Rathnayake
SH-008025,SR-26-01955,In Progress,QC,2026-06-15,Ashen Rathnayake
SH-008026,SR-26-01955,QC,Completed,2026-06-16,Ashen Rathnayake
SH-008027,SR-26-01956,Submitted,Approved,2026-06-14,Hiruni Gunasekara
SH-008028,SR-26-01956,Approved,In Progress,2026-06-15,Hiruni Gunasekara
SH-008029,SR-26-01956,In Progress,QC,2026-06-17,Hiruni Gunasekara
SH-008030,SR-26-01956,QC,Completed,2026-06-18,Hiruni Gunasekara
SH-008031,SR-26-01957,Submitted,Approved,2026-06-14,Sachini Silva
SH-008032,SR-26-01957,Approved,In Progress,2026-06-15,Sachini Silva
SH-008033,SR-26-01957,In Progress,QC,2026-06-15,Sachini Silva
SH-008034,SR-26-01957,QC,Completed,2026-06-16,Sachini Silva
SH-008035,SR-26-01958,Submitted,Approved,2026-06-16,Ashen Rathnayake
SH-008036,SR-26-01958,Approved,In Progress,2026-06-17,Ashen Rathnayake
SH-008037,SR-26-01958,In Progress,QC,2026-06-17,Ashen Rathnayake
SH-008038,SR-26-01958,QC,Completed,2026-06-18,Ashen Rathnayake
SH-008039,SR-26-01959,Submitted,Approved,2026-06-16,Hiruni Gunasekara
SH-008040,SR-26-01959,Approved,In Progress,2026-06-17,Hiruni Gunasekara
SH-008041,SR-26-01959,In Progress,QC,2026-06-17,Hiruni Gunasekara
SH-008042,SR-26-01959,QC,Completed,2026-06-18,Hiruni Gunasekara
SH-008043,SR-26-01960,Submitted,Approved,2026-06-16,Dulani Jayasuriya
SH-008044,SR-26-01960,Approved,In Progress,2026-06-18,Dulani Jayasuriya
SH-008045,SR-26-01960,In Progress,QC,2026-06-19,Dulani Jayasuriya
SH-008046,SR-26-01960,QC,Rework,2026-06-20,Dulani Jayasuriya
SH-008047,SR-26-01960,Rework,QC,2026-06-22,Dulani Jayasuriya
SH-008048,SR-26-01960,QC,Completed,2026-06-23,Dulani Jayasuriya
SH-008049,SR-26-01961,Submitted,Approved,2026-06-16,Ashen Rathnayake
SH-008050,SR-26-01961,Approved,In Progress,2026-06-17,Ashen Rathnayake
SH-008051,SR-26-01961,In Progress,QC,2026-06-18,Ashen Rathnayake
SH-008052,SR-26-01961,QC,Completed,2026-06-19,Ashen Rathnayake
SH-008053,SR-26-01962,Submitted,Approved,2026-06-16,Kavindu Fernando
SH-008054,SR-26-01962,Approved,In Progress,2026-06-17,Kavindu Fernando
SH-008055,SR-26-01962,In Progress,QC,2026-06-19,Kavindu Fernando
SH-008056,SR-26-01962,QC,Completed,2026-06-20,Kavindu Fernando
SH-008057,SR-26-01963,Submitted,Approved,2026-06-16,Sachini Silva
SH-008058,SR-26-01963,Approved,In Progress,2026-06-17,Sachini Silva
SH-008059,SR-26-01963,In Progress,QC,2026-06-17,Sachini Silva
SH-008060,SR-26-01963,QC,Completed,2026-06-18,Sachini Silva
SH-008061,SR-26-01964,Submitted,Approved,2026-06-16,Dulani Jayasuriya
SH-008062,SR-26-01964,Approved,In Progress,2026-06-17,Dulani Jayasuriya
SH-008063,SR-26-01964,In Progress,QC,2026-06-17,Dulani Jayasuriya
SH-008064,SR-26-01964,QC,Completed,2026-06-18,Dulani Jayasuriya
SH-008065,SR-26-01965,Submitted,Approved,2026-06-18,Ashen Rathnayake
SH-008066,SR-26-01965,Approved,In Progress,2026-06-20,Ashen Rathnayake
SH-008067,SR-26-01965,In Progress,QC,2026-06-22,Ashen Rathnayake
SH-008068,SR-26-01965,QC,Completed,2026-06-24,Ashen Rathnayake
SH-008069,SR-26-01966,Submitted,Approved,2026-06-17,Nethmi Perera
SH-008070,SR-26-01966,Approved,In Progress,2026-06-18,Nethmi Perera
SH-008071,SR-26-01966,In Progress,QC,2026-06-19,Nethmi Perera
SH-008072,SR-26-01966,QC,Completed,2026-06-20,Nethmi Perera
SH-008073,SR-26-01967,Submitted,Approved,2026-06-16,Nethmi Perera
SH-008074,SR-26-01967,Approved,In Progress,2026-06-16,Nethmi Perera
SH-008075,SR-26-01967,In Progress,QC,2026-06-17,Nethmi Perera
SH-008076,SR-26-01967,QC,Completed,2026-06-17,Nethmi Perera
SH-008077,SR-26-01968,Submitted,Approved,2026-06-18,Dulani Jayasuriya
SH-008078,SR-26-01968,Approved,In Progress,2026-06-19,Dulani Jayasuriya
SH-008079,SR-26-01968,In Progress,QC,2026-06-20,Dulani Jayasuriya
SH-008080,SR-26-01968,QC,Completed,2026-06-22,Dulani Jayasuriya
SH-008081,SR-26-01969,Submitted,Approved,2026-06-18,Kavindu Fernando
SH-008082,SR-26-01969,Approved,In Progress,2026-06-19,Kavindu Fernando
SH-008083,SR-26-01969,In Progress,QC,2026-06-21,Kavindu Fernando
SH-008084,SR-26-01969,QC,Rework,2026-06-22,Kavindu Fernando
SH-008085,SR-26-01969,Rework,QC,2026-06-23,Kavindu Fernando
SH-008086,SR-26-01969,QC,Completed,2026-06-24,Kavindu Fernando
SH-008087,SR-26-01970,Submitted,Approved,2026-06-18,Dulani Jayasuriya
SH-008088,SR-26-01970,Approved,In Progress,2026-06-19,Dulani Jayasuriya
SH-008089,SR-26-01970,In Progress,QC,2026-06-21,Dulani Jayasuriya
SH-008090,SR-26-01970,QC,Rework,2026-06-22,Dulani Jayasuriya
SH-008091,SR-26-01970,Rework,QC,2026-06-23,Dulani Jayasuriya
SH-008092,SR-26-01970,QC,Completed,2026-06-24,Dulani Jayasuriya
SH-008093,SR-26-01971,Submitted,Approved,2026-06-17,Dulani Jayasuriya
SH-008094,SR-26-01971,Approved,In Progress,2026-06-17,Dulani Jayasuriya
SH-008095,SR-26-01971,In Progress,QC,2026-06-18,Dulani Jayasuriya
SH-008096,SR-26-01971,QC,Completed,2026-06-18,Dulani Jayasuriya
SH-008097,SR-26-01972,Submitted,Approved,2026-06-19,Sachini Silva
SH-008098,SR-26-01972,Approved,In Progress,2026-06-20,Sachini Silva
SH-008099,SR-26-01972,In Progress,QC,2026-06-21,Sachini Silva
SH-008100,SR-26-01972,QC,Completed,2026-06-22,Sachini Silva
SH-008101,SR-26-01973,Submitted,Approved,2026-06-19,Sachini Silva
SH-008102,SR-26-01973,Approved,In Progress,2026-06-20,Sachini Silva
SH-008103,SR-26-01973,In Progress,QC,2026-06-20,Sachini Silva
SH-008104,SR-26-01973,QC,Completed,2026-06-21,Sachini Silva
SH-008105,SR-26-01974,Submitted,Approved,2026-06-20,Dulani Jayasuriya
SH-008106,SR-26-01974,Approved,In Progress,2026-06-21,Dulani Jayasuriya
SH-008107,SR-26-01974,In Progress,QC,2026-06-23,Dulani Jayasuriya
SH-008108,SR-26-01974,QC,Completed,2026-06-24,Dulani Jayasuriya
SH-008109,SR-26-01975,Submitted,Approved,2026-06-20,Nethmi Perera
SH-008110,SR-26-01975,Approved,In Progress,2026-06-21,Nethmi Perera
SH-008111,SR-26-01975,In Progress,QC,2026-06-21,Nethmi Perera
SH-008112,SR-26-01975,QC,Completed,2026-06-22,Nethmi Perera
SH-008113,SR-26-01976,Submitted,Approved,2026-06-20,Nethmi Perera
SH-008114,SR-26-01976,Approved,In Progress,2026-06-21,Nethmi Perera
SH-008115,SR-26-01976,In Progress,QC,2026-06-22,Nethmi Perera
SH-008116,SR-26-01976,QC,Completed,2026-06-22,Nethmi Perera
SH-008117,SR-26-01977,Submitted,Approved,2026-06-21,Ashen Rathnayake
SH-008118,SR-26-01977,Approved,In Progress,2026-06-22,Ashen Rathnayake
SH-008119,SR-26-01977,In Progress,QC,2026-06-24,Ashen Rathnayake
SH-008120,SR-26-01977,QC,Completed,2026-06-25,Ashen Rathnayake
SH-008121,SR-26-01978,Submitted,Approved,2026-06-22,Sachini Silva
SH-008122,SR-26-01978,Approved,In Progress,2026-06-24,Sachini Silva
SH-008123,SR-26-01978,In Progress,QC,2026-06-27,Sachini Silva
SH-008124,SR-26-01978,QC,Completed,2026-06-29,Sachini Silva
SH-008125,SR-26-01979,Submitted,Approved,2026-06-23,Sachini Silva
SH-008126,SR-26-01979,Approved,In Progress,2026-06-24,Sachini Silva
SH-008127,SR-26-01979,In Progress,QC,2026-06-26,Sachini Silva
SH-008128,SR-26-01979,QC,Completed,2026-06-27,Sachini Silva
SH-008129,SR-26-01980,Submitted,Approved,2026-06-22,Sachini Silva
SH-008130,SR-26-01980,Approved,In Progress,2026-06-22,Sachini Silva
SH-008131,SR-26-01980,In Progress,QC,2026-06-23,Sachini Silva
SH-008132,SR-26-01980,QC,Completed,2026-06-23,Sachini Silva
SH-008133,SR-26-01981,Submitted,Approved,2026-06-22,Dulani Jayasuriya
SH-008134,SR-26-01981,Approved,In Progress,2026-06-23,Dulani Jayasuriya
SH-008135,SR-26-01981,In Progress,QC,2026-06-24,Dulani Jayasuriya
SH-008136,SR-26-01981,QC,Completed,2026-06-24,Dulani Jayasuriya
SH-008137,SR-26-01982,Submitted,Approved,2026-06-22,Nethmi Perera
SH-008138,SR-26-01982,Approved,In Progress,2026-06-23,Nethmi Perera
SH-008139,SR-26-01982,In Progress,QC,2026-06-24,Nethmi Perera
SH-008140,SR-26-01982,QC,Completed,2026-06-24,Nethmi Perera
SH-008141,SR-26-01983,Submitted,Approved,2026-06-22,Sachini Silva
SH-008142,SR-26-01983,Approved,In Progress,2026-06-23,Sachini Silva
SH-008143,SR-26-01983,In Progress,QC,2026-06-24,Sachini Silva
SH-008144,SR-26-01983,QC,Completed,2026-06-24,Sachini Silva
SH-008145,SR-26-01984,Submitted,Approved,2026-06-23,Ashen Rathnayake
SH-008146,SR-26-01984,Approved,In Progress,2026-06-24,Ashen Rathnayake
SH-008147,SR-26-01984,In Progress,QC,2026-06-24,Ashen Rathnayake
SH-008148,SR-26-01984,QC,Completed,2026-06-25,Ashen Rathnayake
SH-008149,SR-26-01985,Submitted,Approved,2026-06-24,Ashen Rathnayake
SH-008150,SR-26-01985,Approved,In Progress,2026-06-25,Ashen Rathnayake
SH-008151,SR-26-01985,In Progress,QC,2026-06-25,Ashen Rathnayake
SH-008152,SR-26-01985,QC,Completed,2026-06-26,Ashen Rathnayake
SH-008153,SR-26-01986,Submitted,Approved,2026-06-25,Sachini Silva
SH-008154,SR-26-01986,Approved,In Progress,2026-06-28,Sachini Silva
SH-008155,SR-26-01986,In Progress,QC,2026-07-01,Sachini Silva
SH-008156,SR-26-01986,QC,Completed,2026-07-03,Sachini Silva
SH-008157,SR-26-01987,Submitted,Approved,2026-06-24,Ashen Rathnayake
SH-008158,SR-26-01987,Approved,In Progress,2026-06-25,Ashen Rathnayake
SH-008159,SR-26-01987,In Progress,QC,2026-06-26,Ashen Rathnayake
SH-008160,SR-26-01987,QC,Completed,2026-06-27,Ashen Rathnayake
SH-008161,SR-26-01988,Submitted,Approved,2026-06-23,Nethmi Perera
SH-008162,SR-26-01988,Approved,In Progress,2026-06-23,Nethmi Perera
SH-008163,SR-26-01988,In Progress,QC,2026-06-24,Nethmi Perera
SH-008164,SR-26-01988,QC,Completed,2026-06-24,Nethmi Perera
SH-008165,SR-26-01989,Submitted,Approved,2026-06-25,Nethmi Perera
SH-008166,SR-26-01989,Approved,In Progress,2026-06-27,Nethmi Perera
SH-008167,SR-26-01989,In Progress,QC,2026-06-28,Nethmi Perera
SH-008168,SR-26-01989,QC,Completed,2026-06-30,Nethmi Perera
SH-008169,SR-26-01990,Submitted,Approved,2026-06-26,Hiruni Gunasekara
SH-008170,SR-26-01990,Approved,In Progress,2026-06-27,Hiruni Gunasekara
SH-008171,SR-26-01990,In Progress,QC,2026-06-28,Hiruni Gunasekara
SH-008172,SR-26-01990,QC,Completed,2026-06-30,Hiruni Gunasekara
SH-008173,SR-26-01991,Submitted,Approved,2026-06-24,Hiruni Gunasekara
SH-008174,SR-26-01991,Approved,In Progress,2026-06-25,Hiruni Gunasekara
SH-008175,SR-26-01991,In Progress,QC,2026-06-26,Hiruni Gunasekara
SH-008176,SR-26-01991,QC,Completed,2026-06-26,Hiruni Gunasekara
SH-008177,SR-26-01992,Submitted,Approved,2026-06-27,Ashen Rathnayake
SH-008178,SR-26-01992,Approved,In Progress,2026-06-29,Ashen Rathnayake
SH-008179,SR-26-01992,In Progress,QC,2026-07-02,Ashen Rathnayake
SH-008180,SR-26-01992,QC,Completed,2026-07-04,Ashen Rathnayake
SH-008181,SR-26-01993,Submitted,Approved,2026-06-26,Dulani Jayasuriya
SH-008182,SR-26-01993,Approved,In Progress,2026-06-27,Dulani Jayasuriya
SH-008183,SR-26-01993,In Progress,QC,2026-06-29,Dulani Jayasuriya
SH-008184,SR-26-01993,QC,Completed,2026-06-30,Dulani Jayasuriya
SH-008185,SR-26-01994,Submitted,Approved,2026-06-26,Kavindu Fernando
SH-008186,SR-26-01994,Approved,In Progress,2026-06-26,Kavindu Fernando
SH-008187,SR-26-01994,In Progress,QC,2026-06-27,Kavindu Fernando
SH-008188,SR-26-01994,QC,Completed,2026-06-27,Kavindu Fernando
SH-008189,SR-26-01995,Submitted,Approved,2026-06-27,Nethmi Perera
SH-008190,SR-26-01995,Approved,In Progress,2026-06-28,Nethmi Perera
SH-008191,SR-26-01995,In Progress,QC,2026-06-30,Nethmi Perera
SH-008192,SR-26-01995,QC,Completed,2026-07-01,Nethmi Perera
SH-008193,SR-26-01996,Submitted,Approved,2026-06-28,Hiruni Gunasekara
SH-008194,SR-26-01996,Approved,In Progress,2026-06-30,Hiruni Gunasekara
SH-008195,SR-26-01996,In Progress,QC,2026-07-02,Hiruni Gunasekara
SH-008196,SR-26-01996,QC,Completed,2026-07-04,Hiruni Gunasekara
SH-008197,SR-26-01997,Submitted,Approved,2026-06-28,Nethmi Perera
SH-008198,SR-26-01997,Approved,In Progress,2026-06-29,Nethmi Perera
SH-008199,SR-26-01997,In Progress,QC,2026-06-30,Nethmi Perera
SH-008200,SR-26-01997,QC,Completed,2026-07-02,Nethmi Perera
SH-008201,SR-26-01998,Submitted,Approved,2026-06-26,Ashen Rathnayake
SH-008202,SR-26-01998,Approved,In Progress,2026-06-26,Ashen Rathnayake
SH-008203,SR-26-01998,In Progress,QC,2026-06-27,Ashen Rathnayake
SH-008204,SR-26-01998,QC,Completed,2026-06-27,Ashen Rathnayake
SH-008205,SR-26-01999,Submitted,Approved,2026-06-28,Kavindu Fernando
SH-008206,SR-26-01999,Approved,In Progress,2026-06-29,Kavindu Fernando
SH-008207,SR-26-01999,In Progress,QC,2026-06-30,Kavindu Fernando
SH-008208,SR-26-01999,QC,Completed,2026-07-02,Kavindu Fernando
SH-008209,SR-26-02000,Submitted,Approved,2026-06-29,Kavindu Fernando
SH-008210,SR-26-02000,Approved,In Progress,2026-06-30,Kavindu Fernando
SH-008211,SR-26-02000,In Progress,QC,2026-07-01,Kavindu Fernando
SH-008212,SR-26-02000,QC,Completed,2026-07-03,Kavindu Fernando
SH-008213,SR-26-02001,Submitted,Approved,2026-06-29,Sachini Silva
SH-008214,SR-26-02001,Approved,In Progress,2026-07-01,Sachini Silva
SH-008215,SR-26-02001,In Progress,QC,2026-07-03,Sachini Silva
SH-008216,SR-26-02001,QC,Rework,2026-07-06,Sachini Silva
SH-008217,SR-26-02001,Rework,QC,2026-07-08,Sachini Silva
SH-008218,SR-26-02001,QC,Completed,2026-07-10,Sachini Silva
SH-008219,SR-26-02002,Submitted,Approved,2026-06-28,Kavindu Fernando
SH-008220,SR-26-02002,Approved,In Progress,2026-06-29,Kavindu Fernando
SH-008221,SR-26-02002,In Progress,QC,2026-07-01,Kavindu Fernando
SH-008222,SR-26-02002,QC,Completed,2026-07-02,Kavindu Fernando
SH-008223,SR-26-02003,Submitted,Approved,2026-06-28,Dulani Jayasuriya
SH-008224,SR-26-02003,Approved,In Progress,2026-06-29,Dulani Jayasuriya
SH-008225,SR-26-02003,In Progress,QC,2026-06-30,Dulani Jayasuriya
SH-008226,SR-26-02003,QC,Completed,2026-07-01,Dulani Jayasuriya
SH-008227,SR-26-02004,Submitted,Approved,2026-06-30,Ashen Rathnayake
SH-008228,SR-26-02004,Approved,In Progress,2026-07-01,Ashen Rathnayake
SH-008229,SR-26-02004,In Progress,QC,2026-07-02,Ashen Rathnayake
SH-008230,SR-26-02004,QC,Completed,2026-07-03,Ashen Rathnayake
SH-008231,SR-26-02005,Submitted,Approved,2026-06-30,Sachini Silva
SH-008232,SR-26-02005,Approved,In Progress,2026-07-02,Sachini Silva
SH-008233,SR-26-02005,In Progress,QC,2026-07-03,Sachini Silva
SH-008234,SR-26-02005,QC,Rework,2026-07-04,Sachini Silva
SH-008235,SR-26-02005,Rework,QC,2026-07-06,Sachini Silva
SH-008236,SR-26-02005,QC,Completed,2026-07-07,Sachini Silva
SH-008237,SR-26-02006,Submitted,Approved,2026-07-01,Kavindu Fernando
SH-008238,SR-26-02006,Approved,In Progress,2026-07-03,Kavindu Fernando
SH-008239,SR-26-02006,In Progress,QC,2026-07-05,Kavindu Fernando
SH-008240,SR-26-02006,QC,Completed,2026-07-07,Kavindu Fernando
SH-008241,SR-26-02007,Submitted,Approved,2026-07-02,Kavindu Fernando
SH-008242,SR-26-02007,Approved,In Progress,2026-07-03,Kavindu Fernando
SH-008243,SR-26-02007,In Progress,QC,2026-07-04,Kavindu Fernando
SH-008244,SR-26-02007,QC,Completed,2026-07-06,Kavindu Fernando
SH-008245,SR-26-02008,Submitted,Approved,2026-07-01,Hiruni Gunasekara
SH-008246,SR-26-02008,Approved,In Progress,2026-07-02,Hiruni Gunasekara
SH-008247,SR-26-02008,In Progress,QC,2026-07-03,Hiruni Gunasekara
SH-008248,SR-26-02008,QC,Completed,2026-07-04,Hiruni Gunasekara
SH-008249,SR-26-02009,Submitted,Approved,2026-06-30,Nethmi Perera
SH-008250,SR-26-02009,Approved,In Progress,2026-06-30,Nethmi Perera
SH-008251,SR-26-02009,In Progress,QC,2026-07-01,Nethmi Perera
SH-008252,SR-26-02009,QC,Completed,2026-07-01,Nethmi Perera
SH-008253,SR-26-02010,Submitted,Approved,2026-07-02,Nethmi Perera
SH-008254,SR-26-02010,Approved,In Progress,2026-07-05,Nethmi Perera
SH-008255,SR-26-02010,In Progress,QC,2026-07-07,Nethmi Perera
SH-008256,SR-26-02010,QC,Rework,2026-07-09,Nethmi Perera
SH-008257,SR-26-02010,Rework,QC,2026-07-12,Nethmi Perera
SH-008258,SR-26-02010,QC,Completed,2026-07-14,Nethmi Perera
SH-008259,SR-26-02011,Submitted,Approved,2026-07-01,Dulani Jayasuriya
SH-008260,SR-26-02011,Approved,In Progress,2026-07-02,Dulani Jayasuriya
SH-008261,SR-26-02011,In Progress,QC,2026-07-03,Dulani Jayasuriya
SH-008262,SR-26-02011,QC,Completed,2026-07-03,Dulani Jayasuriya
SH-008263,SR-26-02012,Submitted,Approved,2026-07-03,Hiruni Gunasekara
SH-008264,SR-26-02012,Approved,In Progress,2026-07-05,Hiruni Gunasekara
SH-008265,SR-26-02012,In Progress,QC,2026-07-07,Hiruni Gunasekara
SH-008266,SR-26-02012,QC,Completed,2026-07-09,Hiruni Gunasekara
SH-008267,SR-26-02013,Submitted,Approved,2026-07-03,Hiruni Gunasekara
SH-008268,SR-26-02013,Approved,In Progress,2026-07-05,Hiruni Gunasekara
SH-008269,SR-26-02013,In Progress,QC,2026-07-07,Hiruni Gunasekara
SH-008270,SR-26-02013,QC,Completed,2026-07-09,Hiruni Gunasekara
SH-008271,SR-26-02014,Submitted,Approved,2026-07-02,Nethmi Perera
SH-008272,SR-26-02014,Approved,In Progress,2026-07-03,Nethmi Perera
SH-008273,SR-26-02014,In Progress,QC,2026-07-03,Nethmi Perera
SH-008274,SR-26-02014,QC,Completed,2026-07-04,Nethmi Perera
SH-008275,SR-26-02015,Submitted,Approved,2026-07-01,Sachini Silva
SH-008276,SR-26-02015,Approved,In Progress,2026-07-01,Sachini Silva
SH-008277,SR-26-02015,In Progress,QC,2026-07-02,Sachini Silva
SH-008278,SR-26-02015,QC,Completed,2026-07-02,Sachini Silva
SH-008279,SR-26-02016,Submitted,Approved,2026-07-04,Sachini Silva
SH-008280,SR-26-02016,Approved,In Progress,2026-07-06,Sachini Silva
SH-008281,SR-26-02016,In Progress,QC,2026-07-07,Sachini Silva
SH-008282,SR-26-02016,QC,Completed,2026-07-09,Sachini Silva
SH-008283,SR-26-02017,Submitted,Approved,2026-07-03,Hiruni Gunasekara
SH-008284,SR-26-02017,Approved,In Progress,2026-07-04,Hiruni Gunasekara
SH-008285,SR-26-02017,In Progress,QC,2026-07-06,Hiruni Gunasekara
SH-008286,SR-26-02017,QC,Completed,2026-07-07,Hiruni Gunasekara
SH-008287,SR-26-02018,Submitted,Approved,2026-07-04,Ashen Rathnayake
SH-008288,SR-26-02018,Approved,In Progress,2026-07-05,Ashen Rathnayake
SH-008289,SR-26-02018,In Progress,QC,2026-07-06,Ashen Rathnayake
SH-008290,SR-26-02018,QC,Rework,2026-07-08,Ashen Rathnayake
SH-008291,SR-26-02018,Rework,QC,2026-07-10,Ashen Rathnayake
SH-008292,SR-26-02018,QC,Completed,2026-07-11,Ashen Rathnayake
SH-008293,SR-26-02019,Submitted,Approved,2026-07-04,Kavindu Fernando
SH-008294,SR-26-02019,Approved,In Progress,2026-07-05,Kavindu Fernando
SH-008295,SR-26-02019,In Progress,QC,2026-07-06,Kavindu Fernando
SH-008296,SR-26-02019,QC,Completed,2026-07-08,Kavindu Fernando
SH-008297,SR-26-02020,Submitted,Approved,2026-07-02,Sachini Silva
SH-008298,SR-26-02020,Approved,In Progress,2026-07-02,Sachini Silva
SH-008299,SR-26-02020,In Progress,QC,2026-07-03,Sachini Silva
SH-008300,SR-26-02020,QC,Completed,2026-07-03,Sachini Silva
SH-008301,SR-26-02021,Submitted,Approved,2026-07-04,Hiruni Gunasekara
SH-008302,SR-26-02021,Approved,In Progress,2026-07-05,Hiruni Gunasekara
SH-008303,SR-26-02021,In Progress,QC,2026-07-06,Hiruni Gunasekara
SH-008304,SR-26-02021,QC,Completed,2026-07-08,Hiruni Gunasekara
SH-008305,SR-26-02022,Submitted,Approved,2026-07-03,Kavindu Fernando
SH-008306,SR-26-02022,Approved,In Progress,2026-07-04,Kavindu Fernando
SH-008307,SR-26-02022,In Progress,QC,2026-07-05,Kavindu Fernando
SH-008308,SR-26-02022,QC,Rework,2026-07-06,Kavindu Fernando
SH-008309,SR-26-02022,Rework,QC,2026-07-07,Kavindu Fernando
SH-008310,SR-26-02022,QC,Completed,2026-07-08,Kavindu Fernando
SH-008311,SR-26-02023,Submitted,Approved,2026-07-05,Kavindu Fernando
SH-008312,SR-26-02023,Approved,In Progress,2026-07-06,Kavindu Fernando
SH-008313,SR-26-02023,In Progress,QC,2026-07-07,Kavindu Fernando
SH-008314,SR-26-02023,QC,Completed,2026-07-09,Kavindu Fernando
SH-008315,SR-26-02024,Submitted,Approved,2026-07-05,Dulani Jayasuriya
SH-008316,SR-26-02024,Approved,In Progress,2026-07-07,Dulani Jayasuriya
SH-008317,SR-26-02024,In Progress,QC,2026-07-10,Dulani Jayasuriya
SH-008318,SR-26-02024,QC,Completed,2026-07-12,Dulani Jayasuriya
SH-008319,SR-26-02025,Submitted,Approved,2026-07-04,Dulani Jayasuriya
SH-008320,SR-26-02025,Approved,In Progress,2026-07-05,Dulani Jayasuriya
SH-008321,SR-26-02025,In Progress,QC,2026-07-07,Dulani Jayasuriya
SH-008322,SR-26-02025,QC,Completed,2026-07-08,Dulani Jayasuriya
SH-008323,SR-26-02026,Submitted,Approved,2026-07-04,Kavindu Fernando
SH-008324,SR-26-02026,Approved,In Progress,2026-07-05,Kavindu Fernando
SH-008325,SR-26-02026,In Progress,QC,2026-07-06,Kavindu Fernando
SH-008326,SR-26-02026,QC,Completed,2026-07-07,Kavindu Fernando
SH-008327,SR-26-02027,Submitted,Approved,2026-07-04,Ashen Rathnayake
SH-008328,SR-26-02027,Approved,In Progress,2026-07-05,Ashen Rathnayake
SH-008329,SR-26-02027,In Progress,QC,2026-07-07,Ashen Rathnayake
SH-008330,SR-26-02027,QC,Completed,2026-07-08,Ashen Rathnayake
SH-008331,SR-26-02028,Submitted,Approved,2026-07-03,Ashen Rathnayake
SH-008332,SR-26-02028,Approved,In Progress,2026-07-04,Ashen Rathnayake
SH-008333,SR-26-02028,In Progress,QC,2026-07-05,Ashen Rathnayake
SH-008334,SR-26-02028,QC,Completed,2026-07-05,Ashen Rathnayake
SH-008335,SR-26-02029,Submitted,Approved,2026-07-03,Dulani Jayasuriya
SH-008336,SR-26-02029,Approved,In Progress,2026-07-03,Dulani Jayasuriya
SH-008337,SR-26-02029,In Progress,QC,2026-07-04,Dulani Jayasuriya
SH-008338,SR-26-02029,QC,Completed,2026-07-04,Dulani Jayasuriya
SH-008339,SR-26-02030,Submitted,Approved,2026-07-05,Ashen Rathnayake
SH-008340,SR-26-02030,Approved,In Progress,2026-07-06,Ashen Rathnayake
SH-008341,SR-26-02030,In Progress,QC,2026-07-07,Ashen Rathnayake
SH-008342,SR-26-02030,QC,Completed,2026-07-08,Ashen Rathnayake
SH-008343,SR-26-02031,Submitted,Approved,2026-07-04,Dulani Jayasuriya
SH-008344,SR-26-02031,Approved,In Progress,2026-07-04,Dulani Jayasuriya
SH-008345,SR-26-02031,In Progress,QC,2026-07-05,Dulani Jayasuriya
SH-008346,SR-26-02031,QC,Completed,2026-07-05,Dulani Jayasuriya
SH-008347,SR-26-02032,Submitted,Approved,2026-07-04,Ashen Rathnayake
SH-008348,SR-26-02032,Approved,In Progress,2026-07-05,Ashen Rathnayake
SH-008349,SR-26-02032,In Progress,QC,2026-07-06,Ashen Rathnayake
SH-008350,SR-26-02032,QC,Completed,2026-07-06,Ashen Rathnayake
SH-008351,SR-26-02033,Submitted,Approved,2026-07-06,Ashen Rathnayake
SH-008352,SR-26-02033,Approved,In Progress,2026-07-07,Ashen Rathnayake
SH-008353,SR-26-02033,In Progress,QC,2026-07-08,Ashen Rathnayake
SH-008354,SR-26-02033,QC,Completed,2026-07-10,Ashen Rathnayake
SH-008355,SR-26-02034,Submitted,Approved,2026-07-05,Ashen Rathnayake
SH-008356,SR-26-02034,Approved,In Progress,2026-07-06,Ashen Rathnayake
SH-008357,SR-26-02034,In Progress,QC,2026-07-08,Ashen Rathnayake
SH-008358,SR-26-02034,QC,Completed,2026-07-09,Ashen Rathnayake
SH-008359,SR-26-02035,Submitted,Approved,2026-07-04,Sachini Silva
SH-008360,SR-26-02035,Approved,In Progress,2026-07-04,Sachini Silva
SH-008361,SR-26-02035,In Progress,QC,2026-07-05,Sachini Silva
SH-008362,SR-26-02035,QC,Completed,2026-07-05,Sachini Silva
SH-008363,SR-26-02036,Submitted,Approved,2026-07-04,Dulani Jayasuriya
SH-008364,SR-26-02036,Approved,In Progress,2026-07-05,Dulani Jayasuriya
SH-008365,SR-26-02036,In Progress,QC,2026-07-06,Dulani Jayasuriya
SH-008366,SR-26-02036,QC,Completed,2026-07-06,Dulani Jayasuriya
SH-008367,SR-26-02037,Submitted,Approved,2026-07-06,Sachini Silva
SH-008368,SR-26-02037,Approved,In Progress,2026-07-07,Sachini Silva
SH-008369,SR-26-02037,In Progress,QC,2026-07-08,Sachini Silva
SH-008370,SR-26-02037,QC,Completed,2026-07-08,Sachini Silva
SH-008371,SR-26-02038,Submitted,Approved,2026-07-09,Dulani Jayasuriya
SH-008372,SR-26-02038,Approved,In Progress,2026-07-11,Dulani Jayasuriya
SH-008373,SR-26-02038,In Progress,QC,2026-07-14,Dulani Jayasuriya
SH-008374,SR-26-02038,QC,Completed,2026-07-16,Dulani Jayasuriya
SH-008375,SR-26-02039,Submitted,Approved,2026-07-09,Dulani Jayasuriya
SH-008376,SR-26-02039,Approved,In Progress,2026-07-11,Dulani Jayasuriya
SH-008377,SR-26-02039,In Progress,QC,2026-07-12,Dulani Jayasuriya
SH-008378,SR-26-02039,QC,Completed,2026-07-14,Dulani Jayasuriya
SH-008379,SR-26-02040,Submitted,Approved,2026-07-09,Sachini Silva
SH-008380,SR-26-02040,Approved,In Progress,2026-07-10,Sachini Silva
SH-008381,SR-26-02040,In Progress,QC,2026-07-11,Sachini Silva
SH-008382,SR-26-02040,QC,Completed,2026-07-13,Sachini Silva
SH-008383,SR-26-02041,Submitted,Approved,2026-07-08,Sachini Silva
SH-008384,SR-26-02041,Approved,In Progress,2026-07-09,Sachini Silva
SH-008385,SR-26-02041,In Progress,QC,2026-07-09,Sachini Silva
SH-008386,SR-26-02041,QC,Completed,2026-07-10,Sachini Silva
SH-008387,SR-26-02042,Submitted,Approved,2026-07-07,Hiruni Gunasekara
SH-008388,SR-26-02042,Approved,In Progress,2026-07-07,Hiruni Gunasekara
SH-008389,SR-26-02042,In Progress,QC,2026-07-08,Hiruni Gunasekara
SH-008390,SR-26-02042,QC,Completed,2026-07-08,Hiruni Gunasekara
SH-008391,SR-26-02043,Submitted,Approved,2026-07-09,Sachini Silva
SH-008392,SR-26-02043,Approved,In Progress,2026-07-10,Sachini Silva
SH-008393,SR-26-02043,In Progress,QC,2026-07-11,Sachini Silva
SH-008394,SR-26-02043,QC,Completed,2026-07-13,Sachini Silva
SH-008395,SR-26-02044,Submitted,Approved,2026-07-09,Hiruni Gunasekara
SH-008396,SR-26-02044,Approved,In Progress,2026-07-10,Hiruni Gunasekara
SH-008397,SR-26-02044,In Progress,QC,2026-07-10,Hiruni Gunasekara
SH-008398,SR-26-02044,QC,Completed,2026-07-11,Hiruni Gunasekara
SH-008399,SR-26-02045,Submitted,Approved,2026-07-10,Hiruni Gunasekara
SH-008400,SR-26-02045,Approved,In Progress,2026-07-12,Hiruni Gunasekara
SH-008401,SR-26-02045,In Progress,QC,2026-07-13,Hiruni Gunasekara
SH-008402,SR-26-02045,QC,Completed,2026-07-15,Hiruni Gunasekara
SH-008403,SR-26-02046,Submitted,Approved,2026-07-10,Ashen Rathnayake
SH-008404,SR-26-02046,Approved,In Progress,2026-07-12,Ashen Rathnayake
SH-008405,SR-26-02046,In Progress,QC,2026-07-13,Ashen Rathnayake
SH-008406,SR-26-02046,QC,Completed,2026-07-15,Ashen Rathnayake
SH-008407,SR-26-02047,Submitted,Approved,2026-07-11,Ashen Rathnayake
SH-008408,SR-26-02047,Approved,In Progress,2026-07-12,Ashen Rathnayake
SH-008409,SR-26-02047,In Progress,QC,2026-07-13,Ashen Rathnayake
SH-008410,SR-26-02047,QC,Completed,2026-07-15,Ashen Rathnayake
SH-008411,SR-26-02048,Submitted,Approved,2026-07-09,Sachini Silva
SH-008412,SR-26-02048,Approved,In Progress,2026-07-10,Sachini Silva
SH-008413,SR-26-02048,In Progress,QC,2026-07-11,Sachini Silva
SH-008414,SR-26-02048,QC,Completed,2026-07-11,Sachini Silva
SH-008415,SR-26-02049,Submitted,Approved,2026-07-10,Ashen Rathnayake
SH-008416,SR-26-02049,Approved,In Progress,2026-07-11,Ashen Rathnayake
SH-008417,SR-26-02049,In Progress,QC,2026-07-12,Ashen Rathnayake
SH-008418,SR-26-02049,QC,Completed,2026-07-13,Ashen Rathnayake
SH-008419,SR-26-02050,Submitted,Approved,2026-07-10,Ashen Rathnayake
SH-008420,SR-26-02050,Approved,In Progress,2026-07-11,Ashen Rathnayake
SH-008421,SR-26-02050,In Progress,QC,2026-07-12,Ashen Rathnayake
SH-008422,SR-26-02050,QC,Completed,2026-07-13,Ashen Rathnayake
SH-008423,SR-26-02051,Submitted,Approved,2026-07-11,Sachini Silva
SH-008424,SR-26-02051,Approved,In Progress,2026-07-12,Sachini Silva
SH-008425,SR-26-02051,In Progress,QC,2026-07-13,Sachini Silva
SH-008426,SR-26-02051,QC,Completed,2026-07-14,Sachini Silva
SH-008427,SR-26-02052,Submitted,Approved,2026-07-11,Hiruni Gunasekara
SH-008428,SR-26-02052,Approved,In Progress,2026-07-12,Hiruni Gunasekara
SH-008429,SR-26-02052,In Progress,QC,2026-07-14,Hiruni Gunasekara
SH-008430,SR-26-02052,QC,Completed,2026-07-15,Hiruni Gunasekara
SH-008431,SR-26-02053,Submitted,Approved,2026-07-11,Nethmi Perera
SH-008432,SR-26-02053,Approved,In Progress,2026-07-12,Nethmi Perera
SH-008433,SR-26-02053,In Progress,QC,2026-07-13,Nethmi Perera
SH-008434,SR-26-02053,QC,Completed,2026-07-14,Nethmi Perera
SH-008435,SR-26-02054,Submitted,Approved,2026-07-11,Sachini Silva
SH-008436,SR-26-02054,Approved,In Progress,2026-07-12,Sachini Silva
SH-008437,SR-26-02054,In Progress,QC,2026-07-13,Sachini Silva
SH-008438,SR-26-02054,QC,Completed,2026-07-14,Sachini Silva
SH-008439,SR-26-02055,Submitted,Approved,2026-07-11,Nethmi Perera
SH-008440,SR-26-02055,Approved,In Progress,2026-07-12,Nethmi Perera
SH-008441,SR-26-02055,In Progress,QC,2026-07-13,Nethmi Perera
SH-008442,SR-26-02055,QC,Completed,2026-07-14,Nethmi Perera
SH-008443,SR-26-02056,Submitted,Approved,2026-07-11,Ashen Rathnayake
SH-008444,SR-26-02056,Approved,In Progress,2026-07-12,Ashen Rathnayake
SH-008445,SR-26-02056,In Progress,QC,2026-07-13,Ashen Rathnayake
SH-008446,SR-26-02056,QC,Completed,2026-07-14,Ashen Rathnayake
SH-008447,SR-26-02057,Submitted,Approved,2026-07-10,Ashen Rathnayake
SH-008448,SR-26-02057,Approved,In Progress,2026-07-10,Ashen Rathnayake
SH-008449,SR-26-02057,In Progress,QC,2026-07-11,Ashen Rathnayake
SH-008450,SR-26-02057,QC,Completed,2026-07-11,Ashen Rathnayake
SH-008451,SR-26-02058,Submitted,Approved,2026-07-11,Hiruni Gunasekara
SH-008452,SR-26-02058,Approved,In Progress,2026-07-12,Hiruni Gunasekara
SH-008453,SR-26-02058,In Progress,QC,2026-07-13,Hiruni Gunasekara
SH-008454,SR-26-02058,QC,Completed,2026-07-14,Hiruni Gunasekara
SH-008455,SR-26-02059,Submitted,Approved,2026-07-11,Sachini Silva
SH-008456,SR-26-02059,Approved,In Progress,2026-07-12,Sachini Silva
SH-008457,SR-26-02059,In Progress,QC,2026-07-13,Sachini Silva
SH-008458,SR-26-02059,QC,Completed,2026-07-13,Sachini Silva
SH-008459,SR-26-02060,Submitted,Approved,2026-07-12,Nethmi Perera
SH-008460,SR-26-02060,Approved,In Progress,2026-07-13,Nethmi Perera
SH-008461,SR-26-02060,In Progress,QC,2026-07-15,Nethmi Perera
SH-008462,SR-26-02060,QC,Completed,2026-07-16,Nethmi Perera
SH-008463,SR-26-02061,Submitted,Approved,2026-07-13,Ashen Rathnayake
SH-008464,SR-26-02061,Approved,In Progress,2026-07-14,Ashen Rathnayake
SH-008465,SR-26-02061,In Progress,QC,2026-07-15,Ashen Rathnayake
SH-008466,SR-26-02061,QC,Completed,2026-07-15,Ashen Rathnayake
SH-008467,SR-26-02062,Submitted,Approved,2026-07-14,Ashen Rathnayake
SH-008468,SR-26-02062,Approved,In Progress,2026-07-15,Ashen Rathnayake
SH-008469,SR-26-02062,In Progress,QC,2026-07-15,Ashen Rathnayake
SH-008470,SR-26-02062,QC,Rework,2026-07-16,Ashen Rathnayake
SH-008471,SR-26-02062,Rework,QC,2026-07-17,Ashen Rathnayake
SH-008472,SR-26-02062,QC,Completed,2026-07-18,Ashen Rathnayake
SH-008473,SR-26-02063,Submitted,Approved,2026-07-14,Ashen Rathnayake
SH-008474,SR-26-02063,Approved,In Progress,2026-07-15,Ashen Rathnayake
SH-008475,SR-26-02063,In Progress,QC,2026-07-15,Ashen Rathnayake
SH-008476,SR-26-02063,QC,Completed,2026-07-16,Ashen Rathnayake
SH-008477,SR-26-02064,Submitted,Approved,2026-07-15,Ashen Rathnayake
SH-008478,SR-26-02064,Approved,In Progress,2026-07-16,Ashen Rathnayake
SH-008479,SR-26-02064,In Progress,QC,2026-07-17,Ashen Rathnayake
SH-008480,SR-26-02064,QC,Completed,2026-07-19,Ashen Rathnayake
SH-008481,SR-26-02065,Submitted,Approved,2026-07-15,Hiruni Gunasekara
SH-008482,SR-26-02065,Approved,In Progress,2026-07-16,Hiruni Gunasekara
SH-008483,SR-26-02065,In Progress,QC,2026-07-17,Hiruni Gunasekara
SH-008484,SR-26-02065,QC,Completed,2026-07-18,Hiruni Gunasekara
SH-008485,SR-26-02066,Submitted,Approved,2026-07-16,Hiruni Gunasekara
SH-008486,SR-26-02066,Approved,In Progress,2026-07-19,Hiruni Gunasekara
SH-008487,SR-26-02066,In Progress,QC,2026-07-22,Hiruni Gunasekara
SH-008488,SR-26-02066,QC,Completed,2026-07-24,Hiruni Gunasekara
SH-008489,SR-26-02067,Submitted,Approved,2026-07-14,Nethmi Perera
SH-008490,SR-26-02067,Approved,In Progress,2026-07-15,Nethmi Perera
SH-008491,SR-26-02067,In Progress,QC,2026-07-16,Nethmi Perera
SH-008492,SR-26-02067,QC,Completed,2026-07-16,Nethmi Perera
SH-008493,SR-26-02068,Submitted,Approved,2026-07-16,Ashen Rathnayake
SH-008494,SR-26-02068,Approved,In Progress,2026-07-17,Ashen Rathnayake
SH-008495,SR-26-02068,In Progress,QC,2026-07-19,Ashen Rathnayake
SH-008496,SR-26-02068,QC,Completed,2026-07-20,Ashen Rathnayake
SH-008497,SR-26-02069,Submitted,Approved,2026-07-17,Ashen Rathnayake
SH-008498,SR-26-02069,Approved,In Progress,2026-07-18,Ashen Rathnayake
SH-008499,SR-26-02069,In Progress,QC,2026-07-19,Ashen Rathnayake
SH-008500,SR-26-02069,QC,Completed,2026-07-21,Ashen Rathnayake
SH-008501,SR-26-02070,Submitted,Approved,2026-07-16,Hiruni Gunasekara
SH-008502,SR-26-02070,Approved,In Progress,2026-07-17,Hiruni Gunasekara
SH-008503,SR-26-02070,In Progress,QC,2026-07-18,Hiruni Gunasekara
SH-008504,SR-26-02070,QC,Completed,2026-07-19,Hiruni Gunasekara
SH-008505,SR-26-02071,Submitted,Approved,2026-07-17,Nethmi Perera
SH-008506,SR-26-02071,Approved,In Progress,2026-07-18,Nethmi Perera
SH-008507,SR-26-02071,In Progress,QC,2026-07-20,Nethmi Perera
SH-008508,SR-26-02071,QC,Completed,2026-07-21,Nethmi Perera
SH-008509,SR-26-02072,Submitted,Approved,2026-07-18,Nethmi Perera
SH-008510,SR-26-02072,Approved,In Progress,2026-07-20,Nethmi Perera
SH-008511,SR-26-02072,In Progress,QC,2026-07-21,Nethmi Perera
SH-008512,SR-26-02072,QC,Completed,2026-07-23,Nethmi Perera
SH-008513,SR-26-02073,Submitted,Approved,2026-07-17,Kavindu Fernando
SH-008514,SR-26-02073,Approved,In Progress,2026-07-18,Kavindu Fernando
SH-008515,SR-26-02073,In Progress,QC,2026-07-19,Kavindu Fernando
SH-008516,SR-26-02073,QC,Completed,2026-07-20,Kavindu Fernando
SH-008517,SR-26-02074,Submitted,Approved,2026-07-17,Nethmi Perera
SH-008518,SR-26-02074,Approved,In Progress,2026-07-18,Nethmi Perera
SH-008519,SR-26-02074,In Progress,QC,2026-07-18,Nethmi Perera
SH-008520,SR-26-02074,QC,Completed,2026-07-19,Nethmi Perera
SH-008521,SR-26-02075,Submitted,Approved,2026-07-18,Ashen Rathnayake
SH-008522,SR-26-02075,Approved,In Progress,2026-07-19,Ashen Rathnayake
SH-008523,SR-26-02075,In Progress,QC,2026-07-20,Ashen Rathnayake
SH-008524,SR-26-02075,QC,Completed,2026-07-21,Ashen Rathnayake
SH-008525,SR-26-02076,Submitted,Approved,2026-07-18,Ashen Rathnayake
SH-008526,SR-26-02076,Approved,In Progress,2026-07-19,Ashen Rathnayake
SH-008527,SR-26-02076,In Progress,QC,2026-07-19,Ashen Rathnayake
SH-008528,SR-26-02076,QC,Completed,2026-07-20,Ashen Rathnayake
SH-008529,SR-26-02077,Submitted,Approved,2026-07-19,Hiruni Gunasekara
SH-008530,SR-26-02077,Approved,In Progress,2026-07-20,Hiruni Gunasekara
SH-008531,SR-26-02077,In Progress,QC,2026-07-20,Hiruni Gunasekara
SH-008532,SR-26-02077,QC,Completed,2026-07-21,Hiruni Gunasekara
SH-008533,SR-26-02078,Submitted,Approved,2026-07-20,Nethmi Perera
SH-008534,SR-26-02078,Approved,In Progress,2026-07-22,Nethmi Perera
SH-008535,SR-26-02078,In Progress,QC,2026-07-25,Nethmi Perera
SH-008536,SR-26-02078,QC,Completed,2026-07-27,Nethmi Perera
SH-008537,SR-26-02079,Submitted,Approved,2026-07-21,Sachini Silva
SH-008538,SR-26-02079,Approved,In Progress,2026-07-22,Sachini Silva
SH-008539,SR-26-02079,In Progress,QC,2026-07-24,Sachini Silva
SH-008540,SR-26-02079,QC,Completed,2026-07-25,Sachini Silva
SH-008541,SR-26-02080,Submitted,Approved,2026-07-20,Dulani Jayasuriya
SH-008542,SR-26-02080,Approved,In Progress,2026-07-21,Dulani Jayasuriya
SH-008543,SR-26-02080,In Progress,QC,2026-07-22,Dulani Jayasuriya
SH-008544,SR-26-02080,QC,Completed,2026-07-22,Dulani Jayasuriya
SH-008545,SR-26-02081,Submitted,Approved,2026-07-20,Hiruni Gunasekara
SH-008546,SR-26-02081,Approved,In Progress,2026-07-20,Hiruni Gunasekara
SH-008547,SR-26-02081,In Progress,QC,2026-07-21,Hiruni Gunasekara
SH-008548,SR-26-02081,QC,Completed,2026-07-21,Hiruni Gunasekara
SH-008549,SR-26-02082,Submitted,Approved,2026-07-21,Dulani Jayasuriya
SH-008550,SR-26-02082,Approved,In Progress,2026-07-22,Dulani Jayasuriya
SH-008551,SR-26-02082,In Progress,QC,2026-07-24,Dulani Jayasuriya
SH-008552,SR-26-02082,QC,Completed,2026-07-25,Dulani Jayasuriya
SH-008553,SR-26-02083,Submitted,Approved,2026-07-21,Kavindu Fernando
SH-008554,SR-26-02083,Approved,In Progress,2026-07-22,Kavindu Fernando
SH-008555,SR-26-02083,In Progress,QC,2026-07-23,Kavindu Fernando
SH-008556,SR-26-02083,QC,Completed,2026-07-24,Kavindu Fernando
SH-008557,SR-26-02084,Submitted,Approved,2026-07-23,Hiruni Gunasekara
SH-008558,SR-26-02084,Approved,In Progress,2026-07-25,Hiruni Gunasekara
SH-008559,SR-26-02084,In Progress,QC,2026-07-26,Hiruni Gunasekara
SH-008560,SR-26-02084,QC,Completed,2026-07-28,Hiruni Gunasekara
SH-008561,SR-26-02085,Submitted,Approved,2026-07-22,Dulani Jayasuriya
SH-008562,SR-26-02085,Approved,In Progress,2026-07-23,Dulani Jayasuriya
SH-008563,SR-26-02085,In Progress,QC,2026-07-24,Dulani Jayasuriya
SH-008564,SR-26-02085,QC,Completed,2026-07-25,Dulani Jayasuriya
SH-008565,SR-26-02086,Submitted,Approved,2026-07-22,Ashen Rathnayake
SH-008566,SR-26-02086,Approved,In Progress,2026-07-23,Ashen Rathnayake
SH-008567,SR-26-02086,In Progress,QC,2026-07-25,Ashen Rathnayake
SH-008568,SR-26-02086,QC,Rework,2026-07-26,Ashen Rathnayake
SH-008569,SR-26-02086,Rework,QC,2026-07-27,Ashen Rathnayake
SH-008570,SR-26-02086,QC,Completed,2026-07-28,Ashen Rathnayake
SH-008571,SR-26-02087,Submitted,Approved,2026-07-21,Dulani Jayasuriya
SH-008572,SR-26-02087,Approved,In Progress,2026-07-22,Dulani Jayasuriya
SH-008573,SR-26-02087,In Progress,QC,2026-07-23,Dulani Jayasuriya
SH-008574,SR-26-02087,QC,Completed,2026-07-23,Dulani Jayasuriya
SH-008575,SR-26-02088,Submitted,Approved,2026-07-24,Sachini Silva
SH-008576,SR-26-02088,Approved,In Progress,2026-07-26,Sachini Silva
SH-008577,SR-26-02088,In Progress,QC,2026-07-27,Sachini Silva
SH-008578,SR-26-02088,QC,Completed,2026-07-29,Sachini Silva
SH-008579,SR-26-02089,Submitted,Approved,2026-07-24,Sachini Silva
SH-008580,SR-26-02089,Approved,In Progress,2026-07-25,Sachini Silva
SH-008581,SR-26-02089,In Progress,QC,2026-07-26,Sachini Silva
SH-008582,SR-26-02089,QC,Completed,2026-07-28,Sachini Silva
SH-008583,SR-26-02090,Submitted,Approved,2026-07-23,Hiruni Gunasekara
SH-008584,SR-26-02090,Approved,In Progress,2026-07-24,Hiruni Gunasekara
SH-008585,SR-26-02090,In Progress,QC,2026-07-26,Hiruni Gunasekara
SH-008586,SR-26-02090,QC,Completed,2026-07-27,Hiruni Gunasekara
SH-008587,SR-26-02091,Submitted,Approved,2026-07-22,Dulani Jayasuriya
SH-008588,SR-26-02091,Approved,In Progress,2026-07-22,Dulani Jayasuriya
SH-008589,SR-26-02091,In Progress,QC,2026-07-23,Dulani Jayasuriya
SH-008590,SR-26-02091,QC,Completed,2026-07-23,Dulani Jayasuriya
SH-008591,SR-26-02092,Submitted,Approved,2026-07-23,Dulani Jayasuriya
SH-008592,SR-26-02092,Approved,In Progress,2026-07-24,Dulani Jayasuriya
SH-008593,SR-26-02092,In Progress,QC,2026-07-24,Dulani Jayasuriya
SH-008594,SR-26-02092,QC,Completed,2026-07-25,Dulani Jayasuriya
SH-008595,SR-26-02093,Submitted,Approved,2026-07-24,Dulani Jayasuriya
SH-008596,SR-26-02093,Approved,In Progress,2026-07-25,Dulani Jayasuriya
SH-008597,SR-26-02093,In Progress,QC,2026-07-26,Dulani Jayasuriya
SH-008598,SR-26-02093,QC,Completed,2026-07-27,Dulani Jayasuriya
SH-008599,SR-26-02094,Submitted,Approved,2026-07-25,Ashen Rathnayake
SH-008600,SR-26-02094,Approved,In Progress,2026-07-26,Ashen Rathnayake
SH-008601,SR-26-02094,In Progress,QC,2026-07-27,Ashen Rathnayake
SH-008602,SR-26-02094,QC,Completed,2026-07-29,Ashen Rathnayake
SH-008603,SR-26-02095,Submitted,Approved,2026-07-25,Nethmi Perera
SH-008604,SR-26-02095,Approved,In Progress,2026-07-26,Nethmi Perera
SH-008605,SR-26-02095,In Progress,QC,2026-07-27,Nethmi Perera
SH-008606,SR-26-02095,QC,Completed,2026-07-29,Nethmi Perera
SH-008607,SR-26-02096,Submitted,Approved,2026-07-23,Kavindu Fernando
SH-008608,SR-26-02096,Approved,In Progress,2026-07-24,Kavindu Fernando
SH-008609,SR-26-02096,In Progress,QC,2026-07-25,Kavindu Fernando
SH-008610,SR-26-02096,QC,Completed,2026-07-25,Kavindu Fernando
SH-008611,SR-26-02097,Submitted,Approved,2026-07-26,Kavindu Fernando
SH-008612,SR-26-02097,Approved,In Progress,2026-07-28,Kavindu Fernando
SH-008613,SR-26-02097,In Progress,QC,2026-07-29,Kavindu Fernando
SH-008614,SR-26-02097,QC,Completed,2026-07-31,Kavindu Fernando
SH-008615,SR-26-02098,Submitted,Approved,2026-07-25,Kavindu Fernando
SH-008616,SR-26-02098,Approved,In Progress,2026-07-26,Kavindu Fernando
SH-008617,SR-26-02098,In Progress,QC,2026-07-27,Kavindu Fernando
SH-008618,SR-26-02098,QC,Completed,2026-07-28,Kavindu Fernando
SH-008619,SR-26-02099,Submitted,Approved,2026-07-25,Ashen Rathnayake
SH-008620,SR-26-02099,Approved,In Progress,2026-07-26,Ashen Rathnayake
SH-008621,SR-26-02099,In Progress,QC,2026-07-26,Ashen Rathnayake
SH-008622,SR-26-02099,QC,Completed,2026-07-27,Ashen Rathnayake
SH-008623,SR-26-02100,Submitted,Approved,2026-07-25,Sachini Silva
SH-008624,SR-26-02100,Approved,In Progress,2026-07-26,Sachini Silva
SH-008625,SR-26-02100,In Progress,QC,2026-07-27,Sachini Silva
SH-008626,SR-26-02100,QC,Completed,2026-07-28,Sachini Silva
SH-008627,SR-26-02101,Submitted,Approved,2026-07-26,Sachini Silva
SH-008628,SR-26-02101,Approved,In Progress,2026-07-27,Sachini Silva
SH-008629,SR-26-02101,In Progress,QC,2026-07-27,Sachini Silva
SH-008630,SR-26-02101,QC,Completed,2026-07-28,Sachini Silva
SH-008631,SR-26-02102,Submitted,Approved,2026-07-26,Hiruni Gunasekara
SH-008632,SR-26-02102,Approved,In Progress,2026-07-27,Hiruni Gunasekara
SH-008633,SR-26-02102,In Progress,QC,2026-07-29,Hiruni Gunasekara
SH-008634,SR-26-02102,QC,Completed,2026-07-30,Hiruni Gunasekara
SH-008635,SR-26-02103,Submitted,Approved,2026-07-25,Kavindu Fernando
SH-008636,SR-26-02103,Approved,In Progress,2026-07-26,Kavindu Fernando
SH-008637,SR-26-02103,In Progress,QC,2026-07-27,Kavindu Fernando
SH-008638,SR-26-02103,QC,Completed,2026-07-27,Kavindu Fernando
SH-008639,SR-26-02104,Submitted,Approved,2026-07-28,Sachini Silva
SH-008640,SR-26-02104,Approved,In Progress,2026-07-29,Sachini Silva
SH-008641,SR-26-02104,In Progress,QC,2026-07-31,Sachini Silva
SH-008642,SR-26-02104,QC,Completed,2026-08-01,Sachini Silva
SH-008643,SR-26-02105,Submitted,Approved,2026-07-28,Kavindu Fernando
SH-008644,SR-26-02105,Approved,In Progress,2026-07-29,Kavindu Fernando
SH-008645,SR-26-02105,In Progress,QC,2026-07-31,Kavindu Fernando
SH-008646,SR-26-02105,QC,Completed,2026-08-01,Kavindu Fernando
SH-008647,SR-26-02106,Submitted,Approved,2026-07-29,Kavindu Fernando
SH-008648,SR-26-02106,Approved,In Progress,2026-07-30,Kavindu Fernando
SH-008649,SR-26-02106,In Progress,QC,2026-08-01,Kavindu Fernando
SH-008650,SR-26-02106,QC,Completed,2026-08-02,Kavindu Fernando
SH-008651,SR-26-02107,Submitted,Approved,2026-07-30,Ashen Rathnayake
SH-008652,SR-26-02107,Approved,In Progress,2026-08-01,Ashen Rathnayake
SH-008653,SR-26-02107,In Progress,QC,2026-08-02,Ashen Rathnayake
SH-008654,SR-26-02107,QC,Completed,2026-08-04,Ashen Rathnayake
SH-008655,SR-26-02108,Submitted,Approved,2026-07-30,Hiruni Gunasekara
SH-008656,SR-26-02108,Approved,In Progress,2026-08-01,Hiruni Gunasekara
SH-008657,SR-26-02108,In Progress,QC,2026-08-03,Hiruni Gunasekara
SH-008658,SR-26-02108,QC,Completed,2026-08-05,Hiruni Gunasekara
SH-008659,SR-26-02109,Submitted,Approved,2026-07-29,Dulani Jayasuriya
SH-008660,SR-26-02109,Approved,In Progress,2026-07-30,Dulani Jayasuriya
SH-008661,SR-26-02109,In Progress,QC,2026-07-31,Dulani Jayasuriya
SH-008662,SR-26-02109,QC,Completed,2026-07-31,Dulani Jayasuriya
SH-008663,SR-26-02110,Submitted,Approved,2026-07-30,Hiruni Gunasekara
SH-008664,SR-26-02110,Approved,In Progress,2026-07-31,Hiruni Gunasekara
SH-008665,SR-26-02110,In Progress,QC,2026-07-31,Hiruni Gunasekara
SH-008666,SR-26-02110,QC,Completed,2026-08-01,Hiruni Gunasekara
SH-008667,SR-26-02111,Submitted,Approved,2026-07-29,Nethmi Perera
SH-008668,SR-26-02111,Approved,In Progress,2026-07-29,Nethmi Perera
SH-008669,SR-26-02111,In Progress,QC,2026-07-30,Nethmi Perera
SH-008670,SR-26-02111,QC,Completed,2026-07-30,Nethmi Perera
SH-008671,SR-26-02112,Submitted,Approved,2026-07-30,Hiruni Gunasekara
SH-008672,SR-26-02112,Approved,In Progress,2026-07-31,Hiruni Gunasekara
SH-008673,SR-26-02112,In Progress,QC,2026-08-01,Hiruni Gunasekara
SH-008674,SR-26-02112,QC,Completed,2026-08-02,Hiruni Gunasekara
SH-008675,SR-26-02113,Submitted,Approved,2026-07-31,Kavindu Fernando
SH-008676,SR-26-02113,Approved,In Progress,2026-08-01,Kavindu Fernando
SH-008677,SR-26-02113,In Progress,QC,2026-08-02,Kavindu Fernando
SH-008678,SR-26-02113,QC,Completed,2026-08-03,Kavindu Fernando
SH-008679,SR-26-02114,Submitted,Approved,2026-08-01,Kavindu Fernando
SH-008680,SR-26-02114,Approved,In Progress,2026-08-02,Kavindu Fernando
SH-008681,SR-26-02114,In Progress,QC,2026-08-03,Kavindu Fernando
SH-008682,SR-26-02114,QC,Completed,2026-08-05,Kavindu Fernando
SH-008683,SR-26-02115,Submitted,Approved,2026-07-30,Nethmi Perera
SH-008684,SR-26-02115,Approved,In Progress,2026-07-30,Nethmi Perera
SH-008685,SR-26-02115,In Progress,QC,2026-07-31,Nethmi Perera
SH-008686,SR-26-02115,QC,Completed,2026-07-31,Nethmi Perera
SH-008687,SR-26-02116,Submitted,Approved,2026-07-31,Dulani Jayasuriya
SH-008688,SR-26-02116,Approved,In Progress,2026-08-01,Dulani Jayasuriya
SH-008689,SR-26-02116,In Progress,QC,2026-08-01,Dulani Jayasuriya
SH-008690,SR-26-02116,QC,Completed,2026-08-02,Dulani Jayasuriya
SH-008691,SR-26-02117,Submitted,Approved,2026-08-01,Hiruni Gunasekara
SH-008692,SR-26-02117,Approved,In Progress,2026-08-02,Hiruni Gunasekara
SH-008693,SR-26-02117,In Progress,QC,2026-08-02,Hiruni Gunasekara
SH-008694,SR-26-02117,QC,Completed,2026-08-03,Hiruni Gunasekara
SH-008695,SR-26-02118,Submitted,Approved,2026-08-01,Kavindu Fernando
SH-008696,SR-26-02118,Approved,In Progress,2026-08-02,Kavindu Fernando
SH-008697,SR-26-02118,In Progress,QC,2026-08-04,Kavindu Fernando
SH-008698,SR-26-02118,QC,Completed,2026-08-05,Kavindu Fernando
SH-008699,SR-26-02119,Submitted,Approved,2026-08-01,Hiruni Gunasekara
SH-008700,SR-26-02119,Approved,In Progress,2026-08-02,Hiruni Gunasekara
SH-008701,SR-26-02119,In Progress,QC,2026-08-03,Hiruni Gunasekara
SH-008702,SR-26-02119,QC,Completed,2026-08-04,Hiruni Gunasekara
SH-008703,SR-26-02120,Submitted,Approved,2026-08-01,Nethmi Perera
SH-008704,SR-26-02120,Approved,In Progress,2026-08-02,Nethmi Perera
SH-008705,SR-26-02120,In Progress,QC,2026-08-04,Nethmi Perera
SH-008706,SR-26-02120,QC,Completed,2026-08-05,Nethmi Perera
SH-008707,SR-26-02121,Submitted,Approved,2026-08-01,Dulani Jayasuriya
SH-008708,SR-26-02121,Approved,In Progress,2026-08-02,Dulani Jayasuriya
SH-008709,SR-26-02121,In Progress,QC,2026-08-02,Dulani Jayasuriya
SH-008710,SR-26-02121,QC,Completed,2026-08-03,Dulani Jayasuriya
SH-008711,SR-26-02122,Submitted,Approved,2026-08-01,Ashen Rathnayake
SH-008712,SR-26-02122,Approved,In Progress,2026-08-02,Ashen Rathnayake
SH-008713,SR-26-02122,In Progress,QC,2026-08-04,Ashen Rathnayake
SH-008714,SR-26-02122,QC,Completed,2026-08-05,Ashen Rathnayake
SH-008715,SR-26-02123,Submitted,Approved,2026-08-01,Sachini Silva
SH-008716,SR-26-02123,Approved,In Progress,2026-08-01,Sachini Silva
SH-008717,SR-26-02123,In Progress,QC,2026-08-02,Sachini Silva
SH-008718,SR-26-02123,QC,Completed,2026-08-02,Sachini Silva
SH-008719,SR-26-02124,Submitted,Approved,2026-08-03,Hiruni Gunasekara
SH-008720,SR-26-02124,Approved,In Progress,2026-08-06,Hiruni Gunasekara
SH-008721,SR-26-02124,In Progress,QC,2026-08-09,Hiruni Gunasekara
SH-008722,SR-26-02124,QC,Completed,2026-08-11,Hiruni Gunasekara
SH-008723,SR-26-02125,Submitted,Approved,2026-08-03,Ashen Rathnayake
SH-008724,SR-26-02125,Approved,In Progress,2026-08-05,Ashen Rathnayake
SH-008725,SR-26-02125,In Progress,QC,2026-08-06,Ashen Rathnayake
SH-008726,SR-26-02125,QC,Completed,2026-08-08,Ashen Rathnayake
SH-008727,SR-26-02126,Submitted,Approved,2026-08-03,Ashen Rathnayake
SH-008728,SR-26-02126,Approved,In Progress,2026-08-05,Ashen Rathnayake
SH-008729,SR-26-02126,In Progress,QC,2026-08-07,Ashen Rathnayake
SH-008730,SR-26-02126,QC,Completed,2026-08-09,Ashen Rathnayake
SH-008731,SR-26-02127,Submitted,Approved,2026-08-02,Ashen Rathnayake
SH-008732,SR-26-02127,Approved,In Progress,2026-08-03,Ashen Rathnayake
SH-008733,SR-26-02127,In Progress,QC,2026-08-04,Ashen Rathnayake
SH-008734,SR-26-02127,QC,Rework,2026-08-05,Ashen Rathnayake
SH-008735,SR-26-02127,Rework,QC,2026-08-06,Ashen Rathnayake
SH-008736,SR-26-02127,QC,Completed,2026-08-07,Ashen Rathnayake
SH-008737,SR-26-02128,Submitted,Approved,2026-08-04,Kavindu Fernando
SH-008738,SR-26-02128,Approved,In Progress,2026-08-05,Kavindu Fernando
SH-008739,SR-26-02128,In Progress,QC,2026-08-06,Kavindu Fernando
SH-008740,SR-26-02128,QC,Completed,2026-08-07,Kavindu Fernando
SH-008741,SR-26-02129,Submitted,Approved,2026-08-05,Hiruni Gunasekara
SH-008742,SR-26-02129,Approved,In Progress,2026-08-06,Hiruni Gunasekara
SH-008743,SR-26-02129,In Progress,QC,2026-08-06,Hiruni Gunasekara
SH-008744,SR-26-02129,QC,Completed,2026-08-07,Hiruni Gunasekara
SH-008745,SR-26-02130,Submitted,Approved,2026-08-06,Kavindu Fernando
SH-008746,SR-26-02130,Approved,In Progress,2026-08-09,Kavindu Fernando
SH-008747,SR-26-02130,In Progress,QC,2026-08-12,Kavindu Fernando
SH-008748,SR-26-02130,QC,Completed,2026-08-14,Kavindu Fernando
SH-008749,SR-26-02131,Submitted,Approved,2026-08-06,Nethmi Perera
SH-008750,SR-26-02131,Approved,In Progress,2026-08-08,Nethmi Perera
SH-008751,SR-26-02131,In Progress,QC,2026-08-10,Nethmi Perera
SH-008752,SR-26-02131,QC,Completed,2026-08-12,Nethmi Perera
SH-008753,SR-26-02132,Submitted,Approved,2026-08-06,Ashen Rathnayake
SH-008754,SR-26-02132,Approved,In Progress,2026-08-08,Ashen Rathnayake
SH-008755,SR-26-02132,In Progress,QC,2026-08-09,Ashen Rathnayake
SH-008756,SR-26-02132,QC,Completed,2026-08-11,Ashen Rathnayake
SH-008757,SR-26-02133,Submitted,Approved,2026-08-05,Sachini Silva
SH-008758,SR-26-02133,Approved,In Progress,2026-08-06,Sachini Silva
SH-008759,SR-26-02133,In Progress,QC,2026-08-08,Sachini Silva
SH-008760,SR-26-02133,QC,Completed,2026-08-09,Sachini Silva
SH-008761,SR-26-02134,Submitted,Approved,2026-08-05,Kavindu Fernando
SH-008762,SR-26-02134,Approved,In Progress,2026-08-06,Kavindu Fernando
SH-008763,SR-26-02134,In Progress,QC,2026-08-07,Kavindu Fernando
SH-008764,SR-26-02134,QC,Completed,2026-08-08,Kavindu Fernando
SH-008765,SR-26-02135,Submitted,Approved,2026-08-07,Hiruni Gunasekara
SH-008766,SR-26-02135,Approved,In Progress,2026-08-09,Hiruni Gunasekara
SH-008767,SR-26-02135,In Progress,QC,2026-08-10,Hiruni Gunasekara
SH-008768,SR-26-02135,QC,Completed,2026-08-12,Hiruni Gunasekara
SH-008769,SR-26-02136,Submitted,Approved,2026-08-06,Dulani Jayasuriya
SH-008770,SR-26-02136,Approved,In Progress,2026-08-07,Dulani Jayasuriya
SH-008771,SR-26-02136,In Progress,QC,2026-08-08,Dulani Jayasuriya
SH-008772,SR-26-02136,QC,Completed,2026-08-09,Dulani Jayasuriya
SH-008773,SR-26-02137,Submitted,Approved,2026-08-07,Nethmi Perera
SH-008774,SR-26-02137,Approved,In Progress,2026-08-08,Nethmi Perera
SH-008775,SR-26-02137,In Progress,QC,2026-08-09,Nethmi Perera
SH-008776,SR-26-02137,QC,Completed,2026-08-11,Nethmi Perera
SH-008777,SR-26-02138,Submitted,Approved,2026-08-06,Kavindu Fernando
SH-008778,SR-26-02138,Approved,In Progress,2026-08-07,Kavindu Fernando
SH-008779,SR-26-02138,In Progress,QC,2026-08-08,Kavindu Fernando
SH-008780,SR-26-02138,QC,Completed,2026-08-09,Kavindu Fernando
SH-008781,SR-26-02139,Submitted,Approved,2026-08-06,Hiruni Gunasekara
SH-008782,SR-26-02139,Approved,In Progress,2026-08-07,Hiruni Gunasekara
SH-008783,SR-26-02139,In Progress,QC,2026-08-08,Hiruni Gunasekara
SH-008784,SR-26-02139,QC,Completed,2026-08-09,Hiruni Gunasekara
SH-008785,SR-26-02140,Submitted,Approved,2026-08-07,Dulani Jayasuriya
SH-008786,SR-26-02140,Approved,In Progress,2026-08-09,Dulani Jayasuriya
SH-008787,SR-26-02140,In Progress,QC,2026-08-10,Dulani Jayasuriya
SH-008788,SR-26-02140,QC,Completed,2026-08-12,Dulani Jayasuriya
SH-008789,SR-26-02141,Submitted,Approved,2026-08-06,Dulani Jayasuriya
SH-008790,SR-26-02141,Approved,In Progress,2026-08-07,Dulani Jayasuriya
SH-008791,SR-26-02141,In Progress,QC,2026-08-08,Dulani Jayasuriya
SH-008792,SR-26-02141,QC,Completed,2026-08-09,Dulani Jayasuriya
SH-008793,SR-26-02142,Submitted,Approved,2026-08-08,Dulani Jayasuriya
SH-008794,SR-26-02142,Approved,In Progress,2026-08-11,Dulani Jayasuriya
SH-008795,SR-26-02142,In Progress,QC,2026-08-14,Dulani Jayasuriya
SH-008796,SR-26-02142,QC,Completed,2026-08-16,Dulani Jayasuriya
SH-008797,SR-26-02143,Submitted,Approved,2026-08-07,Hiruni Gunasekara
SH-008798,SR-26-02143,Approved,In Progress,2026-08-08,Hiruni Gunasekara
SH-008799,SR-26-02143,In Progress,QC,2026-08-09,Hiruni Gunasekara
SH-008800,SR-26-02143,QC,Completed,2026-08-10,Hiruni Gunasekara
SH-008801,SR-26-02144,Submitted,Approved,2026-08-08,Nethmi Perera
SH-008802,SR-26-02144,Approved,In Progress,2026-08-10,Nethmi Perera
SH-008803,SR-26-02144,In Progress,QC,2026-08-13,Nethmi Perera
SH-008804,SR-26-02144,QC,Completed,2026-08-15,Nethmi Perera
SH-008805,SR-26-02145,Submitted,Approved,2026-08-06,Dulani Jayasuriya
SH-008806,SR-26-02145,Approved,In Progress,2026-08-07,Dulani Jayasuriya
SH-008807,SR-26-02145,In Progress,QC,2026-08-08,Dulani Jayasuriya
SH-008808,SR-26-02145,QC,Completed,2026-08-08,Dulani Jayasuriya
SH-008809,SR-26-02146,Submitted,Approved,2026-08-07,Kavindu Fernando
SH-008810,SR-26-02146,Approved,In Progress,2026-08-08,Kavindu Fernando
SH-008811,SR-26-02146,In Progress,QC,2026-08-09,Kavindu Fernando
SH-008812,SR-26-02146,QC,Completed,2026-08-10,Kavindu Fernando
SH-008813,SR-26-02147,Submitted,Approved,2026-08-08,Nethmi Perera
SH-008814,SR-26-02147,Approved,In Progress,2026-08-11,Nethmi Perera
SH-008815,SR-26-02147,In Progress,QC,2026-08-14,Nethmi Perera
SH-008816,SR-26-02147,QC,Completed,2026-08-16,Nethmi Perera
SH-008817,SR-26-02148,Submitted,Approved,2026-08-07,Hiruni Gunasekara
SH-008818,SR-26-02148,Approved,In Progress,2026-08-08,Hiruni Gunasekara
SH-008819,SR-26-02148,In Progress,QC,2026-08-10,Hiruni Gunasekara
SH-008820,SR-26-02148,QC,Completed,2026-08-11,Hiruni Gunasekara
SH-008821,SR-26-02149,Submitted,Approved,2026-08-08,Dulani Jayasuriya
SH-008822,SR-26-02149,Approved,In Progress,2026-08-09,Dulani Jayasuriya
SH-008823,SR-26-02149,In Progress,QC,2026-08-10,Dulani Jayasuriya
SH-008824,SR-26-02149,QC,Completed,2026-08-11,Dulani Jayasuriya
SH-008825,SR-26-02150,Submitted,Approved,2026-08-08,Dulani Jayasuriya
SH-008826,SR-26-02150,Approved,In Progress,2026-08-09,Dulani Jayasuriya
SH-008827,SR-26-02150,In Progress,QC,2026-08-09,Dulani Jayasuriya
SH-008828,SR-26-02150,QC,Completed,2026-08-10,Dulani Jayasuriya
SH-008829,SR-26-02151,Submitted,Approved,2026-08-07,Dulani Jayasuriya
SH-008830,SR-26-02151,Approved,In Progress,2026-08-08,Dulani Jayasuriya
SH-008831,SR-26-02151,In Progress,QC,2026-08-09,Dulani Jayasuriya
SH-008832,SR-26-02151,QC,Completed,2026-08-09,Dulani Jayasuriya
SH-008833,SR-26-02152,Submitted,Approved,2026-08-09,Kavindu Fernando
SH-008834,SR-26-02152,Approved,In Progress,2026-08-10,Kavindu Fernando
SH-008835,SR-26-02152,In Progress,QC,2026-08-11,Kavindu Fernando
SH-008836,SR-26-02152,QC,Completed,2026-08-12,Kavindu Fernando
SH-008837,SR-26-02153,Submitted,Approved,2026-08-08,Hiruni Gunasekara
SH-008838,SR-26-02153,Approved,In Progress,2026-08-09,Hiruni Gunasekara
SH-008839,SR-26-02153,In Progress,QC,2026-08-10,Hiruni Gunasekara
SH-008840,SR-26-02153,QC,Completed,2026-08-10,Hiruni Gunasekara
SH-008841,SR-26-02154,Submitted,Approved,2026-08-10,Hiruni Gunasekara
SH-008842,SR-26-02154,Approved,In Progress,2026-08-12,Hiruni Gunasekara
SH-008843,SR-26-02154,In Progress,QC,2026-08-13,Hiruni Gunasekara
SH-008844,SR-26-02154,QC,Completed,2026-08-15,Hiruni Gunasekara
SH-008845,SR-26-02155,Submitted,Approved,2026-08-10,Kavindu Fernando
SH-008846,SR-26-02155,Approved,In Progress,2026-08-12,Kavindu Fernando
SH-008847,SR-26-02155,In Progress,QC,2026-08-15,Kavindu Fernando
SH-008848,SR-26-02155,QC,Completed,2026-08-17,Kavindu Fernando
SH-008849,SR-26-02156,Submitted,Approved,2026-08-10,Dulani Jayasuriya
SH-008850,SR-26-02156,Approved,In Progress,2026-08-11,Dulani Jayasuriya
SH-008851,SR-26-02156,In Progress,QC,2026-08-13,Dulani Jayasuriya
SH-008852,SR-26-02156,QC,Rework,2026-08-15,Dulani Jayasuriya
SH-008853,SR-26-02156,Rework,QC,2026-08-16,Dulani Jayasuriya
SH-008854,SR-26-02156,QC,Completed,2026-08-18,Dulani Jayasuriya
SH-008855,SR-26-02157,Submitted,Approved,2026-08-09,Nethmi Perera
SH-008856,SR-26-02157,Approved,In Progress,2026-08-10,Nethmi Perera
SH-008857,SR-26-02157,In Progress,QC,2026-08-10,Nethmi Perera
SH-008858,SR-26-02157,QC,Completed,2026-08-11,Nethmi Perera
SH-008859,SR-26-02158,Submitted,Approved,2026-08-12,Kavindu Fernando
SH-008860,SR-26-02158,Approved,In Progress,2026-08-14,Kavindu Fernando
SH-008861,SR-26-02158,In Progress,QC,2026-08-17,Kavindu Fernando
SH-008862,SR-26-02158,QC,Completed,2026-08-19,Kavindu Fernando
SH-008863,SR-26-02159,Submitted,Approved,2026-08-11,Nethmi Perera
SH-008864,SR-26-02159,Approved,In Progress,2026-08-12,Nethmi Perera
SH-008865,SR-26-02159,In Progress,QC,2026-08-12,Nethmi Perera
SH-008866,SR-26-02159,QC,Completed,2026-08-13,Nethmi Perera
SH-008867,SR-26-02160,Submitted,Approved,2026-08-11,Sachini Silva
SH-008868,SR-26-02160,Approved,In Progress,2026-08-12,Sachini Silva
SH-008869,SR-26-02160,In Progress,QC,2026-08-13,Sachini Silva
SH-008870,SR-26-02160,QC,Completed,2026-08-14,Sachini Silva
SH-008871,SR-26-02161,Submitted,Approved,2026-08-12,Nethmi Perera
SH-008872,SR-26-02161,Approved,In Progress,2026-08-13,Nethmi Perera
SH-008873,SR-26-02161,In Progress,QC,2026-08-15,Nethmi Perera
SH-008874,SR-26-02161,QC,Completed,2026-08-16,Nethmi Perera
SH-008875,SR-26-02162,Submitted,Approved,2026-08-13,Hiruni Gunasekara
SH-008876,SR-26-02162,Approved,In Progress,2026-08-15,Hiruni Gunasekara
SH-008877,SR-26-02162,In Progress,QC,2026-08-17,Hiruni Gunasekara
SH-008878,SR-26-02162,QC,Completed,2026-08-19,Hiruni Gunasekara
SH-008879,SR-26-02163,Submitted,Approved,2026-08-12,Ashen Rathnayake
SH-008880,SR-26-02163,Approved,In Progress,2026-08-13,Ashen Rathnayake
SH-008881,SR-26-02163,In Progress,QC,2026-08-14,Ashen Rathnayake
SH-008882,SR-26-02163,QC,Completed,2026-08-15,Ashen Rathnayake
SH-008883,SR-26-02164,Submitted,Approved,2026-08-13,Hiruni Gunasekara
SH-008884,SR-26-02164,Approved,In Progress,2026-08-15,Hiruni Gunasekara
SH-008885,SR-26-02164,In Progress,QC,2026-08-16,Hiruni Gunasekara
SH-008886,SR-26-02164,QC,Completed,2026-08-18,Hiruni Gunasekara
SH-008887,SR-26-02165,Submitted,Approved,2026-08-13,Dulani Jayasuriya
SH-008888,SR-26-02165,Approved,In Progress,2026-08-15,Dulani Jayasuriya
SH-008889,SR-26-02165,In Progress,QC,2026-08-18,Dulani Jayasuriya
SH-008890,SR-26-02165,QC,Completed,2026-08-20,Dulani Jayasuriya
SH-008891,SR-26-02166,Submitted,Approved,2026-08-13,Hiruni Gunasekara
SH-008892,SR-26-02166,Approved,In Progress,2026-08-14,Hiruni Gunasekara
SH-008893,SR-26-02166,In Progress,QC,2026-08-16,Hiruni Gunasekara
SH-008894,SR-26-02166,QC,Completed,2026-08-17,Hiruni Gunasekara
SH-008895,SR-26-02167,Submitted,Approved,2026-08-13,Hiruni Gunasekara
SH-008896,SR-26-02167,Approved,In Progress,2026-08-14,Hiruni Gunasekara
SH-008897,SR-26-02167,In Progress,QC,2026-08-16,Hiruni Gunasekara
SH-008898,SR-26-02167,QC,Completed,2026-08-17,Hiruni Gunasekara
SH-008899,SR-26-02168,Submitted,Approved,2026-08-14,Hiruni Gunasekara
SH-008900,SR-26-02168,Approved,In Progress,2026-08-15,Hiruni Gunasekara
SH-008901,SR-26-02168,In Progress,QC,2026-08-16,Hiruni Gunasekara
SH-008902,SR-26-02168,QC,Completed,2026-08-18,Hiruni Gunasekara
SH-008903,SR-26-02169,Submitted,Approved,2026-08-14,Kavindu Fernando
SH-008904,SR-26-02169,Approved,In Progress,2026-08-15,Kavindu Fernando
SH-008905,SR-26-02169,In Progress,QC,2026-08-17,Kavindu Fernando
SH-008906,SR-26-02169,QC,Completed,2026-08-18,Kavindu Fernando
SH-008907,SR-26-02170,Submitted,Approved,2026-08-14,Hiruni Gunasekara
SH-008908,SR-26-02170,Approved,In Progress,2026-08-15,Hiruni Gunasekara
SH-008909,SR-26-02170,In Progress,QC,2026-08-15,Hiruni Gunasekara
SH-008910,SR-26-02170,QC,Completed,2026-08-16,Hiruni Gunasekara
SH-008911,SR-26-02171,Submitted,Approved,2026-08-13,Ashen Rathnayake
SH-008912,SR-26-02171,Approved,In Progress,2026-08-14,Ashen Rathnayake
SH-008913,SR-26-02171,In Progress,QC,2026-08-15,Ashen Rathnayake
SH-008914,SR-26-02171,QC,Completed,2026-08-15,Ashen Rathnayake
SH-008915,SR-26-02172,Submitted,Approved,2026-08-15,Ashen Rathnayake
SH-008916,SR-26-02172,Approved,In Progress,2026-08-17,Ashen Rathnayake
SH-008917,SR-26-02172,In Progress,QC,2026-08-18,Ashen Rathnayake
SH-008918,SR-26-02172,QC,Completed,2026-08-20,Ashen Rathnayake
SH-008919,SR-26-02173,Submitted,Approved,2026-08-14,Ashen Rathnayake
SH-008920,SR-26-02173,Approved,In Progress,2026-08-15,Ashen Rathnayake
SH-008921,SR-26-02173,In Progress,QC,2026-08-16,Ashen Rathnayake
SH-008922,SR-26-02173,QC,Completed,2026-08-17,Ashen Rathnayake
SH-008923,SR-26-02174,Submitted,Approved,2026-08-16,Kavindu Fernando
SH-008924,SR-26-02174,Approved,In Progress,2026-08-18,Kavindu Fernando
SH-008925,SR-26-02174,In Progress,QC,2026-08-20,Kavindu Fernando
SH-008926,SR-26-02174,QC,Completed,2026-08-22,Kavindu Fernando
SH-008927,SR-26-02175,Submitted,Approved,2026-08-16,Sachini Silva
SH-008928,SR-26-02175,Approved,In Progress,2026-08-17,Sachini Silva
SH-008929,SR-26-02175,In Progress,QC,2026-08-18,Sachini Silva
SH-008930,SR-26-02175,QC,Completed,2026-08-20,Sachini Silva
SH-008931,SR-26-02176,Submitted,Approved,2026-08-16,Nethmi Perera
SH-008932,SR-26-02176,Approved,In Progress,2026-08-18,Nethmi Perera
SH-008933,SR-26-02176,In Progress,QC,2026-08-21,Nethmi Perera
SH-008934,SR-26-02176,QC,Completed,2026-08-23,Nethmi Perera
SH-008935,SR-26-02177,Submitted,Approved,2026-08-15,Sachini Silva
SH-008936,SR-26-02177,Approved,In Progress,2026-08-16,Sachini Silva
SH-008937,SR-26-02177,In Progress,QC,2026-08-17,Sachini Silva
SH-008938,SR-26-02177,QC,Completed,2026-08-18,Sachini Silva
SH-008939,SR-26-02178,Submitted,Approved,2026-08-16,Dulani Jayasuriya
SH-008940,SR-26-02178,Approved,In Progress,2026-08-18,Dulani Jayasuriya
SH-008941,SR-26-02178,In Progress,QC,2026-08-20,Dulani Jayasuriya
SH-008942,SR-26-02178,QC,Rework,2026-08-21,Dulani Jayasuriya
SH-008943,SR-26-02178,Rework,QC,2026-08-23,Dulani Jayasuriya
SH-008944,SR-26-02178,QC,Completed,2026-08-25,Dulani Jayasuriya
SH-008945,SR-26-02179,Submitted,Approved,2026-08-17,Hiruni Gunasekara
SH-008946,SR-26-02179,Approved,In Progress,2026-08-20,Hiruni Gunasekara
SH-008947,SR-26-02179,In Progress,QC,2026-08-22,Hiruni Gunasekara
SH-008948,SR-26-02179,QC,Completed,2026-08-25,Hiruni Gunasekara
SH-008949,SR-26-02180,Submitted,Approved,2026-08-16,Nethmi Perera
SH-008950,SR-26-02180,Approved,In Progress,2026-08-18,Nethmi Perera
SH-008951,SR-26-02180,In Progress,QC,2026-08-20,Nethmi Perera
SH-008952,SR-26-02180,QC,Completed,2026-08-22,Nethmi Perera
SH-008953,SR-26-02181,Submitted,Approved,2026-08-16,Kavindu Fernando
SH-008954,SR-26-02181,Approved,In Progress,2026-08-18,Kavindu Fernando
SH-008955,SR-26-02181,In Progress,QC,2026-08-19,Kavindu Fernando
SH-008956,SR-26-02181,QC,Completed,2026-08-21,Kavindu Fernando
SH-008957,SR-26-02182,Submitted,Approved,2026-08-16,Nethmi Perera
SH-008958,SR-26-02182,Approved,In Progress,2026-08-17,Nethmi Perera
SH-008959,SR-26-02182,In Progress,QC,2026-08-18,Nethmi Perera
SH-008960,SR-26-02182,QC,Completed,2026-08-19,Nethmi Perera
SH-008961,SR-26-02183,Submitted,Approved,2026-08-20,Sachini Silva
SH-008962,SR-26-02183,Approved,In Progress,2026-08-23,Sachini Silva
SH-008963,SR-26-02183,In Progress,QC,2026-08-25,Sachini Silva
SH-008964,SR-26-02183,QC,Completed,2026-08-28,Sachini Silva
SH-008965,SR-26-02184,Submitted,Approved,2026-08-19,Dulani Jayasuriya
SH-008966,SR-26-02184,Approved,In Progress,2026-08-21,Dulani Jayasuriya
SH-008967,SR-26-02184,In Progress,QC,2026-08-24,Dulani Jayasuriya
SH-008968,SR-26-02184,QC,Completed,2026-08-26,Dulani Jayasuriya
SH-008969,SR-26-02185,Submitted,Approved,2026-08-18,Dulani Jayasuriya
SH-008970,SR-26-02185,Approved,In Progress,2026-08-19,Dulani Jayasuriya
SH-008971,SR-26-02185,In Progress,QC,2026-08-21,Dulani Jayasuriya
SH-008972,SR-26-02185,QC,Completed,2026-08-22,Dulani Jayasuriya
SH-008973,SR-26-02186,Submitted,Approved,2026-08-19,Nethmi Perera
SH-008974,SR-26-02186,Approved,In Progress,2026-08-21,Nethmi Perera
SH-008975,SR-26-02186,In Progress,QC,2026-08-22,Nethmi Perera
SH-008976,SR-26-02186,QC,Completed,2026-08-24,Nethmi Perera
SH-008977,SR-26-02187,Submitted,Approved,2026-08-19,Nethmi Perera
SH-008978,SR-26-02187,Approved,In Progress,2026-08-21,Nethmi Perera
SH-008979,SR-26-02187,In Progress,QC,2026-08-23,Nethmi Perera
SH-008980,SR-26-02187,QC,Completed,2026-08-25,Nethmi Perera
SH-008981,SR-26-02188,Submitted,Approved,2026-08-20,Kavindu Fernando
SH-008982,SR-26-02188,Approved,In Progress,2026-08-22,Kavindu Fernando
SH-008983,SR-26-02188,In Progress,QC,2026-08-25,Kavindu Fernando
SH-008984,SR-26-02188,QC,Completed,2026-08-27,Kavindu Fernando
SH-008985,SR-26-02189,Submitted,Approved,2026-08-20,Hiruni Gunasekara
SH-008986,SR-26-02189,Approved,In Progress,2026-08-21,Hiruni Gunasekara
SH-008987,SR-26-02189,In Progress,QC,2026-08-22,Hiruni Gunasekara
SH-008988,SR-26-02189,QC,Completed,2026-08-24,Hiruni Gunasekara
SH-008989,SR-26-02190,Submitted,Approved,2026-08-19,Hiruni Gunasekara
SH-008990,SR-26-02190,Approved,In Progress,2026-08-20,Hiruni Gunasekara
SH-008991,SR-26-02190,In Progress,QC,2026-08-20,Hiruni Gunasekara
SH-008992,SR-26-02190,QC,Completed,2026-08-21,Hiruni Gunasekara
SH-008993,SR-26-02191,Submitted,Approved,2026-08-19,Dulani Jayasuriya
SH-008994,SR-26-02191,Approved,In Progress,2026-08-20,Dulani Jayasuriya
SH-008995,SR-26-02191,In Progress,QC,2026-08-21,Dulani Jayasuriya
SH-008996,SR-26-02191,QC,Completed,2026-08-22,Dulani Jayasuriya
SH-008997,SR-26-02192,Submitted,Approved,2026-08-19,Hiruni Gunasekara
SH-008998,SR-26-02192,Approved,In Progress,2026-08-20,Hiruni Gunasekara
SH-008999,SR-26-02192,In Progress,QC,2026-08-20,Hiruni Gunasekara
SH-009000,SR-26-02192,QC,Completed,2026-08-21,Hiruni Gunasekara
SH-009001,SR-26-02193,Submitted,Approved,2026-08-21,Sachini Silva
SH-009002,SR-26-02193,Approved,In Progress,2026-08-23,Sachini Silva
SH-009003,SR-26-02193,In Progress,QC,2026-08-24,Sachini Silva
SH-009004,SR-26-02193,QC,Completed,2026-08-26,Sachini Silva
SH-009005,SR-26-02194,Submitted,Approved,2026-08-20,Dulani Jayasuriya
SH-009006,SR-26-02194,Approved,In Progress,2026-08-22,Dulani Jayasuriya
SH-009007,SR-26-02194,In Progress,QC,2026-08-23,Dulani Jayasuriya
SH-009008,SR-26-02194,QC,Rework,2026-08-24,Dulani Jayasuriya
SH-009009,SR-26-02194,Rework,QC,2026-08-26,Dulani Jayasuriya
SH-009010,SR-26-02194,QC,Completed,2026-08-27,Dulani Jayasuriya
SH-009011,SR-26-02195,Submitted,Approved,2026-08-21,Ashen Rathnayake
SH-009012,SR-26-02195,Approved,In Progress,2026-08-22,Ashen Rathnayake
SH-009013,SR-26-02195,In Progress,QC,2026-08-23,Ashen Rathnayake
SH-009014,SR-26-02195,QC,Completed,2026-08-25,Ashen Rathnayake
SH-009015,SR-26-02196,Submitted,Approved,2026-08-20,Nethmi Perera
SH-009016,SR-26-02196,Approved,In Progress,2026-08-21,Nethmi Perera
SH-009017,SR-26-02196,In Progress,QC,2026-08-21,Nethmi Perera
SH-009018,SR-26-02196,QC,Completed,2026-08-22,Nethmi Perera
SH-009019,SR-26-02197,Submitted,Approved,2026-08-20,Nethmi Perera
SH-009020,SR-26-02197,Approved,In Progress,2026-08-21,Nethmi Perera
SH-009021,SR-26-02197,In Progress,QC,2026-08-23,Nethmi Perera
SH-009022,SR-26-02197,QC,Completed,2026-08-24,Nethmi Perera
SH-009023,SR-26-02198,Submitted,Approved,2026-08-22,Sachini Silva
SH-009024,SR-26-02198,Approved,In Progress,2026-08-24,Sachini Silva
SH-009025,SR-26-02198,In Progress,QC,2026-08-26,Sachini Silva
SH-009026,SR-26-02198,QC,Completed,2026-08-28,Sachini Silva
SH-009027,SR-26-02199,Submitted,Approved,2026-08-21,Hiruni Gunasekara
SH-009028,SR-26-02199,Approved,In Progress,2026-08-22,Hiruni Gunasekara
SH-009029,SR-26-02199,In Progress,QC,2026-08-22,Hiruni Gunasekara
SH-009030,SR-26-02199,QC,Completed,2026-08-23,Hiruni Gunasekara
SH-009031,SR-26-02200,Submitted,Approved,2026-08-21,Dulani Jayasuriya
SH-009032,SR-26-02200,Approved,In Progress,2026-08-22,Dulani Jayasuriya
SH-009033,SR-26-02200,In Progress,QC,2026-08-24,Dulani Jayasuriya
SH-009034,SR-26-02200,QC,Completed,2026-08-25,Dulani Jayasuriya
SH-009035,SR-26-02201,Submitted,Approved,2026-08-22,Ashen Rathnayake
SH-009036,SR-26-02201,Approved,In Progress,2026-08-23,Ashen Rathnayake
SH-009037,SR-26-02201,In Progress,QC,2026-08-24,Ashen Rathnayake
SH-009038,SR-26-02201,QC,Completed,2026-08-26,Ashen Rathnayake
SH-009039,SR-26-02202,Submitted,Approved,2026-08-21,Ashen Rathnayake
SH-009040,SR-26-02202,Approved,In Progress,2026-08-22,Ashen Rathnayake
SH-009041,SR-26-02202,In Progress,QC,2026-08-24,Ashen Rathnayake
SH-009042,SR-26-02202,QC,Completed,2026-08-25,Ashen Rathnayake
SH-009043,SR-26-02203,Submitted,Approved,2026-08-21,Hiruni Gunasekara
SH-009044,SR-26-02203,Approved,In Progress,2026-08-22,Hiruni Gunasekara
SH-009045,SR-26-02203,In Progress,QC,2026-08-24,Hiruni Gunasekara
SH-009046,SR-26-02203,QC,Completed,2026-08-25,Hiruni Gunasekara
SH-009047,SR-26-02204,Submitted,Approved,2026-08-22,Hiruni Gunasekara
SH-009048,SR-26-02204,Approved,In Progress,2026-08-23,Hiruni Gunasekara
SH-009049,SR-26-02204,In Progress,QC,2026-08-24,Hiruni Gunasekara
SH-009050,SR-26-02204,QC,Completed,2026-08-25,Hiruni Gunasekara
SH-009051,SR-26-02205,Submitted,Approved,2026-08-23,Hiruni Gunasekara
SH-009052,SR-26-02205,Approved,In Progress,2026-08-25,Hiruni Gunasekara
SH-009053,SR-26-02205,In Progress,QC,2026-08-26,Hiruni Gunasekara
SH-009054,SR-26-02205,QC,Completed,2026-08-28,Hiruni Gunasekara
SH-009055,SR-26-02206,Submitted,Approved,2026-08-23,Dulani Jayasuriya
SH-009056,SR-26-02206,Approved,In Progress,2026-08-25,Dulani Jayasuriya
SH-009057,SR-26-02206,In Progress,QC,2026-08-26,Dulani Jayasuriya
SH-009058,SR-26-02206,QC,Completed,2026-08-28,Dulani Jayasuriya
SH-009059,SR-26-02207,Submitted,Approved,2026-08-23,Hiruni Gunasekara
SH-009060,SR-26-02207,Approved,In Progress,2026-08-24,Hiruni Gunasekara
SH-009061,SR-26-02207,In Progress,QC,2026-08-25,Hiruni Gunasekara
SH-009062,SR-26-02207,QC,Completed,2026-08-27,Hiruni Gunasekara
SH-009063,SR-26-02208,Submitted,Approved,2026-08-24,Hiruni Gunasekara
SH-009064,SR-26-02208,Approved,In Progress,2026-08-27,Hiruni Gunasekara
SH-009065,SR-26-02208,In Progress,QC,2026-08-30,Hiruni Gunasekara
SH-009066,SR-26-02208,QC,Completed,2026-09-01,Hiruni Gunasekara
SH-009067,SR-26-02209,Submitted,Approved,2026-08-23,Ashen Rathnayake
SH-009068,SR-26-02209,Approved,In Progress,2026-08-24,Ashen Rathnayake
SH-009069,SR-26-02209,In Progress,QC,2026-08-24,Ashen Rathnayake
SH-009070,SR-26-02209,QC,Completed,2026-08-25,Ashen Rathnayake
SH-009071,SR-26-02210,Submitted,Approved,2026-08-23,Hiruni Gunasekara
SH-009072,SR-26-02210,Approved,In Progress,2026-08-24,Hiruni Gunasekara
SH-009073,SR-26-02210,In Progress,QC,2026-08-26,Hiruni Gunasekara
SH-009074,SR-26-02210,QC,Completed,2026-08-27,Hiruni Gunasekara
SH-009075,SR-26-02211,Submitted,Approved,2026-08-22,Dulani Jayasuriya
SH-009076,SR-26-02211,Approved,In Progress,2026-08-23,Dulani Jayasuriya
SH-009077,SR-26-02211,In Progress,QC,2026-08-24,Dulani Jayasuriya
SH-009078,SR-26-02211,QC,Completed,2026-08-24,Dulani Jayasuriya
SH-009079,SR-26-02212,Submitted,Approved,2026-08-23,Sachini Silva
SH-009080,SR-26-02212,Approved,In Progress,2026-08-24,Sachini Silva
SH-009081,SR-26-02212,In Progress,QC,2026-08-25,Sachini Silva
SH-009082,SR-26-02212,QC,Completed,2026-08-26,Sachini Silva
SH-009083,SR-26-02213,Submitted,Approved,2026-08-24,Sachini Silva
SH-009084,SR-26-02213,Approved,In Progress,2026-08-25,Sachini Silva
SH-009085,SR-26-02213,In Progress,QC,2026-08-26,Sachini Silva
SH-009086,SR-26-02213,QC,Completed,2026-08-28,Sachini Silva
SH-009087,SR-26-02214,Submitted,Approved,2026-08-24,Sachini Silva
SH-009088,SR-26-02214,Approved,In Progress,2026-08-26,Sachini Silva
SH-009089,SR-26-02214,In Progress,QC,2026-08-28,Sachini Silva
SH-009090,SR-26-02214,QC,Completed,2026-08-30,Sachini Silva
SH-009091,SR-26-02215,Submitted,Approved,2026-08-24,Dulani Jayasuriya
SH-009092,SR-26-02215,Approved,In Progress,2026-08-26,Dulani Jayasuriya
SH-009093,SR-26-02215,In Progress,QC,2026-08-28,Dulani Jayasuriya
SH-009094,SR-26-02215,QC,Completed,2026-08-30,Dulani Jayasuriya
SH-009095,SR-26-02216,Submitted,Approved,2026-08-25,Sachini Silva
SH-009096,SR-26-02216,Approved,In Progress,2026-08-26,Sachini Silva
SH-009097,SR-26-02216,In Progress,QC,2026-08-26,Sachini Silva
SH-009098,SR-26-02216,QC,Completed,2026-08-27,Sachini Silva
SH-009099,SR-26-02217,Submitted,Approved,2026-08-26,Sachini Silva
SH-009100,SR-26-02217,Approved,In Progress,2026-08-28,Sachini Silva
SH-009101,SR-26-02217,In Progress,QC,2026-08-30,Sachini Silva
SH-009102,SR-26-02217,QC,Completed,2026-09-01,Sachini Silva
SH-009103,SR-26-02218,Submitted,Approved,2026-08-26,Sachini Silva
SH-009104,SR-26-02218,Approved,In Progress,2026-08-28,Sachini Silva
SH-009105,SR-26-02218,In Progress,QC,2026-08-29,Sachini Silva
SH-009106,SR-26-02218,QC,Completed,2026-08-31,Sachini Silva
SH-009107,SR-26-02219,Submitted,Approved,2026-08-26,Sachini Silva
SH-009108,SR-26-02219,Approved,In Progress,2026-08-28,Sachini Silva
SH-009109,SR-26-02219,In Progress,QC,2026-08-29,Sachini Silva
SH-009110,SR-26-02219,QC,Completed,2026-08-31,Sachini Silva
SH-009111,SR-26-02220,Submitted,Approved,2026-08-25,Ashen Rathnayake
SH-009112,SR-26-02220,Approved,In Progress,2026-08-26,Ashen Rathnayake
SH-009113,SR-26-02220,In Progress,QC,2026-08-26,Ashen Rathnayake
SH-009114,SR-26-02220,QC,Completed,2026-08-27,Ashen Rathnayake
SH-009115,SR-26-02221,Submitted,Approved,2026-08-25,Hiruni Gunasekara
SH-009116,SR-26-02221,Approved,In Progress,2026-08-26,Hiruni Gunasekara
SH-009117,SR-26-02221,In Progress,QC,2026-08-28,Hiruni Gunasekara
SH-009118,SR-26-02221,QC,Completed,2026-08-29,Hiruni Gunasekara
SH-009119,SR-26-02222,Submitted,Approved,2026-08-26,Hiruni Gunasekara
SH-009120,SR-26-02222,Approved,In Progress,2026-08-28,Hiruni Gunasekara
SH-009121,SR-26-02222,In Progress,QC,2026-08-29,Hiruni Gunasekara
SH-009122,SR-26-02222,QC,Completed,2026-08-31,Hiruni Gunasekara
SH-009123,SR-26-02223,Submitted,Approved,2026-08-26,Ashen Rathnayake
SH-009124,SR-26-02223,Approved,In Progress,2026-08-28,Ashen Rathnayake
SH-009125,SR-26-02223,In Progress,QC,2026-08-31,Ashen Rathnayake
SH-009126,SR-26-02223,QC,Completed,2026-09-02,Ashen Rathnayake
SH-009127,SR-26-02224,Submitted,Approved,2026-08-25,Kavindu Fernando
SH-009128,SR-26-02224,Approved,In Progress,2026-08-26,Kavindu Fernando
SH-009129,SR-26-02224,In Progress,QC,2026-08-27,Kavindu Fernando
SH-009130,SR-26-02224,QC,Completed,2026-08-28,Kavindu Fernando
SH-009131,SR-26-02225,Submitted,Approved,2026-08-26,Kavindu Fernando
SH-009132,SR-26-02225,Approved,In Progress,2026-08-27,Kavindu Fernando
SH-009133,SR-26-02225,In Progress,QC,2026-08-28,Kavindu Fernando
SH-009134,SR-26-02225,QC,Completed,2026-08-30,Kavindu Fernando
SH-009135,SR-26-02226,Submitted,Approved,2026-08-25,Dulani Jayasuriya
SH-009136,SR-26-02226,Approved,In Progress,2026-08-26,Dulani Jayasuriya
SH-009137,SR-26-02226,In Progress,QC,2026-08-27,Dulani Jayasuriya
SH-009138,SR-26-02226,QC,Completed,2026-08-27,Dulani Jayasuriya
SH-009139,SR-26-02227,Submitted,Approved,2026-08-27,Sachini Silva
SH-009140,SR-26-02227,Approved,In Progress,2026-08-29,Sachini Silva
SH-009141,SR-26-02227,In Progress,QC,2026-08-30,Sachini Silva
SH-009142,SR-26-02227,QC,Completed,2026-09-01,Sachini Silva
SH-009143,SR-26-02228,Submitted,Approved,2026-08-26,Sachini Silva
SH-009144,SR-26-02228,Approved,In Progress,2026-08-27,Sachini Silva
SH-009145,SR-26-02228,In Progress,QC,2026-08-29,Sachini Silva
SH-009146,SR-26-02228,QC,Completed,2026-08-30,Sachini Silva
SH-009147,SR-26-02229,Submitted,Approved,2026-08-26,Hiruni Gunasekara
SH-009148,SR-26-02229,Approved,In Progress,2026-08-27,Hiruni Gunasekara
SH-009149,SR-26-02229,In Progress,QC,2026-08-27,Hiruni Gunasekara
SH-009150,SR-26-02229,QC,Completed,2026-08-28,Hiruni Gunasekara
SH-009151,SR-26-02230,Submitted,Approved,2026-08-26,Ashen Rathnayake
SH-009152,SR-26-02230,Approved,In Progress,2026-08-27,Ashen Rathnayake
SH-009153,SR-26-02230,In Progress,QC,2026-08-27,Ashen Rathnayake
SH-009154,SR-26-02230,QC,Completed,2026-08-28,Ashen Rathnayake
SH-009155,SR-26-02231,Submitted,Approved,2026-08-27,Sachini Silva
SH-009156,SR-26-02231,Approved,In Progress,2026-08-28,Sachini Silva
SH-009157,SR-26-02231,In Progress,QC,2026-08-29,Sachini Silva
SH-009158,SR-26-02231,QC,Completed,2026-08-30,Sachini Silva
SH-009159,SR-26-02232,Submitted,Approved,2026-08-27,Ashen Rathnayake
SH-009160,SR-26-02232,Approved,In Progress,2026-08-28,Ashen Rathnayake
SH-009161,SR-26-02232,In Progress,QC,2026-08-30,Ashen Rathnayake
SH-009162,SR-26-02232,QC,Completed,2026-08-31,Ashen Rathnayake
SH-009163,SR-26-02233,Submitted,Approved,2026-08-28,Kavindu Fernando
SH-009164,SR-26-02233,Approved,In Progress,2026-08-30,Kavindu Fernando
SH-009165,SR-26-02233,In Progress,QC,2026-08-31,Kavindu Fernando
SH-009166,SR-26-02233,QC,Completed,2026-09-02,Kavindu Fernando
SH-009167,SR-26-02234,Submitted,Approved,2026-08-28,Sachini Silva
SH-009168,SR-26-02234,Approved,In Progress,2026-08-29,Sachini Silva
SH-009169,SR-26-02234,In Progress,QC,2026-08-29,Sachini Silva
SH-009170,SR-26-02234,QC,Completed,2026-08-30,Sachini Silva
SH-009171,SR-26-02235,Submitted,Approved,2026-08-29,Dulani Jayasuriya
SH-009172,SR-26-02235,Approved,In Progress,2026-08-31,Dulani Jayasuriya
SH-009173,SR-26-02235,In Progress,QC,2026-09-01,Dulani Jayasuriya
SH-009174,SR-26-02235,QC,Completed,2026-09-03,Dulani Jayasuriya
SH-009175,SR-26-02236,Submitted,Approved,2026-08-28,Sachini Silva
SH-009176,SR-26-02236,Approved,In Progress,2026-08-29,Sachini Silva
SH-009177,SR-26-02236,In Progress,QC,2026-08-31,Sachini Silva
SH-009178,SR-26-02236,QC,Rework,2026-09-01,Sachini Silva
SH-009179,SR-26-02236,Rework,QC,2026-09-02,Sachini Silva
SH-009180,SR-26-02236,QC,Completed,2026-09-03,Sachini Silva
SH-009181,SR-26-02237,Submitted,Approved,2026-08-29,Ashen Rathnayake
SH-009182,SR-26-02237,Approved,In Progress,2026-08-31,Ashen Rathnayake
SH-009183,SR-26-02237,In Progress,QC,2026-09-02,Ashen Rathnayake
SH-009184,SR-26-02237,QC,Completed,2026-09-04,Ashen Rathnayake
SH-009185,SR-26-02238,Submitted,Approved,2026-08-29,Nethmi Perera
SH-009186,SR-26-02238,Approved,In Progress,2026-08-30,Nethmi Perera
SH-009187,SR-26-02238,In Progress,QC,2026-08-31,Nethmi Perera
SH-009188,SR-26-02238,QC,Completed,2026-09-02,Nethmi Perera
SH-009189,SR-26-02239,Submitted,Approved,2026-08-27,Sachini Silva
SH-009190,SR-26-02239,Approved,In Progress,2026-08-28,Sachini Silva
SH-009191,SR-26-02239,In Progress,QC,2026-08-29,Sachini Silva
SH-009192,SR-26-02239,QC,Completed,2026-08-29,Sachini Silva
SH-009193,SR-26-02240,Submitted,Approved,2026-08-28,Hiruni Gunasekara
SH-009194,SR-26-02240,Approved,In Progress,2026-08-29,Hiruni Gunasekara
SH-009195,SR-26-02240,In Progress,QC,2026-08-30,Hiruni Gunasekara
SH-009196,SR-26-02240,QC,Completed,2026-08-31,Hiruni Gunasekara
SH-009197,SR-26-02241,Submitted,Approved,2026-08-30,Sachini Silva
SH-009198,SR-26-02241,Approved,In Progress,2026-09-02,Sachini Silva
SH-009199,SR-26-02241,In Progress,QC,2026-09-04,Sachini Silva
SH-009200,SR-26-02241,QC,Completed,2026-09-07,Sachini Silva
SH-009201,SR-26-02242,Submitted,Approved,2026-08-28,Hiruni Gunasekara
SH-009202,SR-26-02242,Approved,In Progress,2026-08-29,Hiruni Gunasekara
SH-009203,SR-26-02242,In Progress,QC,2026-08-30,Hiruni Gunasekara
SH-009204,SR-26-02242,QC,Completed,2026-08-31,Hiruni Gunasekara
SH-009205,SR-26-02243,Submitted,Approved,2026-08-28,Ashen Rathnayake
SH-009206,SR-26-02243,Approved,In Progress,2026-08-29,Ashen Rathnayake
SH-009207,SR-26-02243,In Progress,QC,2026-08-30,Ashen Rathnayake
SH-009208,SR-26-02243,QC,Completed,2026-08-31,Ashen Rathnayake
SH-009209,SR-26-02244,Submitted,Approved,2026-08-31,Kavindu Fernando
SH-009210,SR-26-02244,Approved,In Progress,2026-09-03,Kavindu Fernando
SH-009211,SR-26-02244,In Progress,QC,2026-09-05,Kavindu Fernando
SH-009212,SR-26-02244,QC,Completed,2026-09-08,Kavindu Fernando
SH-009213,SR-26-02245,Submitted,Approved,2026-08-28,Hiruni Gunasekara
SH-009214,SR-26-02245,Approved,In Progress,2026-08-29,Hiruni Gunasekara
SH-009215,SR-26-02245,In Progress,QC,2026-08-30,Hiruni Gunasekara
SH-009216,SR-26-02245,QC,Completed,2026-08-30,Hiruni Gunasekara
SH-009217,SR-26-02246,Submitted,Approved,2026-08-30,Kavindu Fernando
SH-009218,SR-26-02246,Approved,In Progress,2026-09-01,Kavindu Fernando
SH-009219,SR-26-02246,In Progress,QC,2026-09-04,Kavindu Fernando
SH-009220,SR-26-02246,QC,Completed,2026-09-06,Kavindu Fernando
SH-009221,SR-26-02247,Submitted,Approved,2026-08-30,Hiruni Gunasekara
SH-009222,SR-26-02247,Approved,In Progress,2026-09-01,Hiruni Gunasekara
SH-009223,SR-26-02247,In Progress,QC,2026-09-04,Hiruni Gunasekara
SH-009224,SR-26-02247,QC,Completed,2026-09-06,Hiruni Gunasekara
SH-009225,SR-26-02248,Submitted,Approved,2026-08-30,Sachini Silva
SH-009226,SR-26-02248,Approved,In Progress,2026-08-31,Sachini Silva
SH-009227,SR-26-02248,In Progress,QC,2026-08-31,Sachini Silva
SH-009228,SR-26-02248,QC,Completed,2026-09-01,Sachini Silva
SH-009229,SR-26-02249,Submitted,Approved,2026-08-29,Kavindu Fernando
SH-009230,SR-26-02249,Approved,In Progress,2026-08-29,Kavindu Fernando
SH-009231,SR-26-02249,In Progress,QC,2026-08-30,Kavindu Fernando
SH-009232,SR-26-02249,QC,Completed,2026-08-30,Kavindu Fernando
SH-009233,SR-26-02250,Submitted,Approved,2026-08-31,Kavindu Fernando
SH-009234,SR-26-02250,Approved,In Progress,2026-09-03,Kavindu Fernando
SH-009235,SR-26-02250,In Progress,QC,2026-09-06,Kavindu Fernando
SH-009236,SR-26-02250,QC,Completed,2026-09-08,Kavindu Fernando
SH-009237,SR-26-02251,Submitted,Approved,2026-09-03,Nethmi Perera
SH-009238,SR-26-02251,Approved,In Progress,2026-09-08,Nethmi Perera
SH-009239,SR-26-02251,In Progress,QC,2026-09-12,Nethmi Perera
SH-009240,SR-26-02251,QC,Completed,2026-09-17,Nethmi Perera
SH-009241,SR-26-02252,Submitted,Approved,2026-09-06,Sachini Silva
SH-009242,SR-26-02252,Approved,In Progress,2026-09-12,Sachini Silva
SH-009243,SR-26-02252,In Progress,QC,2026-09-17,Sachini Silva
SH-009244,SR-26-02252,QC,Completed,2026-09-23,Sachini Silva
SH-009245,SR-26-02253,Submitted,Approved,2026-09-01,Kavindu Fernando
SH-009246,SR-26-02253,Approved,In Progress,2026-09-02,Kavindu Fernando
SH-009247,SR-26-02253,In Progress,QC,2026-09-03,Kavindu Fernando
SH-009248,SR-26-02253,QC,Completed,2026-09-04,Kavindu Fernando
SH-009249,SR-26-02254,Submitted,Approved,2026-09-03,Ashen Rathnayake
SH-009250,SR-26-02254,Approved,In Progress,2026-09-06,Ashen Rathnayake
SH-009251,SR-26-02254,In Progress,QC,2026-09-08,Ashen Rathnayake
SH-009252,SR-26-02254,QC,Completed,2026-09-11,Ashen Rathnayake
SH-009253,SR-26-02255,Submitted,Approved,2026-09-06,Hiruni Gunasekara
SH-009254,SR-26-02255,Approved,In Progress,2026-09-12,Hiruni Gunasekara
SH-009255,SR-26-02255,In Progress,QC,2026-09-17,Hiruni Gunasekara
SH-009256,SR-26-02255,QC,Completed,2026-09-23,Hiruni Gunasekara
SH-009257,SR-26-02256,Submitted,Approved,2026-09-03,Kavindu Fernando
SH-009258,SR-26-02256,Approved,In Progress,2026-09-05,Kavindu Fernando
SH-009259,SR-26-02256,In Progress,QC,2026-09-06,Kavindu Fernando
SH-009260,SR-26-02256,QC,Completed,2026-09-08,Kavindu Fernando
SH-009261,SR-26-02257,Submitted,Approved,2026-09-08,Nethmi Perera
SH-009262,SR-26-02257,Approved,In Progress,2026-09-15,Nethmi Perera
SH-009263,SR-26-02257,In Progress,QC,2026-09-21,Nethmi Perera
SH-009264,SR-26-02257,QC,Completed,2026-09-28,Nethmi Perera
SH-009265,SR-26-02258,Submitted,Approved,2026-09-05,Hiruni Gunasekara
SH-009266,SR-26-02258,Approved,In Progress,2026-09-10,Hiruni Gunasekara
SH-009267,SR-26-02258,In Progress,QC,2026-09-15,Hiruni Gunasekara
SH-009268,SR-26-02258,QC,Completed,2026-09-19,Hiruni Gunasekara
SH-009269,SR-26-02259,Submitted,Approved,2026-09-05,Kavindu Fernando
SH-009270,SR-26-02259,Approved,In Progress,2026-09-10,Kavindu Fernando
SH-009271,SR-26-02259,In Progress,QC,2026-09-14,Kavindu Fernando
SH-009272,SR-26-02259,QC,Rework,2026-09-18,Kavindu Fernando
SH-009273,SR-26-02259,Rework,QC,2026-09-23,Kavindu Fernando
SH-009274,SR-26-02259,QC,Completed,2026-09-27,Kavindu Fernando
SH-009275,SR-26-02260,Submitted,Approved,2026-09-03,Hiruni Gunasekara
SH-009276,SR-26-02260,Approved,In Progress,2026-09-04,Hiruni Gunasekara
SH-009277,SR-26-02260,In Progress,QC,2026-09-05,Hiruni Gunasekara
SH-009278,SR-26-02260,QC,Completed,2026-09-07,Hiruni Gunasekara
SH-009279,SR-26-02261,Submitted,Approved,2026-09-04,Sachini Silva
SH-009280,SR-26-02261,Approved,In Progress,2026-09-06,Sachini Silva
SH-009281,SR-26-02261,In Progress,QC,2026-09-08,Sachini Silva
SH-009282,SR-26-02261,QC,Completed,2026-09-10,Sachini Silva
SH-009283,SR-26-02262,Submitted,Approved,2026-09-04,Nethmi Perera
SH-009284,SR-26-02262,Approved,In Progress,2026-09-06,Nethmi Perera
SH-009285,SR-26-02262,In Progress,QC,2026-09-07,Nethmi Perera
SH-009286,SR-26-02262,QC,Completed,2026-09-09,Nethmi Perera
SH-009287,SR-26-02263,Submitted,Approved,2026-09-06,Nethmi Perera
SH-009288,SR-26-02263,Approved,In Progress,2026-09-10,Nethmi Perera
SH-009289,SR-26-02263,In Progress,QC,2026-09-15,Nethmi Perera
SH-009290,SR-26-02263,QC,Completed,2026-09-19,Nethmi Perera
SH-009291,SR-26-02264,Submitted,Approved,2026-09-08,Kavindu Fernando
SH-009292,SR-26-02264,Approved,In Progress,2026-09-13,Kavindu Fernando
SH-009293,SR-26-02264,In Progress,QC,2026-09-18,Kavindu Fernando
SH-009294,SR-26-02264,QC,Completed,2026-09-24,Kavindu Fernando
SH-009295,SR-26-02265,Submitted,Approved,2026-09-02,Dulani Jayasuriya
SH-009296,SR-26-02265,Approved,In Progress,2026-09-03,Dulani Jayasuriya
SH-009297,SR-26-02265,In Progress,QC,2026-09-04,Dulani Jayasuriya
SH-009298,SR-26-02265,QC,Completed,2026-09-04,Dulani Jayasuriya
SH-009299,SR-26-02266,Submitted,Approved,2026-09-03,Dulani Jayasuriya
SH-009300,SR-26-02266,Approved,In Progress,2026-09-04,Dulani Jayasuriya
SH-009301,SR-26-02266,In Progress,QC,2026-09-06,Dulani Jayasuriya
SH-009302,SR-26-02266,QC,Completed,2026-09-07,Dulani Jayasuriya
SH-009303,SR-26-02267,Submitted,Approved,2026-09-08,Nethmi Perera
SH-009304,SR-26-02267,Approved,In Progress,2026-09-14,Nethmi Perera
SH-009305,SR-26-02267,In Progress,QC,2026-09-21,Nethmi Perera
SH-009306,SR-26-02267,QC,Completed,2026-09-27,Nethmi Perera
SH-009307,SR-26-02268,Submitted,Approved,2026-09-05,Nethmi Perera
SH-009308,SR-26-02268,Approved,In Progress,2026-09-07,Nethmi Perera
SH-009309,SR-26-02268,In Progress,QC,2026-09-09,Nethmi Perera
SH-009310,SR-26-02268,QC,Completed,2026-09-11,Nethmi Perera
SH-009311,SR-26-02269,Submitted,Approved,2026-09-03,Sachini Silva
SH-009312,SR-26-02269,Approved,In Progress,2026-09-03,Sachini Silva
SH-009313,SR-26-02269,In Progress,QC,2026-09-04,Sachini Silva
SH-009314,SR-26-02269,QC,Completed,2026-09-04,Sachini Silva
SH-009315,SR-26-02270,Submitted,Approved,2026-09-04,Sachini Silva
SH-009316,SR-26-02270,Approved,In Progress,2026-09-05,Sachini Silva
SH-009317,SR-26-02270,In Progress,QC,2026-09-05,Sachini Silva
SH-009318,SR-26-02270,QC,Completed,2026-09-06,Sachini Silva
SH-009319,SR-26-02271,Submitted,Approved,2026-09-04,Kavindu Fernando
SH-009320,SR-26-02271,Approved,In Progress,2026-09-05,Kavindu Fernando
SH-009321,SR-26-02271,In Progress,QC,2026-09-05,Kavindu Fernando
SH-009322,SR-26-02271,QC,Completed,2026-09-06,Kavindu Fernando
SH-009323,SR-26-02272,Submitted,Approved,2026-09-04,Sachini Silva
SH-009324,SR-26-02272,Approved,In Progress,2026-09-05,Sachini Silva
SH-009325,SR-26-02272,In Progress,QC,2026-09-07,Sachini Silva
SH-009326,SR-26-02272,QC,Completed,2026-09-08,Sachini Silva
SH-009327,SR-26-02273,Submitted,Approved,2026-09-05,Nethmi Perera
SH-009328,SR-26-02273,Approved,In Progress,2026-09-06,Nethmi Perera
SH-009329,SR-26-02273,In Progress,QC,2026-09-07,Nethmi Perera
SH-009330,SR-26-02273,QC,Completed,2026-09-09,Nethmi Perera
SH-009331,SR-26-02274,Submitted,Approved,2026-09-05,Sachini Silva
SH-009332,SR-26-02274,Approved,In Progress,2026-09-06,Sachini Silva
SH-009333,SR-26-02274,In Progress,QC,2026-09-07,Sachini Silva
SH-009334,SR-26-02274,QC,Completed,2026-09-08,Sachini Silva
SH-009335,SR-26-02275,Submitted,Approved,2026-09-06,Ashen Rathnayake
SH-009336,SR-26-02275,Approved,In Progress,2026-09-08,Ashen Rathnayake
SH-009337,SR-26-02275,In Progress,QC,2026-09-10,Ashen Rathnayake
SH-009338,SR-26-02275,QC,Completed,2026-09-12,Ashen Rathnayake
SH-009339,SR-26-02276,Submitted,Approved,2026-09-10,Nethmi Perera
SH-009340,SR-26-02276,Approved,In Progress,2026-09-15,Nethmi Perera
SH-009341,SR-26-02276,In Progress,QC,2026-09-20,Nethmi Perera
SH-009342,SR-26-02276,QC,Completed,2026-09-26,Nethmi Perera
SH-009343,SR-26-02277,Submitted,Approved,2026-09-06,Ashen Rathnayake
SH-009344,SR-26-02277,Approved,In Progress,2026-09-07,Ashen Rathnayake
SH-009345,SR-26-02277,In Progress,QC,2026-09-08,Ashen Rathnayake
SH-009346,SR-26-02277,QC,Completed,2026-09-10,Ashen Rathnayake
SH-009347,SR-26-02278,Submitted,Approved,2026-09-08,Ashen Rathnayake
SH-009348,SR-26-02278,Approved,In Progress,2026-09-12,Ashen Rathnayake
SH-009349,SR-26-02278,In Progress,QC,2026-09-17,Ashen Rathnayake
SH-009350,SR-26-02278,QC,Completed,2026-09-21,Ashen Rathnayake
SH-009351,SR-26-02279,Submitted,Approved,2026-09-05,Kavindu Fernando
SH-009352,SR-26-02279,Approved,In Progress,2026-09-06,Kavindu Fernando
SH-009353,SR-26-02279,In Progress,QC,2026-09-06,Kavindu Fernando
SH-009354,SR-26-02279,QC,Completed,2026-09-07,Kavindu Fernando
SH-009355,SR-26-02280,Submitted,Approved,2026-09-06,Dulani Jayasuriya
SH-009356,SR-26-02280,Approved,In Progress,2026-09-07,Dulani Jayasuriya
SH-009357,SR-26-02280,In Progress,QC,2026-09-08,Dulani Jayasuriya
SH-009358,SR-26-02280,QC,Completed,2026-09-09,Dulani Jayasuriya
SH-009359,SR-26-02281,Submitted,Approved,2026-09-07,Kavindu Fernando
SH-009360,SR-26-02281,Approved,In Progress,2026-09-09,Kavindu Fernando
SH-009361,SR-26-02281,In Progress,QC,2026-09-10,Kavindu Fernando
SH-009362,SR-26-02281,QC,Completed,2026-09-12,Kavindu Fernando
SH-009363,SR-26-02282,Submitted,Approved,2026-09-09,Ashen Rathnayake
SH-009364,SR-26-02282,Approved,In Progress,2026-09-13,Ashen Rathnayake
SH-009365,SR-26-02282,In Progress,QC,2026-09-16,Ashen Rathnayake
SH-009366,SR-26-02282,QC,Completed,2026-09-20,Ashen Rathnayake
SH-009367,SR-26-02283,Submitted,Approved,2026-09-07,Hiruni Gunasekara
SH-009368,SR-26-02283,Approved,In Progress,2026-09-09,Hiruni Gunasekara
SH-009369,SR-26-02283,In Progress,QC,2026-09-12,Hiruni Gunasekara
SH-009370,SR-26-02283,QC,Completed,2026-09-14,Hiruni Gunasekara
SH-009371,SR-26-02284,Submitted,Approved,2026-09-09,Ashen Rathnayake
SH-009372,SR-26-02284,Approved,In Progress,2026-09-13,Ashen Rathnayake
SH-009373,SR-26-02284,In Progress,QC,2026-09-17,Ashen Rathnayake
SH-009374,SR-26-02284,QC,Completed,2026-09-21,Ashen Rathnayake
SH-009375,SR-26-02285,Submitted,Approved,2026-09-07,Nethmi Perera
SH-009376,SR-26-02285,Approved,In Progress,2026-09-08,Nethmi Perera
SH-009377,SR-26-02285,In Progress,QC,2026-09-09,Nethmi Perera
SH-009378,SR-26-02285,QC,Completed,2026-09-11,Nethmi Perera
SH-009379,SR-26-02286,Submitted,Approved,2026-09-06,Sachini Silva
SH-009380,SR-26-02286,Approved,In Progress,2026-09-07,Sachini Silva
SH-009381,SR-26-02286,In Progress,QC,2026-09-08,Sachini Silva
SH-009382,SR-26-02286,QC,Completed,2026-09-09,Sachini Silva
SH-009383,SR-26-02287,Submitted,Approved,2026-09-08,Nethmi Perera
SH-009384,SR-26-02287,Approved,In Progress,2026-09-09,Nethmi Perera
SH-009385,SR-26-02287,In Progress,QC,2026-09-11,Nethmi Perera
SH-009386,SR-26-02287,QC,Completed,2026-09-12,Nethmi Perera
SH-009387,SR-26-02288,Submitted,Approved,2026-09-09,Sachini Silva
SH-009388,SR-26-02288,Approved,In Progress,2026-09-11,Sachini Silva
SH-009389,SR-26-02288,In Progress,QC,2026-09-12,Sachini Silva
SH-009390,SR-26-02288,QC,Completed,2026-09-14,Sachini Silva
SH-009391,SR-26-02289,Submitted,Approved,2026-09-08,Dulani Jayasuriya
SH-009392,SR-26-02289,Approved,In Progress,2026-09-09,Dulani Jayasuriya
SH-009393,SR-26-02289,In Progress,QC,2026-09-10,Dulani Jayasuriya
SH-009394,SR-26-02289,QC,Completed,2026-09-11,Dulani Jayasuriya
SH-009395,SR-26-02290,Submitted,Approved,2026-09-12,Kavindu Fernando
SH-009396,SR-26-02290,Approved,In Progress,2026-09-17,Kavindu Fernando
SH-009397,SR-26-02290,In Progress,QC,2026-09-22,Kavindu Fernando
SH-009398,SR-26-02290,QC,Completed,2026-09-26,Kavindu Fernando
SH-009399,SR-26-02291,Submitted,Approved,2026-09-10,Kavindu Fernando
SH-009400,SR-26-02291,Approved,In Progress,2026-09-12,Kavindu Fernando
SH-009401,SR-26-02291,In Progress,QC,2026-09-15,Kavindu Fernando
SH-009402,SR-26-02291,QC,Completed,2026-09-17,Kavindu Fernando
SH-009403,SR-26-02292,Submitted,Approved,2026-09-10,Ashen Rathnayake
SH-009404,SR-26-02292,Approved,In Progress,2026-09-11,Ashen Rathnayake
SH-009405,SR-26-02292,In Progress,QC,2026-09-11,Ashen Rathnayake
SH-009406,SR-26-02292,QC,Completed,2026-09-12,Ashen Rathnayake
SH-009407,SR-26-02293,Submitted,Approved,2026-09-11,Nethmi Perera
SH-009408,SR-26-02293,Approved,In Progress,2026-09-13,Nethmi Perera
SH-009409,SR-26-02293,In Progress,QC,2026-09-14,Nethmi Perera
SH-009410,SR-26-02293,QC,Completed,2026-09-16,Nethmi Perera
SH-009411,SR-26-02294,Submitted,Approved,2026-09-09,Kavindu Fernando
SH-009412,SR-26-02294,Approved,In Progress,2026-09-10,Kavindu Fernando
SH-009413,SR-26-02294,In Progress,QC,2026-09-11,Kavindu Fernando
SH-009414,SR-26-02294,QC,Completed,2026-09-11,Kavindu Fernando
SH-009415,SR-26-02295,Submitted,Approved,2026-09-14,Ashen Rathnayake
SH-009416,SR-26-02295,Approved,In Progress,2026-09-19,Ashen Rathnayake
SH-009417,SR-26-02295,In Progress,QC,2026-09-25,Ashen Rathnayake
SH-009418,SR-26-02295,QC,Completed,2026-09-30,Ashen Rathnayake
SH-009419,SR-26-02296,Submitted,Approved,2026-09-10,Ashen Rathnayake
SH-009420,SR-26-02296,Approved,In Progress,2026-09-11,Ashen Rathnayake
SH-009421,SR-26-02296,In Progress,QC,2026-09-13,Ashen Rathnayake
SH-009422,SR-26-02296,QC,Completed,2026-09-14,Ashen Rathnayake
SH-009423,SR-26-02297,Submitted,Approved,2026-09-11,Ashen Rathnayake
SH-009424,SR-26-02297,Approved,In Progress,2026-09-13,Ashen Rathnayake
SH-009425,SR-26-02297,In Progress,QC,2026-09-15,Ashen Rathnayake
SH-009426,SR-26-02297,QC,Completed,2026-09-17,Ashen Rathnayake
SH-009427,SR-26-02298,Submitted,Approved,2026-09-11,Dulani Jayasuriya
SH-009428,SR-26-02298,Approved,In Progress,2026-09-13,Dulani Jayasuriya
SH-009429,SR-26-02298,In Progress,QC,2026-09-16,Dulani Jayasuriya
SH-009430,SR-26-02298,QC,Completed,2026-09-18,Dulani Jayasuriya
SH-009431,SR-26-02299,Submitted,Approved,2026-09-11,Nethmi Perera
SH-009432,SR-26-02299,Approved,In Progress,2026-09-12,Nethmi Perera
SH-009433,SR-26-02299,In Progress,QC,2026-09-13,Nethmi Perera
SH-009434,SR-26-02299,QC,Completed,2026-09-15,Nethmi Perera
SH-009435,SR-26-02300,Submitted,Approved,2026-09-11,Nethmi Perera
SH-009436,SR-26-02300,Approved,In Progress,2026-09-13,Nethmi Perera
SH-009437,SR-26-02300,In Progress,QC,2026-09-14,Nethmi Perera
SH-009438,SR-26-02300,QC,Completed,2026-09-16,Nethmi Perera
SH-009439,SR-26-02301,Submitted,Approved,2026-09-11,Dulani Jayasuriya
SH-009440,SR-26-02301,Approved,In Progress,2026-09-12,Dulani Jayasuriya
SH-009441,SR-26-02301,In Progress,QC,2026-09-12,Dulani Jayasuriya
SH-009442,SR-26-02301,QC,Completed,2026-09-13,Dulani Jayasuriya
SH-009443,SR-26-02302,Submitted,Approved,2026-09-11,Hiruni Gunasekara
SH-009444,SR-26-02302,Approved,In Progress,2026-09-12,Hiruni Gunasekara
SH-009445,SR-26-02302,In Progress,QC,2026-09-12,Hiruni Gunasekara
SH-009446,SR-26-02302,QC,Completed,2026-09-13,Hiruni Gunasekara
SH-009447,SR-26-02303,Submitted,Approved,2026-09-14,Ashen Rathnayake
SH-009448,SR-26-02303,Approved,In Progress,2026-09-19,Ashen Rathnayake
SH-009449,SR-26-02303,In Progress,QC,2026-09-24,Ashen Rathnayake
SH-009450,SR-26-02303,QC,Completed,2026-09-28,Ashen Rathnayake
SH-009451,SR-26-02304,Submitted,Approved,2026-09-12,Sachini Silva
SH-009452,SR-26-02304,Approved,In Progress,2026-09-13,Sachini Silva
SH-009453,SR-26-02304,In Progress,QC,2026-09-14,Sachini Silva
SH-009454,SR-26-02304,QC,Completed,2026-09-16,Sachini Silva
SH-009455,SR-26-02305,Submitted,Approved,2026-09-15,Nethmi Perera
SH-009456,SR-26-02305,Approved,In Progress,2026-09-19,Nethmi Perera
SH-009457,SR-26-02305,In Progress,QC,2026-09-23,Nethmi Perera
SH-009458,SR-26-02305,QC,Completed,2026-09-27,Nethmi Perera
SH-009459,SR-26-02306,Submitted,Approved,2026-09-16,Kavindu Fernando
SH-009460,SR-26-02306,Approved,In Progress,2026-09-21,Kavindu Fernando
SH-009461,SR-26-02306,In Progress,QC,2026-09-27,Kavindu Fernando
SH-009462,SR-26-02306,QC,Completed,2026-10-02,Kavindu Fernando
SH-009463,SR-26-02307,Submitted,Approved,2026-09-17,Kavindu Fernando
SH-009464,SR-26-02307,Approved,In Progress,2026-09-22,Kavindu Fernando
SH-009465,SR-26-02307,In Progress,QC,2026-09-27,Kavindu Fernando
SH-009466,SR-26-02308,Submitted,Approved,2026-09-13,Sachini Silva
SH-009467,SR-26-02308,Approved,In Progress,2026-09-15,Sachini Silva
SH-009468,SR-26-02308,In Progress,QC,2026-09-16,Sachini Silva
SH-009469,SR-26-02308,QC,Completed,2026-09-18,Sachini Silva
SH-009470,SR-26-02309,Submitted,Approved,2026-09-14,Hiruni Gunasekara
SH-009471,SR-26-02309,Approved,In Progress,2026-09-15,Hiruni Gunasekara
SH-009472,SR-26-02309,In Progress,QC,2026-09-16,Hiruni Gunasekara
SH-009473,SR-26-02309,QC,Completed,2026-09-18,Hiruni Gunasekara
SH-009474,SR-26-02310,Submitted,Approved,2026-09-14,Ashen Rathnayake
SH-009475,SR-26-02310,Approved,In Progress,2026-09-16,Ashen Rathnayake
SH-009476,SR-26-02310,In Progress,QC,2026-09-18,Ashen Rathnayake
SH-009477,SR-26-02310,QC,Completed,2026-09-20,Ashen Rathnayake
SH-009478,SR-26-02311,Submitted,Approved,2026-09-16,Ashen Rathnayake
SH-009479,SR-26-02311,Approved,In Progress,2026-09-18,Ashen Rathnayake
SH-009480,SR-26-02311,In Progress,QC,2026-09-19,Ashen Rathnayake
SH-009481,SR-26-02311,QC,Completed,2026-09-21,Ashen Rathnayake
SH-009482,SR-26-02312,Submitted,Approved,2026-09-16,Kavindu Fernando
SH-009483,SR-26-02312,Approved,In Progress,2026-09-17,Kavindu Fernando
SH-009484,SR-26-02312,In Progress,QC,2026-09-18,Kavindu Fernando
SH-009485,SR-26-02312,QC,Completed,2026-09-20,Kavindu Fernando
SH-009486,SR-26-02313,Submitted,Approved,2026-09-17,Nethmi Perera
SH-009487,SR-26-02313,Approved,In Progress,2026-09-18,Nethmi Perera
SH-009488,SR-26-02313,In Progress,QC,2026-09-19,Nethmi Perera
SH-009489,SR-26-02313,QC,Completed,2026-09-21,Nethmi Perera
SH-009490,SR-26-02314,Submitted,Approved,2026-09-17,Ashen Rathnayake
SH-009491,SR-26-02314,Approved,In Progress,2026-09-18,Ashen Rathnayake
SH-009492,SR-26-02314,In Progress,QC,2026-09-19,Ashen Rathnayake
SH-009493,SR-26-02314,QC,Completed,2026-09-21,Ashen Rathnayake
SH-009494,SR-26-02315,Submitted,Approved,2026-09-16,Nethmi Perera
SH-009495,SR-26-02315,Approved,In Progress,2026-09-17,Nethmi Perera
SH-009496,SR-26-02315,In Progress,QC,2026-09-17,Nethmi Perera
SH-009497,SR-26-02315,QC,Completed,2026-09-18,Nethmi Perera
SH-009498,SR-26-02316,Submitted,Approved,2026-09-19,Nethmi Perera
SH-009499,SR-26-02316,Approved,In Progress,2026-09-23,Nethmi Perera
SH-009500,SR-26-02316,In Progress,QC,2026-09-27,Nethmi Perera
SH-009501,SR-26-02316,QC,Completed,2026-10-01,Nethmi Perera
SH-009502,SR-26-02317,Submitted,Approved,2026-09-17,Kavindu Fernando
SH-009503,SR-26-02317,Approved,In Progress,2026-09-20,Kavindu Fernando
SH-009504,SR-26-02317,In Progress,QC,2026-09-23,Kavindu Fernando
SH-009505,SR-26-02317,QC,Completed,2026-09-25,Kavindu Fernando
SH-009506,SR-26-02318,Submitted,Approved,2026-09-17,Ashen Rathnayake
SH-009507,SR-26-02318,Approved,In Progress,2026-09-18,Ashen Rathnayake
SH-009508,SR-26-02318,In Progress,QC,2026-09-20,Ashen Rathnayake
SH-009509,SR-26-02318,QC,Rework,2026-09-22,Ashen Rathnayake
SH-009510,SR-26-02318,Rework,QC,2026-09-23,Ashen Rathnayake
SH-009511,SR-26-02318,QC,Completed,2026-09-25,Ashen Rathnayake
SH-009512,SR-26-02319,Submitted,Approved,2026-09-16,Kavindu Fernando
SH-009513,SR-26-02319,Approved,In Progress,2026-09-17,Kavindu Fernando
SH-009514,SR-26-02319,In Progress,QC,2026-09-19,Kavindu Fernando
SH-009515,SR-26-02319,QC,Completed,2026-09-20,Kavindu Fernando
SH-009516,SR-26-02320,Submitted,Approved,2026-09-17,Sachini Silva
SH-009517,SR-26-02320,Approved,In Progress,2026-09-18,Sachini Silva
SH-009518,SR-26-02320,In Progress,QC,2026-09-18,Sachini Silva
SH-009519,SR-26-02320,QC,Completed,2026-09-19,Sachini Silva
SH-009520,SR-26-02321,Submitted,Approved,2026-09-22,Sachini Silva
SH-009521,SR-26-02321,Approved,In Progress,2026-09-28,Sachini Silva
SH-009522,SR-26-02322,Submitted,Approved,2026-09-16,Kavindu Fernando
SH-009523,SR-26-02322,Approved,In Progress,2026-09-16,Kavindu Fernando
SH-009524,SR-26-02322,In Progress,QC,2026-09-17,Kavindu Fernando
SH-009525,SR-26-02322,QC,Completed,2026-09-17,Kavindu Fernando
SH-009526,SR-26-02323,Submitted,Approved,2026-09-18,Nethmi Perera
SH-009527,SR-26-02323,Approved,In Progress,2026-09-20,Nethmi Perera
SH-009528,SR-26-02323,In Progress,QC,2026-09-22,Nethmi Perera
SH-009529,SR-26-02323,QC,Completed,2026-09-24,Nethmi Perera
SH-009530,SR-26-02324,Submitted,Approved,2026-09-23,Hiruni Gunasekara
SH-009531,SR-26-02324,Approved,In Progress,2026-09-28,Hiruni Gunasekara
SH-009532,SR-26-02325,Submitted,Approved,2026-09-23,Hiruni Gunasekara
SH-009533,SR-26-02325,Approved,In Progress,2026-09-29,Hiruni Gunasekara
SH-009534,SR-26-02326,Submitted,Approved,2026-09-24,Sachini Silva
SH-009535,SR-26-02326,Approved,In Progress,2026-09-30,Sachini Silva
SH-009536,SR-26-02327,Submitted,Approved,2026-09-20,Hiruni Gunasekara
SH-009537,SR-26-02327,Approved,In Progress,2026-09-21,Hiruni Gunasekara
SH-009538,SR-26-02327,In Progress,QC,2026-09-22,Hiruni Gunasekara
SH-009539,SR-26-02327,QC,Completed,2026-09-24,Hiruni Gunasekara
SH-009540,SR-26-02328,Submitted,Approved,2026-09-24,Sachini Silva
SH-009541,SR-26-02328,Approved,In Progress,2026-09-30,Sachini Silva
SH-009542,SR-26-02329,Submitted,Approved,2026-09-23,Sachini Silva
SH-009543,SR-26-02329,Approved,In Progress,2026-09-28,Sachini Silva
SH-009544,SR-26-02330,Submitted,Approved,2026-09-24,Sachini Silva
SH-009545,SR-26-02330,Approved,In Progress,2026-09-30,Sachini Silva
SH-009546,SR-26-02331,Submitted,Approved,2026-09-25,Sachini Silva
SH-009547,SR-26-02331,Approved,In Progress,2026-10-02,Sachini Silva
SH-009548,SR-26-02332,Submitted,Approved,2026-09-19,Hiruni Gunasekara
SH-009549,SR-26-02332,Approved,In Progress,2026-09-20,Hiruni Gunasekara
SH-009550,SR-26-02332,In Progress,QC,2026-09-21,Hiruni Gunasekara
SH-009551,SR-26-02332,QC,Completed,2026-09-22,Hiruni Gunasekara
SH-009552,SR-26-02333,Submitted,Approved,2026-09-25,Hiruni Gunasekara
SH-009553,SR-26-02333,Approved,In Progress,2026-10-01,Hiruni Gunasekara
SH-009554,SR-26-02334,Submitted,Approved,2026-09-20,Dulani Jayasuriya
SH-009555,SR-26-02334,Approved,In Progress,2026-09-21,Dulani Jayasuriya
SH-009556,SR-26-02334,In Progress,QC,2026-09-21,Dulani Jayasuriya
SH-009557,SR-26-02334,QC,Completed,2026-09-22,Dulani Jayasuriya
SH-009558,SR-26-02335,Submitted,Approved,2026-09-20,Nethmi Perera
SH-009559,SR-26-02335,Approved,In Progress,2026-09-21,Nethmi Perera
SH-009560,SR-26-02335,In Progress,QC,2026-09-21,Nethmi Perera
SH-009561,SR-26-02335,QC,Completed,2026-09-22,Nethmi Perera
SH-009562,SR-26-02336,Submitted,Approved,2026-09-20,Dulani Jayasuriya
SH-009563,SR-26-02336,Approved,In Progress,2026-09-21,Dulani Jayasuriya
SH-009564,SR-26-02336,In Progress,QC,2026-09-23,Dulani Jayasuriya
SH-009565,SR-26-02336,QC,Completed,2026-09-24,Dulani Jayasuriya
SH-009566,SR-26-02337,Submitted,Approved,2026-09-25,Sachini Silva
SH-009567,SR-26-02337,Approved,In Progress,2026-10-01,Sachini Silva
SH-009568,SR-26-02338,Submitted,Approved,2026-09-27,Dulani Jayasuriya
SH-009569,SR-26-02339,Submitted,Approved,2026-09-25,Ashen Rathnayake
SH-009570,SR-26-02339,Approved,In Progress,2026-09-29,Ashen Rathnayake
SH-009571,SR-26-02340,Submitted,Approved,2026-09-21,Kavindu Fernando
SH-009572,SR-26-02340,Approved,In Progress,2026-09-22,Kavindu Fernando
SH-009573,SR-26-02340,In Progress,QC,2026-09-23,Kavindu Fernando
SH-009574,SR-26-02340,QC,Completed,2026-09-23,Kavindu Fernando
SH-009575,SR-26-02341,Submitted,Approved,2026-09-22,Sachini Silva
SH-009576,SR-26-02341,Approved,In Progress,2026-09-23,Sachini Silva
SH-009577,SR-26-02341,In Progress,QC,2026-09-24,Sachini Silva
SH-009578,SR-26-02341,QC,Completed,2026-09-25,Sachini Silva
SH-009579,SR-26-02342,Submitted,Approved,2026-09-23,Ashen Rathnayake
SH-009580,SR-26-02342,Approved,In Progress,2026-09-25,Ashen Rathnayake
SH-009581,SR-26-02342,In Progress,QC,2026-09-27,Ashen Rathnayake
SH-009582,SR-26-02342,QC,Completed,2026-09-29,Ashen Rathnayake
SH-009583,SR-26-02343,Submitted,Approved,2026-09-23,Kavindu Fernando
SH-009584,SR-26-02343,Approved,In Progress,2026-09-26,Kavindu Fernando
SH-009585,SR-26-02343,In Progress,QC,2026-09-29,Kavindu Fernando
SH-009586,SR-26-02343,QC,Completed,2026-10-01,Kavindu Fernando
SH-009587,SR-26-02344,Submitted,Approved,2026-09-23,Ashen Rathnayake
SH-009588,SR-26-02344,Approved,In Progress,2026-09-24,Ashen Rathnayake
SH-009589,SR-26-02344,In Progress,QC,2026-09-24,Ashen Rathnayake
SH-009590,SR-26-02344,QC,Completed,2026-09-25,Ashen Rathnayake
SH-009591,SR-26-02345,Submitted,Approved,2026-09-24,Nethmi Perera
SH-009592,SR-26-02345,Approved,In Progress,2026-09-26,Nethmi Perera
SH-009593,SR-26-02345,In Progress,QC,2026-09-29,Nethmi Perera
SH-009594,SR-26-02345,QC,Completed,2026-10-01,Nethmi Perera
SH-009595,SR-26-02346,Submitted,Approved,2026-09-24,Kavindu Fernando
SH-009596,SR-26-02346,Approved,In Progress,2026-09-25,Kavindu Fernando
SH-009597,SR-26-02346,In Progress,QC,2026-09-26,Kavindu Fernando
SH-009598,SR-26-02346,QC,Completed,2026-09-28,Kavindu Fernando
SH-009599,SR-26-02347,Submitted,Approved,2026-09-29,Sachini Silva
SH-009600,SR-26-02348,Submitted,Approved,2026-09-22,Ashen Rathnayake
SH-009601,SR-26-02348,Approved,In Progress,2026-09-23,Ashen Rathnayake
SH-009602,SR-26-02348,In Progress,QC,2026-09-24,Ashen Rathnayake
SH-009603,SR-26-02348,QC,Completed,2026-09-24,Ashen Rathnayake
SH-009604,SR-26-02349,Submitted,Approved,2026-09-24,Nethmi Perera
SH-009605,SR-26-02349,Approved,In Progress,2026-09-25,Nethmi Perera
SH-009606,SR-26-02349,In Progress,QC,2026-09-25,Nethmi Perera
SH-009607,SR-26-02349,QC,Completed,2026-09-26,Nethmi Perera
SH-009608,SR-26-02350,Submitted,Approved,2026-09-25,Sachini Silva
SH-009609,SR-26-02350,Approved,In Progress,2026-09-27,Sachini Silva
SH-009610,SR-26-02350,In Progress,QC,2026-09-29,Sachini Silva
SH-009611,SR-26-02350,QC,Completed,2026-10-01,Sachini Silva
SH-009612,SR-26-02351,Submitted,Approved,2026-09-28,Sachini Silva
SH-009613,SR-26-02352,Submitted,Approved,2026-09-27,Ashen Rathnayake
SH-009614,SR-26-02352,Approved,In Progress,2026-09-30,Ashen Rathnayake
SH-009615,SR-26-02353,Submitted,Approved,2026-09-25,Hiruni Gunasekara
SH-009616,SR-26-02353,Approved,In Progress,2026-09-26,Hiruni Gunasekara
SH-009617,SR-26-02353,In Progress,QC,2026-09-28,Hiruni Gunasekara
SH-009618,SR-26-02353,QC,Rework,2026-09-30,Hiruni Gunasekara
SH-009619,SR-26-02354,Submitted,Approved,2026-09-24,Hiruni Gunasekara
SH-009620,SR-26-02354,Approved,In Progress,2026-09-25,Hiruni Gunasekara
SH-009621,SR-26-02354,In Progress,QC,2026-09-27,Hiruni Gunasekara
SH-009622,SR-26-02354,QC,Completed,2026-09-28,Hiruni Gunasekara
SH-009623,SR-26-02355,Submitted,Approved,2026-09-24,Dulani Jayasuriya
SH-009624,SR-26-02355,Approved,In Progress,2026-09-25,Dulani Jayasuriya
SH-009625,SR-26-02355,In Progress,QC,2026-09-25,Dulani Jayasuriya
SH-009626,SR-26-02355,QC,Completed,2026-09-26,Dulani Jayasuriya
SH-009627,SR-26-02356,Submitted,Approved,2026-09-26,Kavindu Fernando
SH-009628,SR-26-02356,Approved,In Progress,2026-09-27,Kavindu Fernando
SH-009629,SR-26-02356,In Progress,QC,2026-09-28,Kavindu Fernando
SH-009630,SR-26-02356,QC,Completed,2026-09-30,Kavindu Fernando
SH-009631,SR-26-02357,Submitted,Approved,2026-09-26,Sachini Silva
SH-009632,SR-26-02357,Approved,In Progress,2026-09-28,Sachini Silva
SH-009633,SR-26-02357,In Progress,QC,2026-09-29,Sachini Silva
SH-009634,SR-26-02357,QC,Completed,2026-10-01,Sachini Silva
SH-009635,SR-26-02358,Submitted,Approved,2026-09-25,Sachini Silva
SH-009636,SR-26-02358,Approved,In Progress,2026-09-26,Sachini Silva
SH-009637,SR-26-02358,In Progress,QC,2026-09-26,Sachini Silva
SH-009638,SR-26-02358,QC,Completed,2026-09-27,Sachini Silva
SH-009639,SR-26-02359,Submitted,Approved,2026-09-25,Kavindu Fernando
SH-009640,SR-26-02359,Approved,In Progress,2026-09-26,Kavindu Fernando
SH-009641,SR-26-02359,In Progress,QC,2026-09-26,Kavindu Fernando
SH-009642,SR-26-02359,QC,Completed,2026-09-27,Kavindu Fernando
SH-009643,SR-26-02360,Submitted,Approved,2026-09-26,Kavindu Fernando
SH-009644,SR-26-02360,Approved,In Progress,2026-09-27,Kavindu Fernando
SH-009645,SR-26-02360,In Progress,QC,2026-09-28,Kavindu Fernando
SH-009646,SR-26-02360,QC,Completed,2026-09-30,Kavindu Fernando
SH-009647,SR-26-02361,Submitted,Approved,2026-09-30,Nethmi Perera
SH-009648,SR-26-02362,Submitted,Approved,2026-09-29,Sachini Silva
SH-009649,SR-26-02363,Submitted,Approved,2026-09-25,Hiruni Gunasekara
SH-009650,SR-26-02363,Approved,In Progress,2026-09-26,Hiruni Gunasekara
SH-009651,SR-26-02363,In Progress,QC,2026-09-28,Hiruni Gunasekara
SH-009652,SR-26-02363,QC,Rework,2026-09-29,Hiruni Gunasekara
SH-009653,SR-26-02363,Rework,QC,2026-09-30,Hiruni Gunasekara
SH-009654,SR-26-02363,QC,Completed,2026-10-01,Hiruni Gunasekara
SH-009655,SR-26-02364,Submitted,Approved,2026-09-26,Dulani Jayasuriya
SH-009656,SR-26-02364,Approved,In Progress,2026-09-27,Dulani Jayasuriya
SH-009657,SR-26-02364,In Progress,QC,2026-09-29,Dulani Jayasuriya
SH-009658,SR-26-02364,QC,Completed,2026-09-30,Dulani Jayasuriya
SH-009659,SR-26-02365,Submitted,Approved,2026-10-02,Sachini Silva
SH-009660,SR-26-02366,Submitted,Approved,2026-09-27,Kavindu Fernando
SH-009661,SR-26-02366,Approved,In Progress,2026-09-28,Kavindu Fernando
SH-009662,SR-26-02366,In Progress,QC,2026-09-29,Kavindu Fernando
SH-009663,SR-26-02366,QC,Completed,2026-10-01,Kavindu Fernando
SH-009664,SR-26-02367,Submitted,Approved,2026-09-26,Dulani Jayasuriya
SH-009665,SR-26-02367,Approved,In Progress,2026-09-27,Dulani Jayasuriya
SH-009666,SR-26-02367,In Progress,QC,2026-09-28,Dulani Jayasuriya
SH-009667,SR-26-02367,QC,Completed,2026-09-29,Dulani Jayasuriya
SH-009668,SR-26-02368,Submitted,Approved,2026-09-27,Nethmi Perera
SH-009669,SR-26-02368,Approved,In Progress,2026-09-28,Nethmi Perera
SH-009670,SR-26-02368,In Progress,QC,2026-09-30,Nethmi Perera
SH-009671,SR-26-02368,QC,Completed,2026-10-01,Nethmi Perera
SH-009672,SR-26-02369,Submitted,Approved,2026-09-28,Kavindu Fernando
SH-009673,SR-26-02369,Approved,In Progress,2026-09-29,Kavindu Fernando
SH-009674,SR-26-02369,In Progress,QC,2026-09-30,Kavindu Fernando
SH-009675,SR-26-02369,QC,Completed,2026-10-02,Kavindu Fernando
SH-009676,SR-26-02370,Submitted,Approved,2026-09-30,Sachini Silva
SH-009677,SR-26-02371,Submitted,Approved,2026-09-28,Hiruni Gunasekara
SH-009678,SR-26-02371,Approved,In Progress,2026-09-30,Hiruni Gunasekara
SH-009679,SR-26-02371,In Progress,QC,2026-10-01,Hiruni Gunasekara
SH-009680,SR-26-02372,Submitted,Approved,2026-09-27,Dulani Jayasuriya
SH-009681,SR-26-02372,Approved,In Progress,2026-09-28,Dulani Jayasuriya
SH-009682,SR-26-02372,In Progress,QC,2026-09-28,Dulani Jayasuriya
SH-009683,SR-26-02372,QC,Completed,2026-09-29,Dulani Jayasuriya
SH-009684,SR-26-02373,Submitted,Approved,2026-09-30,Ashen Rathnayake
SH-009685,SR-26-02374,Submitted,Approved,2026-09-28,Kavindu Fernando
SH-009686,SR-26-02374,Approved,In Progress,2026-09-30,Kavindu Fernando
SH-009687,SR-26-02374,In Progress,QC,2026-10-02,Kavindu Fernando
SH-009688,SR-26-02375,Submitted,Approved,2026-10-02,Ashen Rathnayake
SH-009689,SR-26-02376,Submitted,Approved,2026-10-02,Ashen Rathnayake
SH-009690,SR-26-02377,Submitted,Approved,2026-09-30,Ashen Rathnayake
SH-009691,SR-26-02377,Approved,In Progress,2026-10-02,Ashen Rathnayake
SH-009692,SR-26-02378,Submitted,Approved,2026-09-30,Dulani Jayasuriya
SH-009693,SR-26-02378,Approved,In Progress,2026-10-02,Dulani Jayasuriya
SH-009694,SR-26-02380,Submitted,Approved,2026-10-02,Kavindu Fernando
SH-009695,SR-26-02381,Submitted,Approved,2026-09-30,Kavindu Fernando
SH-009696,SR-26-02381,Approved,In Progress,2026-10-02,Kavindu Fernando
SH-009697,SR-26-02382,Submitted,Approved,2026-09-30,Ashen Rathnayake
SH-009698,SR-26-02382,Approved,In Progress,2026-10-02,Ashen Rathnayake
SH-009699,SR-26-02383,Submitted,Approved,2026-09-30,Sachini Silva
SH-009700,SR-26-02383,Approved,In Progress,2026-10-01,Sachini Silva
SH-009701,SR-26-02383,In Progress,QC,2026-10-02,Sachini Silva
SH-009702,SR-26-02384,Submitted,Approved,2026-09-30,Nethmi Perera
SH-009703,SR-26-02384,Approved,In Progress,2026-10-01,Nethmi Perera
SH-009704,SR-26-02385,Submitted,Approved,2026-09-30,Dulani Jayasuriya
SH-009705,SR-26-02385,Approved,In Progress,2026-10-01,Dulani Jayasuriya
SH-009706,SR-26-02385,In Progress,QC,2026-10-02,Dulani Jayasuriya
SH-009707,SR-26-02387,Submitted,Approved,2026-09-29,Ashen Rathnayake
SH-009708,SR-26-02387,Approved,In Progress,2026-09-30,Ashen Rathnayake
SH-009709,SR-26-02387,In Progress,QC,2026-10-01,Ashen Rathnayake
SH-009710,SR-26-02387,QC,Completed,2026-10-01,Ashen Rathnayake
SH-009711,SR-26-02388,Submitted,Approved,2026-10-01,Kavindu Fernando
SH-009712,SR-26-02388,Approved,In Progress,2026-10-02,Kavindu Fernando
SH-009713,SR-26-02389,Submitted,Approved,2026-09-30,Hiruni Gunasekara
SH-009714,SR-26-02389,Approved,In Progress,2026-10-01,Hiruni Gunasekara
SH-009715,SR-26-02389,In Progress,QC,2026-10-02,Hiruni Gunasekara
SH-009716,SR-26-02391,Submitted,Approved,2026-10-01,Dulani Jayasuriya
SH-009717,SR-26-02391,Approved,In Progress,2026-10-02,Dulani Jayasuriya
SH-009718,SR-26-02392,Submitted,Approved,2026-10-02,Ashen Rathnayake
SH-009719,SR-26-02394,Submitted,Approved,2026-10-02,Dulani Jayasuriya
SH-009720,SR-26-02395,Submitted,Approved,2026-10-01,Nethmi Perera
SH-009721,SR-26-02395,Approved,In Progress,2026-10-01,Nethmi Perera
SH-009722,SR-26-02395,In Progress,QC,2026-10-02,Nethmi Perera
SH-009723,SR-26-02395,QC,Completed,2026-10-02,Nethmi Perera
SH-009724,SR-26-02397,Submitted,Approved,2026-10-02,Hiruni Gunasekara
SH-009725,SR-26-02398,Submitted,Approved,2026-10-02,Nethmi Perera
SH-009726,SR-26-02399,Submitted,Approved,2026-10-01,Sachini Silva
SH-009727,SR-26-02399,Approved,In Progress,2026-10-02,Sachini Silva
SH-009728,SR-26-02400,Submitted,Approved,2026-10-02,Kavindu Fernando
